DateKey,ProductKey,CustomerKey,RegionKey,SalespersonKey,DepartmentKey,CurrencyKey,Quantity,Revenue,Cost,Profit,Budget,Forecast,ProductCode,ProductName,Category,StandardCost,ListPrice,CustomerCode,CustomerName,CustomerType,Industry,City,Country,CustomerSince,IsActive
20246737,168,2895,5,20,1,1,9,4537.84,3263.11,1274.73,4339.04,4403.51,P0168,Fuel Systems Product 168,Fuel Systems,192,876,C02895,Sanders LLC,OEM,Manufacturing,North Richard,Spain,2017-04-11,1
20245975,52,2570,5,39,9,1,2,2738.95,2278.89,460.06,2636.63,2622.44,P0052,Fuel Systems Product 52,Fuel Systems,458,683,C02570,"Cross, Fisher and Rivas",Distributor,Automotive,Morganburgh,Italy,2020-07-20,1
20227683,427,168,7,113,8,3,14,4958.28,3476.83,1481.45,4828.87,5063.67,P0427,Sensors Product 427,Sensors,314,409,C00168,Oliver LLC,OEM,Manufacturing,Pamelaburgh,Germany,2025-11-28,1
20248072,282,1956,1,117,10,5,8,2785.55,1832.58,952.97,2873.35,3048.32,P0282,Sensors Product 282,Sensors,228,207,C01956,Doyle Group,Distributor,Automotive,South Courtneyland,Netherlands,2017-08-02,1
20225959,34,4805,3,81,4,3,14,1216.23,855.86,360.37,1166.6,1221.26,P0034,Fuel Systems Product 34,Fuel Systems,67,719,C04805,Jones LLC,OEM,Transportation,South Derekton,Germany,2019-09-19,1
20250047,359,1107,1,51,8,2,12,3574.25,2409.85,1164.4,3473.64,3598.13,P0359,Filtration Product 359,Filtration,54,841,C01107,"Price, Nolan and Vasquez",OEM,Manufacturing,Juanberg,Belgium,2021-06-22,1
20251321,122,168,2,20,5,3,13,2898.64,2098.6,800.04,2852.97,3049.39,P0122,Electronics Product 122,Electronics,164,537,C00168,Oliver LLC,OEM,Manufacturing,Pamelaburgh,Germany,2025-11-28,1
20259360,72,3481,2,76,7,5,5,2546.98,1698.27,848.71,2575.91,2526.25,P0072,Filtration Product 72,Filtration,99,254,C03481,"Watts, Blake and Edwards",Distributor,Automotive,East Tiffany,Austria,2025-12-11,1
20233611,345,4237,8,10,10,5,10,4175.39,3062.47,1112.92,4056.45,4242.09,P0345,Electronics Product 345,Electronics,104,632,C04237,Chaney Group,OEM,Manufacturing,Brandonfurt,Poland,2020-10-07,1
20225203,231,1723,9,28,3,3,9,2530.31,1680.39,849.92,2506.18,2479.41,P0231,Fuel Systems Product 231,Fuel Systems,293,699,C01723,"Miller, Collins and Smith",OEM,Transportation,West William,Austria,2018-10-08,1
20247919,292,250,1,109,5,3,20,636.46,384.48,251.98,650.71,655.57,P0292,Aftertreatment Product 292,Aftertreatment,465,130,C00250,"Thomas, Newman and Beltran",OEM,Manufacturing,Blaketon,Sweden,2019-05-16,1
20241498,384,913,10,49,5,2,18,3684.34,2833.6,850.74,3824.17,3774.13,P0384,Filtration Product 384,Filtration,443,820,C00913,Wright PLC,Distributor,Automotive,Melissaland,Poland,2017-04-15,1
20240388,64,2512,4,64,10,4,8,4480.92,2837.97,1642.95,4334.71,4487.32,P0064,Cooling Systems Product 64,Cooling Systems,430,732,C02512,Saunders-Allen,Fleet,Transportation,South Natalie,Belgium,2021-02-24,1
20222777,283,290,5,25,1,2,5,2384.55,1665.1,719.45,2323.9,2283.83,P0283,Electronics Product 283,Electronics,313,844,C00290,"Mccoy, Elliott and Bennett",OEM,Automotive,Robertmouth,Germany,2018-11-07,1
20254845,214,2242,3,117,1,1,20,1991.55,1253.65,737.9,2058.56,2098.38,P0214,Cooling Systems Product 214,Cooling Systems,448,206,C02242,Tran and Sons,OEM,Manufacturing,Martinville,Poland,2018-06-14,1
20236580,283,2335,2,89,9,4,14,3996.16,3059.41,936.75,3908.94,4246.31,P0283,Electronics Product 283,Electronics,313,844,C02335,"Mccormick, Lambert and Rivera",Distributor,Manufacturing,Tylerbury,France,2019-07-08,1
20239316,13,2569,5,56,10,4,5,4426.45,3250.4,1176.05,4265.67,4238.82,P0013,Turbochargers Product 13,Turbochargers,289,541,C02569,Bryan-Ramos,Fleet,Manufacturing,Mendezfort,Spain,2026-02-27,1
20243540,457,1838,2,61,6,4,8,4471.15,3932.04,539.11,4301.5,4560.65,P0457,Filtration Product 457,Filtration,213,262,C01838,Buchanan Group,Distributor,Transportation,North Trevortown,Italy,2021-07-16,1
20239395,266,4436,2,107,3,3,2,1471.18,900.3,570.88,1472.3,1435.63,P0266,Aftertreatment Product 266,Aftertreatment,134,114,C04436,"Jackson, Meyers and Rogers",Distributor,Automotive,Mezastad,Spain,2025-07-25,1
20243689,108,4524,9,64,8,1,4,4403.22,2927.23,1475.99,4485.35,4581.01,P0108,Aftertreatment Product 108,Aftertreatment,472,808,C04524,Reyes and Sons,Distributor,Automotive,Port Robin,Italy,2023-05-29,1
20223779,476,4089,2,78,9,2,1,2285.26,1376.78,908.48,2342.26,2278.81,P0476,Sensors Product 476,Sensors,212,959,C04089,Davis Group,OEM,Transportation,Lopezbury,Spain,2024-01-25,1
20234594,389,2186,5,75,6,2,14,3814.28,2572.34,1241.94,3988.13,3811.03,P0389,Aftertreatment Product 389,Aftertreatment,339,386,C02186,"Clark, King and House",Distributor,Transportation,Saratown,France,2024-08-11,1
20238498,81,2395,8,115,2,5,20,1761.01,1407.43,353.58,1782.27,1808.38,P0081,Cooling Systems Product 81,Cooling Systems,246,679,C02395,"Schneider, Powers and Hensley",Fleet,Manufacturing,Lake Adamberg,Netherlands,2024-07-28,1
20258576,240,1613,9,40,5,3,6,1089.74,854.65,235.09,1051.76,1053.5,P0240,Turbochargers Product 240,Turbochargers,89,780,C01613,Patrick Ltd,OEM,Automotive,Evansville,Poland,2017-11-01,1
20223624,482,4336,9,54,1,5,17,964.57,624.46,340.11,1000.56,1045.08,P0482,Sensors Product 482,Sensors,192,982,C04336,"Arnold, Smith and Davis",Fleet,Automotive,North Josephton,Sweden,2018-06-26,1
20222134,166,2726,8,94,6,1,8,1593.89,1342.72,251.17,1555.95,1668.47,P0166,Filtration Product 166,Filtration,399,723,C02726,"Blake, Graham and Farmer",Fleet,Transportation,West Kathrynville,Belgium,2018-07-02,1
20254592,307,3460,8,45,10,5,19,1093.76,852.6,241.16,1138.16,1140.54,P0307,Fuel Systems Product 307,Fuel Systems,324,670,C03460,Walker PLC,OEM,Automotive,Bradburgh,France,2022-05-22,1
20230945,254,4684,4,50,10,2,14,4317.13,3763.37,553.76,4469.62,4410.41,P0254,Sensors Product 254,Sensors,174,101,C04684,Cross Ltd,Fleet,Manufacturing,South Joanfurt,Spain,2023-09-08,1
20243969,209,2267,1,114,10,3,1,4660.22,2950.59,1709.63,4868.7,5047.55,P0209,Sensors Product 209,Sensors,299,388,C02267,Berg Ltd,OEM,Manufacturing,East Jennifer,Germany,2024-12-07,1
20225552,270,3886,3,61,4,4,9,560.37,363.42,196.95,560.3,573.79,P0270,Filtration Product 270,Filtration,334,441,C03886,"Chandler, Pitts and Nguyen",Fleet,Automotive,Jacksonmouth,Poland,2023-05-12,1
20234027,377,4404,5,113,8,4,20,4498.35,3335.3,1163.05,4460.39,4294.31,P0377,Electronics Product 377,Electronics,179,258,C04404,Frye Group,OEM,Automotive,Lake Vanessa,Belgium,2017-11-11,1
20243183,384,3748,4,110,7,3,20,1554.7,1100.83,453.87,1596.15,1647.74,P0384,Filtration Product 384,Filtration,443,820,C03748,Lopez-Martinez,OEM,Automotive,West Jasonborough,Belgium,2023-09-16,1
20258204,23,3062,7,89,8,2,2,602.96,394.41,208.55,578.16,580.96,P0023,Filtration Product 23,Filtration,188,256,C03062,"Smith, Harper and Fuller",OEM,Transportation,West Adriennehaven,Sweden,2024-12-12,1
20255425,190,3704,1,72,6,5,12,4028.79,3155.14,873.65,4095.88,4160.72,P0190,Sensors Product 190,Sensors,92,951,C03704,"Bryant, Spears and Ford",OEM,Transportation,Higginsview,Poland,2017-08-28,1
20258933,465,3249,3,50,2,5,2,1085.34,768.91,316.43,1107.27,1129.02,P0465,Fuel Systems Product 465,Fuel Systems,52,135,C03249,Smith-Ashley,Distributor,Manufacturing,South Sabrina,Netherlands,2026-06-24,1
20235370,262,3828,10,73,6,3,14,4691.46,3039.86,1651.6,4657.28,4829.79,P0262,Fuel Systems Product 262,Fuel Systems,206,497,C03828,Sandoval-Lee,Distributor,Automotive,Lake Taraborough,Poland,2023-11-26,1
20240335,272,2887,3,17,9,4,19,862.55,730.58,131.97,903.73,822.2,P0272,Turbochargers Product 272,Turbochargers,361,817,C02887,Thomas and Sons,Fleet,Manufacturing,Joseburgh,France,2018-06-04,1
20254728,330,4069,8,34,10,5,4,3846.92,3106.24,740.68,3886.06,3755.81,P0330,Electronics Product 330,Electronics,71,949,C04069,Reese-Garcia,OEM,Manufacturing,Lake Jamesbury,Austria,2020-11-09,1
20220186,292,3149,9,90,6,4,19,4419.4,2894.77,1524.63,4238.67,4523.51,P0292,Aftertreatment Product 292,Aftertreatment,465,130,C03149,"Smith, Atkinson and Mitchell",OEM,Automotive,East Tylerburgh,Sweden,2024-08-20,1
20228787,341,4046,10,57,1,2,19,3626.17,2656.14,970.03,3454.05,3975.37,P0341,Aftertreatment Product 341,Aftertreatment,113,675,C04046,Watson-Romero,Fleet,Automotive,Port Jacob,Poland,2020-03-30,1
20242486,186,270,1,20,10,2,16,4634.57,3035.05,1599.52,4497.19,4548.14,P0186,Sensors Product 186,Sensors,325,550,C00270,Gregory PLC,Distributor,Automotive,Rodriguezshire,France,2022-02-22,1
20223321,466,3697,9,59,9,3,6,910.45,568.77,341.68,898.82,906.25,P0466,Electronics Product 466,Electronics,346,745,C03697,"Pacheco, Ramirez and Moore",Distributor,Transportation,Johnsonshire,Poland,2022-12-20,1
20248976,308,1896,8,100,3,1,13,4666.48,3534.5,1131.98,4729.2,4611.24,P0308,Turbochargers Product 308,Turbochargers,154,702,C01896,Holland-Schultz,Distributor,Automotive,West Erika,Netherlands,2022-08-02,1
20230199,382,4059,9,119,4,2,12,4231.77,2817.4,1414.37,4153.08,4259.37,P0382,Sensors Product 382,Sensors,460,927,C04059,Reynolds-Thomas,Fleet,Transportation,West Andrew,Austria,2017-04-25,1
20224971,424,2622,10,44,1,4,11,4163.01,2633.12,1529.89,4032.07,4471.57,P0424,Filtration Product 424,Filtration,265,363,C02622,Howe and Sons,OEM,Automotive,South John,Belgium,2021-06-26,1
20259178,325,2064,3,25,9,1,9,1336.86,985.55,351.31,1385.97,1376.0,P0325,Sensors Product 325,Sensors,365,598,C02064,Walsh-Lee,Fleet,Automotive,New Chelseaberg,Netherlands,2021-07-18,1
20222743,448,3545,6,37,9,2,13,2587.5,2088.74,498.76,2666.72,2600.33,P0448,Cooling Systems Product 448,Cooling Systems,64,439,C03545,"Romero, Smith and Roberts",OEM,Transportation,Campbellport,Austria,2022-02-07,1
20251706,249,3566,3,56,10,4,20,2040.46,1647.64,392.82,2068.85,2087.56,P0249,Fuel Systems Product 249,Fuel Systems,135,790,C03566,Mueller-Molina,Fleet,Manufacturing,Scottmouth,Italy,2016-12-18,1
20256708,164,2726,10,25,7,3,6,1342.29,874.0,468.29,1337.41,1366.22,P0164,Turbochargers Product 164,Turbochargers,99,253,C02726,"Blake, Graham and Farmer",Fleet,Transportation,West Kathrynville,Belgium,2018-07-02,1
20248931,57,910,9,86,2,2,7,2605.03,1647.63,957.4,2550.91,2528.05,P0057,Filtration Product 57,Filtration,182,606,C00910,"Brown, White and Edwards",OEM,Transportation,South Kellyview,Belgium,2020-02-09,1
20238900,214,4375,7,51,10,2,19,4223.64,2669.06,1554.58,4025.83,4523.28,P0214,Cooling Systems Product 214,Cooling Systems,448,206,C04375,Briggs-Allen,Distributor,Manufacturing,Haleyshire,Poland,2016-10-13,1
20229225,446,4450,2,12,2,4,5,1355.06,885.1,469.96,1354.26,1418.96,P0446,Fuel Systems Product 446,Fuel Systems,211,595,C04450,Jimenez-Mahoney,Fleet,Transportation,Hernandezstad,Netherlands,2025-10-20,1
20222313,34,3918,8,86,4,2,14,469.3,400.07,69.23,471.37,497.46,P0034,Fuel Systems Product 34,Fuel Systems,67,719,C03918,Williams-Holloway,Fleet,Transportation,Stacymouth,France,2020-07-30,1
20227374,424,4925,9,75,4,3,4,3950.21,3106.74,843.47,3757.96,3858.01,P0424,Filtration Product 424,Filtration,265,363,C04925,"Rosales, Bishop and Burns",Fleet,Manufacturing,Davidshire,Netherlands,2026-06-23,1
20229165,30,227,6,110,6,3,14,2104.18,1843.35,260.83,2122.88,2179.57,P0030,Aftertreatment Product 30,Aftertreatment,124,141,C00227,Gonzalez-Hunt,OEM,Transportation,West Jonathan,France,2023-03-06,1
20247044,160,560,10,30,1,5,20,2393.29,1776.35,616.94,2330.42,2521.45,P0160,Turbochargers Product 160,Turbochargers,251,984,C00560,Perkins-Rodriguez,OEM,Transportation,Lake Charlesview,Germany,2022-10-18,1
20238032,275,3497,7,89,1,5,7,2401.12,1694.58,706.54,2282.66,2412.56,P0275,Electronics Product 275,Electronics,69,802,C03497,Myers-Sosa,Fleet,Automotive,South Christopher,Spain,2017-01-05,1
20257067,381,854,2,79,2,3,8,4940.31,3403.19,1537.12,5002.44,5186.38,P0381,Filtration Product 381,Filtration,81,103,C00854,Mcconnell-Fields,OEM,Automotive,Jonesside,Germany,2023-04-04,1
20251304,182,4534,1,21,2,3,7,127.38,108.51,18.87,128.77,139.14,P0182,Aftertreatment Product 182,Aftertreatment,492,433,C04534,"Gray, Reed and Welch",Distributor,Automotive,North Diana,Italy,2018-04-27,1
20226828,91,119,4,68,9,5,3,2637.91,2203.21,434.7,2604.5,2565.76,P0091,Aftertreatment Product 91,Aftertreatment,132,595,C00119,"Waters, Sawyer and Johnson",Fleet,Automotive,Morrisberg,Belgium,2016-10-18,1
20236084,491,4756,9,73,3,1,8,3554.42,2463.47,1090.95,3456.32,3703.29,P0491,Filtration Product 491,Filtration,377,254,C04756,"Luna, Green and Moore",Distributor,Automotive,Moorefort,Sweden,2023-06-22,1
20259377,167,4687,10,57,8,1,11,3454.11,3059.02,395.09,3424.57,3580.39,P0167,Fuel Systems Product 167,Fuel Systems,235,341,C04687,Potter-West,Fleet,Transportation,Hayeschester,Austria,2019-02-19,1
20234263,43,2461,1,19,4,3,4,2318.83,1881.35,437.48,2420.17,2214.05,P0043,Turbochargers Product 43,Turbochargers,303,322,C02461,"Santiago, Cox and Roberson",Fleet,Transportation,Wilsonfurt,Germany,2024-07-01,1
20229360,23,4455,8,1,8,2,3,2234.75,1974.11,260.64,2145.46,2139.21,P0023,Filtration Product 23,Filtration,188,256,C04455,"Brown, Smith and Ibarra",Fleet,Manufacturing,Port Richard,Germany,2019-11-27,1
20248226,416,4822,4,43,8,5,20,3168.79,2557.4,611.39,3059.44,3277.34,P0416,Electronics Product 416,Electronics,125,422,C04822,"Gillespie, Ochoa and Simmons",Fleet,Transportation,South Tammy,Italy,2021-07-06,1
20222618,102,4438,2,71,4,1,18,718.43,461.82,256.61,744.91,686.35,P0102,Electronics Product 102,Electronics,346,814,C04438,Clark Inc,OEM,Automotive,Bakerton,Poland,2022-12-20,1
20242544,135,405,3,6,1,5,9,1011.86,870.13,141.73,993.92,963.37,P0135,Turbochargers Product 135,Turbochargers,137,641,C00405,"Perez, Jacobson and Matthews",Fleet,Automotive,Seanshire,Spain,2018-04-05,1
20249461,46,1100,2,118,2,5,16,4165.23,2506.74,1658.49,4139.31,4301.0,P0046,Sensors Product 46,Sensors,205,967,C01100,"Smith, Brewer and Hopkins",OEM,Manufacturing,Latashaton,Belgium,2019-08-18,1
20251790,437,291,1,68,6,4,4,4997.63,4109.49,888.14,4776.16,5392.09,P0437,Turbochargers Product 437,Turbochargers,415,793,C00291,"Gibson, Johnson and Coleman",OEM,Automotive,South Sheila,Netherlands,2026-02-19,1
20240628,72,1557,3,119,4,3,8,1901.88,1633.25,268.63,1848.35,1924.7,P0072,Filtration Product 72,Filtration,99,254,C01557,Hendricks Group,Distributor,Transportation,Port Kimberly,Poland,2025-11-13,1
20247108,162,2399,7,12,1,5,14,149.74,123.57,26.17,151.4,151.86,P0162,Sensors Product 162,Sensors,284,405,C02399,Ward Group,Distributor,Manufacturing,Edwardsbury,Austria,2017-08-08,1
20220113,321,2119,1,114,3,5,11,2436.96,1464.21,972.75,2374.97,2637.93,P0321,Cooling Systems Product 321,Cooling Systems,340,488,C02119,Blair Ltd,Fleet,Automotive,Lewisborough,Sweden,2022-07-19,1
20235004,398,1604,3,7,10,5,3,1271.15,805.93,465.22,1302.26,1258.04,P0398,Fuel Systems Product 398,Fuel Systems,493,797,C01604,"Roberts, Taylor and Rodriguez",OEM,Transportation,West Amandamouth,Poland,2023-05-08,1
20222679,466,904,3,6,9,1,19,4689.41,4140.28,549.13,4804.96,4626.75,P0466,Electronics Product 466,Electronics,346,745,C00904,Golden Inc,Fleet,Manufacturing,Abigailburgh,Germany,2025-05-22,1
20244116,249,2987,5,28,1,3,15,1252.66,1059.4,193.26,1300.79,1236.21,P0249,Fuel Systems Product 249,Fuel Systems,135,790,C02987,Morgan Group,Fleet,Manufacturing,Lake Christina,Poland,2021-11-30,1
20239081,423,4411,9,91,6,1,4,3122.12,2077.6,1044.52,2994.59,3212.27,P0423,Fuel Systems Product 423,Fuel Systems,466,114,C04411,Downs-Hansen,OEM,Manufacturing,South Chelseaport,Germany,2022-06-22,1
20239920,477,4251,2,105,7,4,2,2893.06,2199.35,693.71,2996.11,2944.14,P0477,Aftertreatment Product 477,Aftertreatment,143,204,C04251,Costa-Rivers,Fleet,Manufacturing,North Jacqueline,Poland,2018-06-24,1
20227674,166,1009,3,95,3,4,9,975.18,869.4,105.78,959.36,992.6,P0166,Filtration Product 166,Filtration,399,723,C01009,"Ballard, Tucker and Jensen",Fleet,Transportation,Lishire,France,2016-08-26,1
20253247,10,785,1,4,9,4,6,2837.33,1939.87,897.46,2706.66,2715.44,P0010,Fuel Systems Product 10,Fuel Systems,65,148,C00785,Davis-Nelson,Fleet,Transportation,Robertmouth,Sweden,2020-12-27,1
20231636,83,3335,8,90,1,1,10,745.54,659.94,85.6,759.72,812.81,P0083,Turbochargers Product 83,Turbochargers,419,367,C03335,Smith-Hicks,Distributor,Transportation,Ashleychester,Italy,2023-10-06,1
20256614,77,1755,5,2,9,4,3,3533.75,2708.49,825.26,3498.44,3642.27,P0077,Filtration Product 77,Filtration,270,390,C01755,Schneider and Sons,Distributor,Automotive,Grahamberg,Netherlands,2025-07-25,1
20256063,497,2328,7,112,9,1,16,4774.04,3724.98,1049.06,4598.61,4614.93,P0497,Electronics Product 497,Electronics,217,126,C02328,Thompson-Robertson,Distributor,Transportation,South Pedro,France,2024-07-30,1
20243566,23,3045,8,33,3,3,6,2566.72,1819.47,747.25,2448.9,2763.33,P0023,Filtration Product 23,Filtration,188,256,C03045,Adams and Sons,OEM,Transportation,Jerryberg,France,2016-09-18,1
20235343,388,4160,3,42,6,4,3,4847.88,3963.96,883.92,4906.27,5123.48,P0388,Aftertreatment Product 388,Aftertreatment,170,132,C04160,Hernandez Ltd,OEM,Manufacturing,South Richard,Sweden,2026-07-01,1
20260818,415,1123,10,98,9,3,16,4114.13,3294.66,819.47,4137.78,4095.43,P0415,Fuel Systems Product 415,Fuel Systems,482,931,C01123,White-Young,OEM,Transportation,Markfurt,Germany,2020-02-14,1
20247148,37,3261,8,107,7,4,15,947.91,813.65,134.26,938.73,909.41,P0037,Fuel Systems Product 37,Fuel Systems,205,436,C03261,Rice-Williams,OEM,Manufacturing,Deannamouth,France,2019-11-04,1
20228950,18,2950,6,8,3,4,19,2232.29,1811.81,420.48,2289.8,2377.58,P0018,Electronics Product 18,Electronics,486,482,C02950,Whitaker PLC,Fleet,Manufacturing,North Tyler,Italy,2024-02-11,1
20242462,462,3574,5,94,3,3,18,3713.73,3266.27,447.46,3620.63,4034.19,P0462,Aftertreatment Product 462,Aftertreatment,254,132,C03574,Davis and Sons,Distributor,Transportation,Ryanmouth,Spain,2026-06-17,1
20257426,229,245,4,115,1,3,4,1162.99,833.57,329.42,1106.93,1195.91,P0229,Cooling Systems Product 229,Cooling Systems,283,213,C00245,"Phillips, Torres and Rodriguez",OEM,Transportation,Lake Glen,Italy,2017-04-19,1
20222753,224,1560,8,63,5,2,1,251.16,159.15,92.01,243.96,266.23,P0224,Cooling Systems Product 224,Cooling Systems,385,175,C01560,"Morris, Cruz and Williams",Fleet,Transportation,Hollandtown,Netherlands,2024-11-30,1
20232250,400,2782,4,105,6,2,12,844.34,640.04,204.3,805.06,839.2,P0400,Fuel Systems Product 400,Fuel Systems,344,103,C02782,Hull-Dennis,Distributor,Transportation,Markstad,Austria,2024-10-03,1
20221794,198,4284,9,102,7,3,10,3365.13,2747.0,618.13,3273.25,3308.83,P0198,Sensors Product 198,Sensors,323,911,C04284,Powell-Hughes,Fleet,Manufacturing,Juliemouth,Austria,2018-12-11,1
20239472,158,2387,5,15,10,2,3,4354.12,3599.41,754.71,4480.29,4360.74,P0158,Filtration Product 158,Filtration,101,235,C02387,Gray-Harris,Distributor,Manufacturing,West Tracy,Austria,2021-03-09,1
20228205,85,2062,1,109,1,5,17,4785.98,3300.14,1485.84,4722.52,4860.59,P0085,Filtration Product 85,Filtration,316,630,C02062,"Richard, Byrd and Gonzalez",Fleet,Automotive,New Catherineburgh,Belgium,2019-06-17,1
20256078,37,4993,10,29,6,4,6,3727.59,2815.56,912.03,3869.59,3990.88,P0037,Fuel Systems Product 37,Fuel Systems,205,436,C04993,"Williams, Reyes and Evans",Distributor,Automotive,Deborahshire,Spain,2017-03-12,1
20251938,252,1351,10,2,3,2,12,3510.58,2600.44,910.14,3640.16,3465.42,P0252,Aftertreatment Product 252,Aftertreatment,486,396,C01351,Morrow and Sons,Fleet,Transportation,Abbottchester,Germany,2019-08-03,1
20242186,370,4923,6,112,3,4,17,2563.18,1785.54,777.64,2581.54,2637.58,P0370,Cooling Systems Product 370,Cooling Systems,487,266,C04923,Woodward Inc,OEM,Manufacturing,Levinefort,Italy,2023-04-02,1
20227125,69,1421,7,29,7,1,10,2183.21,1672.14,511.07,2097.43,2179.94,P0069,Cooling Systems Product 69,Cooling Systems,184,980,C01421,"Williams, Miller and Bowen",Distributor,Manufacturing,South Justin,Germany,2016-08-15,1
20222613,230,2866,1,61,1,1,7,2097.36,1413.52,683.84,2002.8,2006.95,P0230,Sensors Product 230,Sensors,356,451,C02866,Kirby-Long,Fleet,Automotive,Lake Bethtown,Poland,2021-08-27,1
20251664,146,1342,2,78,9,5,10,2949.01,2205.81,743.2,3090.67,3145.7,P0146,Fuel Systems Product 146,Fuel Systems,401,816,C01342,Rodriguez and Sons,Distributor,Automotive,Jessebury,Italy,2021-07-16,1
20229615,235,2560,2,35,6,5,18,4232.07,3264.95,967.12,4095.28,4257.88,P0235,Aftertreatment Product 235,Aftertreatment,401,732,C02560,Hill PLC,OEM,Transportation,Tanyahaven,France,2019-04-04,1
20240261,250,1944,10,47,10,5,6,3438.88,2618.87,820.01,3458.84,3727.9,P0250,Filtration Product 250,Filtration,54,887,C01944,Dixon Inc,OEM,Automotive,Frankmouth,Germany,2018-09-20,1
20233388,85,4974,6,72,6,2,14,4867.38,3318.81,1548.57,4844.85,5145.54,P0085,Filtration Product 85,Filtration,316,630,C04974,Patrick-Young,Fleet,Transportation,West Darleneland,Germany,2019-04-29,1
20224331,346,1011,5,93,10,5,9,3008.74,2234.61,774.13,2884.25,2880.5,P0346,Turbochargers Product 346,Turbochargers,129,780,C01011,Fuller Group,OEM,Automotive,North Christopherbury,Netherlands,2023-04-20,1
20232863,430,2137,5,47,3,4,9,3087.12,2674.71,412.41,3093.86,3309.69,P0430,Fuel Systems Product 430,Fuel Systems,294,461,C02137,Phillips Group,Distributor,Transportation,Martinezborough,Spain,2017-12-22,1
20236226,422,3177,9,11,8,1,6,802.74,533.95,268.79,817.06,771.97,P0422,Turbochargers Product 422,Turbochargers,496,520,C03177,Galloway-Pacheco,OEM,Transportation,West Christyview,Italy,2017-10-25,1
20243191,139,3726,9,73,7,4,18,1055.44,655.11,400.33,1055.17,1110.17,P0139,Filtration Product 139,Filtration,167,1000,C03726,Torres Inc,Fleet,Manufacturing,Laurenburgh,Germany,2023-09-04,1
20259752,171,3264,10,49,5,1,7,402.8,304.0,98.8,387.62,441.96,P0171,Cooling Systems Product 171,Cooling Systems,353,541,C03264,Haas Group,Fleet,Automotive,Karentown,Germany,2024-04-24,1
20236387,297,4778,5,105,9,3,7,4068.6,3153.54,915.06,4104.85,4305.1,P0297,Electronics Product 297,Electronics,158,281,C04778,"Williams, Solis and Alvarez",Fleet,Transportation,Ginahaven,Italy,2021-12-07,1
20237901,57,3165,2,95,9,1,8,3657.8,2951.32,706.48,3492.79,3718.27,P0057,Filtration Product 57,Filtration,182,606,C03165,"Taylor, Hernandez and Johnson",Fleet,Transportation,Port Jennifer,Germany,2025-09-19,1
20258655,183,1783,3,3,9,4,13,2428.13,1757.19,670.94,2529.07,2435.32,P0183,Fuel Systems Product 183,Fuel Systems,382,919,C01783,Wood-Baker,Fleet,Automotive,Nicholasfort,Sweden,2020-12-17,1
20222781,167,3449,2,87,10,2,3,419.96,283.94,136.02,399.62,440.06,P0167,Fuel Systems Product 167,Fuel Systems,235,341,C03449,White and Sons,Fleet,Automotive,Lunaberg,Austria,2022-09-04,1
20251122,342,217,8,92,5,2,15,2355.44,1666.56,688.88,2405.33,2259.29,P0342,Cooling Systems Product 342,Cooling Systems,304,613,C00217,"Foster, Rodriguez and Contreras",OEM,Automotive,East Katelyn,France,2019-07-07,1
20250722,443,481,7,85,6,1,8,1748.4,1243.58,504.82,1769.59,1883.39,P0443,Cooling Systems Product 443,Cooling Systems,179,863,C00481,Perez PLC,OEM,Transportation,Lindaton,Italy,2023-08-13,1
20226253,88,2753,3,40,8,3,14,2445.0,1930.92,514.08,2476.41,2375.24,P0088,Filtration Product 88,Filtration,423,129,C02753,"Robertson, Ruiz and Reid",OEM,Manufacturing,New Justinborough,Austria,2017-08-16,1
20230252,239,2464,1,71,9,1,17,4192.04,3686.11,505.93,3997.02,4550.63,P0239,Fuel Systems Product 239,Fuel Systems,362,107,C02464,"Coffey, Sims and Sanford",Fleet,Automotive,South Victor,Belgium,2020-09-16,1
20256988,383,2868,9,65,3,3,3,2262.76,1901.75,361.01,2230.23,2221.53,P0383,Electronics Product 383,Electronics,446,491,C02868,Lin PLC,Fleet,Manufacturing,South Darlenemouth,Sweden,2025-11-01,1
20260398,93,3406,1,17,2,1,14,4209.6,3318.46,891.14,4318.84,4084.43,P0093,Cooling Systems Product 93,Cooling Systems,369,256,C03406,Hall-Daniel,Distributor,Manufacturing,East Tina,Poland,2019-07-27,1
20221897,472,4142,8,98,8,4,20,2671.95,1796.32,875.63,2547.08,2607.56,P0472,Aftertreatment Product 472,Aftertreatment,267,714,C04142,"Harmon, Rivera and Hamilton",Distributor,Automotive,East Darius,France,2022-12-25,1
20234633,54,4598,1,26,9,1,1,2645.42,1825.06,820.36,2773.34,2844.86,P0054,Electronics Product 54,Electronics,301,825,C04598,"Douglas, Johnson and Gilmore",OEM,Manufacturing,South Matthew,Spain,2017-05-10,1
20246366,364,1544,7,4,6,1,10,1919.69,1516.81,402.88,1935.97,1923.61,P0364,Sensors Product 364,Sensors,242,217,C01544,"Flynn, Williams and Whitehead",Fleet,Manufacturing,New Jimmy,Germany,2017-08-09,1
20236983,30,3382,8,26,3,5,17,2620.83,1836.21,784.62,2726.07,2860.75,P0030,Aftertreatment Product 30,Aftertreatment,124,141,C03382,Moody-Castillo,OEM,Manufacturing,Sheribury,Germany,2026-06-20,1
20254212,33,1688,5,21,5,3,13,3803.8,2603.75,1200.05,3801.09,4013.03,P0033,Sensors Product 33,Sensors,252,257,C01688,"Jones, Alvarado and Parker",OEM,Manufacturing,North Whitneychester,Sweden,2020-07-28,1
20241560,499,704,7,38,4,4,15,2755.96,2015.81,740.15,2836.54,2764.54,P0499,Turbochargers Product 499,Turbochargers,82,373,C00704,"Greene, Jones and Hughes",Distributor,Transportation,South Christopher,Italy,2020-11-13,1
20247148,143,3731,7,68,2,5,13,3496.21,2950.61,545.6,3547.96,3591.97,P0143,Sensors Product 143,Sensors,313,410,C03731,"Harrington, Novak and Peters",Distributor,Transportation,Jessicaberg,Germany,2017-07-03,1
20260413,109,3527,3,106,8,1,9,1866.43,1298.1,568.33,1784.3,1890.27,P0109,Cooling Systems Product 109,Cooling Systems,251,702,C03527,Moore-Boone,OEM,Transportation,New Nicholas,France,2019-10-22,1
20253703,11,1202,1,61,3,3,2,3778.5,3148.46,630.04,3599.79,4039.83,P0011,Aftertreatment Product 11,Aftertreatment,391,101,C01202,"Bradford, Murray and Nelson",OEM,Transportation,Welchmouth,Spain,2020-12-15,1
20232305,8,3507,9,75,10,4,6,3437.83,2479.04,958.79,3531.51,3724.59,P0008,Turbochargers Product 8,Turbochargers,408,245,C03507,Spencer-Fischer,Fleet,Automotive,Alvarezburgh,Belgium,2023-06-27,1
20235776,405,4283,6,119,4,5,4,2667.42,1856.94,810.48,2567.28,2612.34,P0405,Cooling Systems Product 405,Cooling Systems,129,167,C04283,Case-Collier,Fleet,Manufacturing,Kimmouth,Belgium,2018-08-23,1
20259895,259,597,7,58,4,4,17,3077.25,2251.89,825.36,3206.58,3342.99,P0259,Turbochargers Product 259,Turbochargers,420,350,C00597,Jackson and Sons,Distributor,Transportation,North Terry,Italy,2022-05-07,1
20226484,341,1224,7,12,9,2,16,704.56,440.71,263.85,704.51,771.1,P0341,Aftertreatment Product 341,Aftertreatment,113,675,C01224,"Mcdonald, Parsons and Bowen",Fleet,Transportation,Joseshire,Netherlands,2023-10-09,1
20250323,218,1531,10,10,3,3,9,4783.34,3841.03,942.31,5019.51,5192.89,P0218,Fuel Systems Product 218,Fuel Systems,416,430,C01531,Hopkins-Weaver,Fleet,Automotive,North Nathanland,Austria,2025-02-05,1
20235731,63,273,6,54,3,1,7,390.29,241.64,148.65,403.27,428.37,P0063,Turbochargers Product 63,Turbochargers,500,640,C00273,"Smith, Mccormick and Ward",Distributor,Automotive,East Kimberlymouth,Germany,2021-04-03,1
20239110,272,304,4,74,8,4,5,1863.27,1438.83,424.44,1880.89,1950.64,P0272,Turbochargers Product 272,Turbochargers,361,817,C00304,Hill Ltd,OEM,Manufacturing,Port Kevinland,Italy,2022-12-14,1
20245371,181,3398,6,32,1,3,10,4702.16,3663.05,1039.11,4882.45,4792.1,P0181,Cooling Systems Product 181,Cooling Systems,243,370,C03398,Lee-Douglas,OEM,Manufacturing,Greenview,Belgium,2017-08-07,1
20224501,240,897,2,97,1,1,13,2061.56,1339.62,721.94,2074.43,2257.97,P0240,Turbochargers Product 240,Turbochargers,89,780,C00897,Mills Inc,OEM,Automotive,South Joseph,France,2026-05-09,1
20225324,472,1655,6,12,4,5,1,1144.46,909.49,234.97,1153.9,1203.45,P0472,Aftertreatment Product 472,Aftertreatment,267,714,C01655,"Jones, Johnson and Boyd",Distributor,Transportation,Allisonton,Sweden,2025-08-07,1
20238529,24,107,4,72,4,1,2,4525.63,3539.13,986.5,4505.28,4758.83,P0024,Aftertreatment Product 24,Aftertreatment,382,526,C00107,Gonzales-Wright,Distributor,Transportation,East Elizabeth,Poland,2018-06-07,1
20241951,44,2313,9,15,10,1,2,1629.34,1037.87,591.47,1605.18,1676.61,P0044,Electronics Product 44,Electronics,254,373,C02313,"Rivera, Hodges and Freeman",Distributor,Automotive,East Carla,Austria,2022-10-29,1
20234453,138,3259,5,23,7,4,20,3392.98,2382.14,1010.84,3262.99,3433.81,P0138,Filtration Product 138,Filtration,450,603,C03259,Wright LLC,Distributor,Manufacturing,Aguilarview,France,2026-06-21,1
20220539,177,2385,10,92,9,4,13,3210.64,2467.71,742.93,3165.53,3293.31,P0177,Turbochargers Product 177,Turbochargers,253,190,C02385,Chavez Ltd,Distributor,Automotive,Lake Sarah,Belgium,2024-11-22,1
20220192,78,3455,7,52,2,5,20,2044.82,1792.94,251.88,2140.02,2025.12,P0078,Turbochargers Product 78,Turbochargers,353,157,C03455,Ingram-Le,Distributor,Automotive,Smithport,Spain,2020-06-19,1
20249175,165,4520,3,58,9,4,12,4402.49,2750.46,1652.03,4424.62,4402.77,P0165,Turbochargers Product 165,Turbochargers,126,845,C04520,Lewis-Murray,Fleet,Manufacturing,Jonesville,France,2020-04-01,1
20227504,106,1268,5,99,7,4,1,2887.44,1874.29,1013.15,2798.78,3130.27,P0106,Filtration Product 106,Filtration,289,517,C01268,"Cole, Brooks and Wilcox",Distributor,Manufacturing,Carterside,Spain,2018-02-14,1
20252596,314,1129,2,30,10,4,9,1722.3,1075.11,647.19,1657.8,1656.0,P0314,Sensors Product 314,Sensors,460,598,C01129,"Brooks, Lowe and Johnson",Fleet,Transportation,South Ericbury,Belgium,2019-04-30,1
20228394,113,82,6,100,3,4,9,4903.83,4187.88,715.95,5088.66,4850.49,P0113,Sensors Product 113,Sensors,459,151,C00082,Castillo PLC,Distributor,Manufacturing,New Lisa,Spain,2021-06-02,1
20234514,166,2956,6,107,1,3,15,4070.62,3633.88,436.74,3985.85,3912.29,P0166,Filtration Product 166,Filtration,399,723,C02956,Smith-Carter,Distributor,Automotive,Brownbury,Spain,2021-12-23,1
20252583,146,3812,6,27,8,1,17,1081.5,885.08,196.42,1124.34,1112.09,P0146,Fuel Systems Product 146,Fuel Systems,401,816,C03812,Thompson-Nguyen,OEM,Automotive,New Michaelville,Sweden,2018-12-26,1
20236645,386,3503,3,99,9,3,18,1005.65,621.87,383.78,1038.38,981.28,P0386,Cooling Systems Product 386,Cooling Systems,112,448,C03503,"Robertson, Carroll and Lawrence",OEM,Manufacturing,Carterhaven,Netherlands,2021-04-08,1
20247076,360,1594,3,120,10,5,4,3788.69,2401.88,1386.81,3946.55,3917.89,P0360,Fuel Systems Product 360,Fuel Systems,421,830,C01594,Johnson Ltd,Fleet,Transportation,East Toddburgh,Spain,2020-05-13,1
20246231,119,3396,8,50,5,5,9,2068.69,1542.42,526.27,2136.31,2226.02,P0119,Electronics Product 119,Electronics,469,932,C03396,Mckenzie-Williams,Fleet,Automotive,Edwardchester,Netherlands,2024-12-08,1
20238792,130,1463,9,107,1,5,15,4319.76,2983.77,1335.99,4249.79,4735.91,P0130,Cooling Systems Product 130,Cooling Systems,452,145,C01463,"Schmidt, Bush and Shea",Distributor,Transportation,Port David,Italy,2026-06-15,1
20246144,428,2748,9,29,10,4,2,3775.96,3113.41,662.55,3797.61,3644.0,P0428,Turbochargers Product 428,Turbochargers,101,943,C02748,Johnson LLC,OEM,Manufacturing,New Brandiland,Netherlands,2025-01-21,1
20247793,367,2309,5,4,8,3,11,2865.94,2092.02,773.92,2886.99,2875.9,P0367,Sensors Product 367,Sensors,144,431,C02309,"Gray, Hart and Scott",Distributor,Automotive,Norrisshire,Germany,2023-02-02,1
20233579,88,107,5,50,1,2,12,1162.32,944.03,218.29,1153.55,1183.84,P0088,Filtration Product 88,Filtration,423,129,C00107,Gonzales-Wright,Distributor,Transportation,East Elizabeth,Poland,2018-06-07,1
20249641,484,1180,5,39,9,3,17,454.06,394.91,59.15,443.0,476.55,P0484,Turbochargers Product 484,Turbochargers,493,349,C01180,"Campbell, Evans and Bryant",OEM,Automotive,Karenside,Spain,2023-01-07,1
20223221,165,1804,10,69,9,1,2,1337.63,1027.64,309.99,1399.7,1442.04,P0165,Turbochargers Product 165,Turbochargers,126,845,C01804,"Flores, Ball and Harrington",Distributor,Transportation,North Jesse,France,2017-11-27,1
20225700,464,2627,6,43,7,4,2,2420.8,1995.88,424.92,2419.57,2325.73,P0464,Filtration Product 464,Filtration,103,843,C02627,"Christensen, Collins and Cervantes",Fleet,Manufacturing,Lake Austinport,Italy,2026-04-18,1
20257777,51,2981,3,116,9,4,18,4872.0,3626.04,1245.96,4734.15,4719.75,P0051,Electronics Product 51,Electronics,420,511,C02981,Solomon-Charles,Fleet,Automotive,Russobury,Poland,2018-05-08,1
20244529,240,3616,10,103,8,3,12,4734.63,3574.98,1159.65,4882.44,4563.31,P0240,Turbochargers Product 240,Turbochargers,89,780,C03616,Gomez Group,Fleet,Automotive,Gabriellachester,Netherlands,2020-02-19,1
20248959,82,1303,2,21,5,5,13,4528.01,3519.03,1008.98,4427.74,4808.79,P0082,Sensors Product 82,Sensors,452,363,C01303,Stephens Ltd,OEM,Automotive,West Stephanie,Poland,2023-10-08,1
20232092,461,3682,6,43,10,5,19,2850.63,1746.01,1104.62,2730.47,2921.83,P0461,Fuel Systems Product 461,Fuel Systems,267,237,C03682,Hubbard Group,OEM,Automotive,Port Conniehaven,Netherlands,2020-03-22,1
20252527,281,4989,2,43,3,2,10,4885.18,3252.6,1632.58,4723.81,4885.89,P0281,Fuel Systems Product 281,Fuel Systems,223,797,C04989,Williams-Brooks,OEM,Automotive,New Melissaside,Spain,2026-06-02,1
20228772,384,3318,10,33,3,5,13,4330.95,3032.99,1297.96,4481.17,4446.51,P0384,Filtration Product 384,Filtration,443,820,C03318,Mason-Garcia,OEM,Manufacturing,West Pamelaland,Netherlands,2017-12-01,1
20250686,348,848,4,67,5,2,11,2235.84,1994.4,241.44,2155.58,2254.56,P0348,Electronics Product 348,Electronics,355,293,C00848,Wood Group,Distributor,Manufacturing,Christineshire,Poland,2022-03-03,1
20225499,271,1615,9,105,8,4,8,3967.12,2591.94,1375.18,4046.47,4336.4,P0271,Turbochargers Product 271,Turbochargers,236,400,C01615,Williams-Thomas,Distributor,Transportation,West Heatherport,France,2021-04-08,1
20243891,145,4703,1,35,2,3,6,484.36,346.32,138.04,465.23,465.52,P0145,Turbochargers Product 145,Turbochargers,254,255,C04703,"Flynn, Acosta and Bender",OEM,Automotive,Lisaville,Italy,2019-06-02,1
20233183,320,2575,2,85,10,2,16,2084.64,1735.42,349.22,2178.19,1996.41,P0320,Fuel Systems Product 320,Fuel Systems,332,371,C02575,Smith Inc,OEM,Automotive,Youngstad,Germany,2018-09-25,1
20257488,448,2281,10,8,7,1,7,557.4,354.04,203.36,567.54,601.4,P0448,Cooling Systems Product 448,Cooling Systems,64,439,C02281,"Nguyen, Flynn and Johnson",OEM,Manufacturing,Port Kyliebury,Italy,2022-03-12,1
20246234,493,4515,8,87,7,4,12,2572.43,1920.4,652.03,2578.14,2656.41,P0493,Fuel Systems Product 493,Fuel Systems,201,213,C04515,"Griffin, Mckinney and Foley",Fleet,Automotive,Rileyhaven,Belgium,2025-05-16,1
20250946,80,4580,10,112,8,3,4,4345.45,3839.99,505.46,4466.75,4669.8,P0080,Aftertreatment Product 80,Aftertreatment,365,577,C04580,Holland-Barker,Distributor,Automotive,Nicholasfurt,Sweden,2018-01-15,1
20223566,402,2395,4,93,5,4,9,1579.7,1384.13,195.57,1577.28,1550.82,P0402,Sensors Product 402,Sensors,229,502,C02395,"Schneider, Powers and Hensley",Fleet,Manufacturing,Lake Adamberg,Netherlands,2024-07-28,1
20220690,193,3466,2,100,4,5,9,2252.02,1764.26,487.76,2229.35,2171.91,P0193,Turbochargers Product 193,Turbochargers,376,442,C03466,Mendez-Woodward,OEM,Automotive,South Alyssa,Sweden,2025-10-02,1
20250863,154,582,7,59,3,2,7,1383.15,1166.2,216.95,1439.82,1487.05,P0154,Cooling Systems Product 154,Cooling Systems,279,445,C00582,Davis PLC,OEM,Transportation,Meadowsland,Poland,2024-01-05,1
20248782,439,530,8,63,6,4,12,2627.03,2117.15,509.88,2677.43,2796.42,P0439,Filtration Product 439,Filtration,399,853,C00530,Campos-Cordova,Distributor,Transportation,Aprilland,Poland,2026-04-29,1
20250744,195,4226,10,38,6,5,5,1629.84,1176.12,453.72,1607.66,1695.52,P0195,Fuel Systems Product 195,Fuel Systems,417,373,C04226,Brown-Benton,Distributor,Automotive,Perkinshaven,Italy,2020-09-28,1
20254202,366,315,4,19,5,2,11,4839.04,3541.15,1297.89,4896.66,5055.29,P0366,Sensors Product 366,Sensors,359,401,C00315,Fernandez and Sons,OEM,Automotive,Sanchezton,Poland,2026-04-24,1
20258800,343,1276,9,118,9,2,17,1571.72,1060.96,510.76,1534.43,1721.29,P0343,Electronics Product 343,Electronics,477,488,C01276,Gonzalez PLC,Fleet,Automotive,Douglastown,Austria,2022-02-21,1
20226976,131,888,1,3,9,1,13,128.26,102.92,25.34,127.22,132.79,P0131,Turbochargers Product 131,Turbochargers,475,212,C00888,"Fuentes, Flowers and Chase",OEM,Manufacturing,Stephanieview,Germany,2025-02-10,1
20251678,311,3061,7,32,5,3,15,1451.99,1013.96,438.03,1486.43,1545.02,P0311,Sensors Product 311,Sensors,256,601,C03061,Cabrera-Turner,OEM,Automotive,Port Jordan,Spain,2018-07-02,1
20223459,415,1960,1,15,9,4,3,3628.04,3163.14,464.9,3510.87,3479.97,P0415,Fuel Systems Product 415,Fuel Systems,482,931,C01960,Williams-Strong,Distributor,Transportation,Hamiltonmouth,Belgium,2024-06-28,1
20250941,289,1312,9,69,2,3,6,2617.34,2347.32,270.02,2557.58,2729.26,P0289,Fuel Systems Product 289,Fuel Systems,169,373,C01312,"Lynch, Mason and Leonard",Distributor,Manufacturing,Port Michael,Belgium,2024-10-25,1
20259193,31,2790,4,77,8,5,2,1391.32,966.66,424.66,1365.95,1530.31,P0031,Sensors Product 31,Sensors,178,855,C02790,Salinas LLC,Fleet,Manufacturing,Davidfort,Sweden,2018-11-26,1
20222944,27,186,5,20,7,1,15,4552.6,3692.29,860.31,4538.13,4794.67,P0027,Sensors Product 27,Sensors,402,926,C00186,"Davis, Berry and Singh",Distributor,Automotive,Port Davidview,Italy,2019-02-11,1
20244356,290,4379,9,46,8,5,20,3702.82,2697.14,1005.68,3553.71,3809.72,P0290,Fuel Systems Product 290,Fuel Systems,374,318,C04379,Pierce-Cooper,Fleet,Transportation,West Danny,Netherlands,2024-01-20,1
20252321,166,4885,8,36,9,2,9,4630.9,3564.64,1066.26,4845.74,5024.07,P0166,Filtration Product 166,Filtration,399,723,C04885,Wallace-Collier,Distributor,Transportation,East Michael,Poland,2018-01-13,1
20237508,277,4115,8,54,9,5,6,4942.08,4261.94,680.14,4793.19,5251.99,P0277,Filtration Product 277,Filtration,372,298,C04115,Coleman-Wolfe,OEM,Transportation,Port Tylerview,Belgium,2017-09-18,1
20241573,188,4570,6,25,10,5,17,4049.75,2907.97,1141.78,3948.47,4078.35,P0188,Turbochargers Product 188,Turbochargers,386,198,C04570,"Curry, Hawkins and Mcintosh",Distributor,Transportation,Smithport,Spain,2026-02-25,1
20251309,349,3713,6,105,4,5,12,4512.52,3898.5,614.02,4418.53,4670.59,P0349,Sensors Product 349,Sensors,433,706,C03713,Lynch and Sons,Distributor,Manufacturing,North Kim,Germany,2025-01-19,1
20255142,196,4428,2,19,2,1,13,4415.11,3290.18,1124.93,4541.5,4671.95,P0196,Filtration Product 196,Filtration,469,177,C04428,Clements Ltd,Fleet,Manufacturing,East Brandy,Italy,2019-06-03,1
20239700,178,2362,1,15,3,3,16,1929.44,1183.7,745.74,1886.88,2013.47,P0178,Cooling Systems Product 178,Cooling Systems,363,448,C02362,"Patterson, Bradley and Miller",Fleet,Transportation,North Savannahton,Austria,2017-06-13,1
20248435,8,1645,6,59,1,3,20,2530.9,1914.96,615.94,2554.5,2422.76,P0008,Turbochargers Product 8,Turbochargers,408,245,C01645,Oliver-Reyes,Fleet,Transportation,Buckleymouth,Spain,2023-08-24,1
20224319,294,2888,6,120,4,1,3,3887.37,2677.75,1209.62,4061.95,4203.79,P0294,Aftertreatment Product 294,Aftertreatment,75,306,C02888,"Martin, Estrada and Pearson",OEM,Automotive,Andrewport,France,2022-08-23,1
20228858,44,4143,10,110,8,2,3,4807.87,3475.78,1332.09,4728.94,5158.61,P0044,Electronics Product 44,Electronics,254,373,C04143,Hall Inc,Distributor,Manufacturing,Kimberlyton,Spain,2019-08-28,1
20259961,172,4623,1,115,8,1,6,3625.51,3017.19,608.32,3479.26,3595.03,P0172,Filtration Product 172,Filtration,326,911,C04623,Levine-Ramirez,OEM,Automotive,Port Robert,Sweden,2024-07-11,1
20236402,456,1577,4,69,2,2,11,3233.16,2317.18,915.98,3334.6,3080.56,P0456,Sensors Product 456,Sensors,174,742,C01577,"Whitney, Garner and Wade",Fleet,Transportation,Garciatown,Sweden,2021-12-01,1
20223157,390,4998,9,85,8,1,3,4467.92,3683.28,784.64,4277.01,4634.92,P0390,Fuel Systems Product 390,Fuel Systems,244,414,C04998,"Munoz, Wall and Ford",Fleet,Manufacturing,Millsstad,Netherlands,2019-10-07,1
20224373,168,3111,5,114,7,2,15,647.06,391.01,256.05,622.26,628.54,P0168,Fuel Systems Product 168,Fuel Systems,192,876,C03111,Smith and Sons,Distributor,Transportation,South Christopher,France,2025-01-28,1
20245675,156,4283,9,105,10,3,7,3863.37,2507.81,1355.56,3827.82,4126.86,P0156,Sensors Product 156,Sensors,455,484,C04283,Case-Collier,Fleet,Manufacturing,Kimmouth,Belgium,2018-08-23,1
20242840,120,3721,9,78,9,1,1,2006.16,1598.59,407.57,2065.36,1941.5,P0120,Cooling Systems Product 120,Cooling Systems,484,991,C03721,Collins Group,Distributor,Automotive,North Jeffrey,France,2021-09-10,1
20221561,458,3963,7,32,6,4,19,1686.75,1047.82,638.93,1657.13,1853.04,P0458,Sensors Product 458,Sensors,64,799,C03963,Barnett-Simmons,OEM,Transportation,Elizabethhaven,France,2020-01-26,1
20252038,176,212,10,109,4,1,17,4259.05,3304.73,954.32,4394.65,4442.31,P0176,Aftertreatment Product 176,Aftertreatment,119,257,C00212,Mcbride-Rivera,OEM,Automotive,Port Lisastad,Italy,2021-07-24,1
20236987,200,3101,6,21,4,4,18,2369.3,2038.81,330.49,2287.67,2429.25,P0200,Electronics Product 200,Electronics,57,195,C03101,Hall-Lopez,OEM,Transportation,Riosville,Belgium,2021-10-30,1
20221851,445,161,10,55,6,5,12,1205.84,755.99,449.85,1179.2,1301.2,P0445,Fuel Systems Product 445,Fuel Systems,236,412,C00161,Johnston PLC,Distributor,Automotive,Lake Travisside,France,2025-08-22,1
20238436,454,33,1,38,6,2,20,4313.7,3249.66,1064.04,4483.61,4464.55,P0454,Cooling Systems Product 454,Cooling Systems,141,632,C00033,Rice PLC,Fleet,Manufacturing,New Monica,Poland,2019-06-20,1
20259141,222,1639,2,34,8,3,20,4227.6,2873.07,1354.53,4362.33,4390.96,P0222,Cooling Systems Product 222,Cooling Systems,375,952,C01639,Taylor Ltd,Distributor,Manufacturing,Brittanymouth,Germany,2024-01-24,1
20236552,229,3783,10,13,7,3,11,648.9,452.79,196.11,642.8,619.83,P0229,Cooling Systems Product 229,Cooling Systems,283,213,C03783,"Lopez, Harrington and Harris",OEM,Manufacturing,Michaelland,Italy,2021-07-28,1
20250233,205,4758,10,62,4,1,17,1671.03,1174.72,496.31,1707.78,1592.55,P0205,Sensors Product 205,Sensors,355,908,C04758,"Wilson, Foster and Holt",OEM,Automotive,North Catherine,Germany,2020-01-04,1
20228172,325,2351,1,43,5,5,13,4278.39,2634.13,1644.26,4452.0,4575.97,P0325,Sensors Product 325,Sensors,365,598,C02351,"Garcia, Sullivan and Hunter",Distributor,Manufacturing,Mccarthyfurt,Germany,2020-05-21,1
20243546,2,1651,8,19,4,2,15,1566.81,1204.71,362.1,1602.42,1660.0,P0002,Aftertreatment Product 2,Aftertreatment,342,443,C01651,Valdez-Brown,Distributor,Manufacturing,West Brandon,Italy,2018-07-06,1
20252030,105,1488,7,27,4,4,1,2302.29,1488.95,813.34,2267.72,2259.29,P0105,Filtration Product 105,Filtration,163,690,C01488,Brown PLC,OEM,Manufacturing,New Teresabury,Austria,2024-12-15,1
20226572,99,4864,6,4,4,2,12,308.96,196.24,112.72,293.74,326.99,P0099,Fuel Systems Product 99,Fuel Systems,88,252,C04864,Lewis Ltd,OEM,Automotive,New Cory,Netherlands,2022-06-04,1
20229256,453,663,7,41,7,5,4,1599.41,981.53,617.88,1630.07,1531.19,P0453,Aftertreatment Product 453,Aftertreatment,450,357,C00663,Caldwell-Weaver,Distributor,Manufacturing,Chaseport,Poland,2025-04-07,1
20248771,362,1667,6,76,3,4,1,2976.44,2501.3,475.14,2908.6,3189.86,P0362,Filtration Product 362,Filtration,404,144,C01667,Bradford LLC,OEM,Manufacturing,Shannontown,Belgium,2024-08-22,1
20235873,128,3535,9,31,2,3,3,201.39,140.74,60.65,200.62,203.22,P0128,Filtration Product 128,Filtration,124,665,C03535,"Hayes, Ryan and Taylor",Fleet,Transportation,Keychester,Sweden,2023-05-18,1
20244073,288,3453,2,106,7,1,16,2723.14,2207.42,515.72,2759.16,2694.87,P0288,Sensors Product 288,Sensors,78,583,C03453,"Davis, Neal and Hernandez",OEM,Manufacturing,Vincentshire,Belgium,2020-02-03,1
20238487,387,3877,6,107,1,1,10,3111.81,2187.31,924.5,3040.84,3344.38,P0387,Fuel Systems Product 387,Fuel Systems,99,119,C03877,Miller Ltd,Distributor,Manufacturing,Port Colton,Netherlands,2023-05-19,1
20233911,355,1968,2,115,5,4,18,3993.2,3069.17,924.03,3859.26,4118.26,P0355,Electronics Product 355,Electronics,166,924,C01968,Shepherd and Sons,OEM,Automotive,Nelsonland,Germany,2018-01-18,1
20239439,409,3951,5,42,9,5,12,4024.57,3205.94,818.63,4043.18,3937.64,P0409,Aftertreatment Product 409,Aftertreatment,58,859,C03951,"Ramos, Ramirez and Martinez",OEM,Automotive,Melissaview,Sweden,2024-06-16,1
20223180,324,3465,1,39,9,4,5,1535.22,1249.72,285.5,1523.15,1639.7,P0324,Fuel Systems Product 324,Fuel Systems,310,610,C03465,Swanson-Wang,Fleet,Transportation,Phillipsville,Austria,2023-03-18,1
20251954,404,4233,10,45,3,2,8,3845.25,2795.75,1049.5,3878.47,3666.75,P0404,Fuel Systems Product 404,Fuel Systems,366,655,C04233,Davenport-Jones,Distributor,Automotive,Jefferyport,Germany,2026-04-25,1
20224239,147,2175,1,68,6,1,2,654.46,574.79,79.67,628.3,653.0,P0147,Sensors Product 147,Sensors,54,359,C02175,Walker-Lewis,Fleet,Transportation,South Melissaview,Belgium,2021-09-23,1
20243370,450,4083,7,26,6,1,18,767.23,647.81,119.42,732.63,761.05,P0450,Sensors Product 450,Sensors,333,866,C04083,Dickerson-Jones,OEM,Manufacturing,Adamshire,Belgium,2019-04-14,1
20255114,425,177,9,89,8,4,4,2328.01,2060.68,267.33,2243.54,2234.33,P0425,Sensors Product 425,Sensors,236,818,C00177,"Jackson, Velasquez and Glass",Distributor,Manufacturing,New Evan,Belgium,2018-10-01,1
20231081,339,3864,2,100,6,3,6,4148.64,2654.58,1494.06,4215.98,4383.27,P0339,Cooling Systems Product 339,Cooling Systems,290,786,C03864,"Silva, Olson and Jacobs",Distributor,Automotive,Port Megan,Germany,2024-04-17,1
20244044,215,1075,3,5,9,3,12,106.48,93.47,13.01,111.64,107.22,P0215,Filtration Product 215,Filtration,442,307,C01075,Cummings Group,Fleet,Transportation,Carolineville,Netherlands,2017-05-05,1
20237237,19,300,5,61,6,4,19,1375.18,1084.78,290.4,1418.53,1407.71,P0019,Filtration Product 19,Filtration,481,705,C00300,"Chandler, Clayton and Williams",Fleet,Transportation,Lake Michael,Belgium,2021-06-07,1
20236504,436,2839,6,45,2,4,6,350.09,260.28,89.81,350.86,370.43,P0436,Filtration Product 436,Filtration,182,285,C02839,"Hernandez, Thompson and Stephenson",Fleet,Manufacturing,New Jason,Germany,2023-07-03,1
20243322,132,3619,4,51,5,4,18,4817.02,3066.06,1750.96,4753.03,5007.63,P0132,Electronics Product 132,Electronics,363,596,C03619,Guerrero Ltd,OEM,Transportation,Port Teresastad,Belgium,2021-05-03,1
20254368,455,4450,1,47,4,5,7,1772.19,1191.34,580.85,1856.62,1703.75,P0455,Fuel Systems Product 455,Fuel Systems,304,983,C04450,Jimenez-Mahoney,Fleet,Transportation,Hernandezstad,Netherlands,2025-10-20,1
20243411,150,4129,6,37,4,1,18,3460.64,2348.93,1111.71,3425.28,3801.19,P0150,Sensors Product 150,Sensors,296,856,C04129,"Hernandez, Woods and Jennings",OEM,Automotive,Vancemouth,Netherlands,2025-07-13,1
20235660,44,1496,2,72,9,3,18,2189.11,1809.74,379.37,2087.67,2184.17,P0044,Electronics Product 44,Electronics,254,373,C01496,Lopez Inc,Fleet,Automotive,West Stanleyland,Italy,2025-03-13,1
20237584,367,760,1,98,4,5,6,1187.78,771.22,416.56,1218.06,1251.94,P0367,Sensors Product 367,Sensors,144,431,C00760,Erickson-Hawkins,Distributor,Automotive,Colemanchester,Sweden,2025-03-24,1
20231979,102,245,10,104,6,5,2,3759.2,2584.98,1174.22,3894.09,3581.04,P0102,Electronics Product 102,Electronics,346,814,C00245,"Phillips, Torres and Rodriguez",OEM,Transportation,Lake Glen,Italy,2017-04-19,1
20230071,158,3847,1,108,5,4,17,2621.34,1620.13,1001.21,2593.28,2656.12,P0158,Filtration Product 158,Filtration,101,235,C03847,Diaz-Mccann,Fleet,Automotive,North Lucas,Germany,2025-07-27,1
20253687,402,4117,4,82,6,2,8,4095.0,3035.73,1059.27,4113.39,4501.21,P0402,Sensors Product 402,Sensors,229,502,C04117,Espinoza-Bailey,Distributor,Manufacturing,West Jamesshire,Sweden,2016-10-18,1
20237062,244,4988,10,66,1,3,14,2117.28,1434.02,683.26,2187.38,2316.54,P0244,Fuel Systems Product 244,Fuel Systems,364,551,C04988,"Lambert, Ross and Thomas",OEM,Manufacturing,Lamtown,Sweden,2021-05-22,1
20231595,97,4407,4,70,3,1,2,4057.35,2436.73,1620.62,4223.25,4108.67,P0097,Turbochargers Product 97,Turbochargers,328,510,C04407,Frye-Campbell,Fleet,Automotive,Smithtown,Belgium,2017-08-31,1
20221863,311,183,5,98,9,5,11,3181.31,2169.12,1012.19,3168.45,3048.22,P0311,Sensors Product 311,Sensors,256,601,C00183,"Roberson, Davis and Reynolds",Distributor,Manufacturing,Crystalton,Belgium,2024-11-18,1
20257824,391,3445,7,83,4,2,7,1871.92,1202.13,669.79,1953.31,1853.86,P0391,Sensors Product 391,Sensors,448,870,C03445,Lopez-Dorsey,OEM,Transportation,Thomasborough,Netherlands,2019-12-05,1
20259875,196,1272,2,37,5,5,3,4231.84,3232.29,999.55,4290.02,4323.16,P0196,Filtration Product 196,Filtration,469,177,C01272,"Anderson, Carter and Bennett",Fleet,Automotive,Hardyville,France,2024-11-13,1
20235416,473,62,7,64,7,1,3,4712.74,3065.62,1647.12,4884.89,5176.82,P0473,Aftertreatment Product 473,Aftertreatment,413,797,C00062,Schroeder PLC,Distributor,Transportation,Port Tina,Poland,2017-05-23,1
20237771,101,3847,8,75,1,2,18,2200.57,1538.98,661.59,2292.45,2250.21,P0101,Turbochargers Product 101,Turbochargers,215,334,C03847,Diaz-Mccann,Fleet,Automotive,North Lucas,Germany,2025-07-27,1
20256253,429,1440,4,119,1,3,10,267.22,212.5,54.72,275.76,293.67,P0429,Aftertreatment Product 429,Aftertreatment,463,540,C01440,Roberts-Hernandez,Distributor,Transportation,New Micheleton,Netherlands,2018-07-19,1
20248141,310,4417,9,59,8,4,6,4076.27,3400.35,675.92,3899.44,4479.35,P0310,Filtration Product 310,Filtration,299,806,C04417,"Henderson, Christian and Martin",Fleet,Automotive,Port Faith,Netherlands,2017-07-14,1
20237228,329,1788,6,40,8,5,12,572.52,461.29,111.23,554.4,613.79,P0329,Turbochargers Product 329,Turbochargers,261,982,C01788,Mayo PLC,OEM,Manufacturing,Natalieville,Belgium,2020-01-24,1
20226268,29,266,5,9,1,5,7,174.0,155.7,18.3,166.93,177.55,P0029,Fuel Systems Product 29,Fuel Systems,128,126,C00266,Arnold LLC,OEM,Automotive,Lindseyport,France,2025-06-19,1
20247880,124,2893,5,86,9,1,12,497.84,447.21,50.63,491.4,542.54,P0124,Turbochargers Product 124,Turbochargers,212,315,C02893,"Thornton, Marshall and Stanley",OEM,Manufacturing,Port Edward,France,2017-03-16,1
20235776,484,3844,10,38,6,1,15,1148.62,863.17,285.45,1094.22,1174.56,P0484,Turbochargers Product 484,Turbochargers,493,349,C03844,Lewis Group,Fleet,Manufacturing,Brandonchester,Belgium,2022-10-09,1
20235374,490,3625,10,115,4,3,14,4699.43,4067.06,632.37,4858.57,4788.39,P0490,Filtration Product 490,Filtration,178,560,C03625,Bradley Inc,Distributor,Transportation,Mccoyside,France,2016-12-19,1
20220385,483,739,7,32,2,2,1,1892.75,1384.15,508.6,1815.34,1997.53,P0483,Cooling Systems Product 483,Cooling Systems,190,504,C00739,Church Group,Distributor,Automotive,Richardside,Germany,2020-07-12,1
20223577,187,1881,6,81,6,4,13,2855.2,2411.08,444.12,2755.7,3068.6,P0187,Fuel Systems Product 187,Fuel Systems,253,517,C01881,Ochoa and Sons,Fleet,Transportation,West James,Poland,2020-06-24,1
20245776,276,4263,10,96,7,1,19,2312.83,1810.87,501.96,2319.7,2220.84,P0276,Sensors Product 276,Sensors,475,986,C04263,"Anderson, Walker and Cole",OEM,Manufacturing,West Deniseburgh,Belgium,2022-08-27,1
20241250,201,1017,5,10,3,2,5,3887.55,2793.11,1094.44,3996.13,3874.14,P0201,Filtration Product 201,Filtration,170,784,C01017,Salas-Ross,Fleet,Automotive,North Samanthahaven,France,2020-03-26,1
20242971,278,235,7,34,2,2,12,3085.36,2166.99,918.37,3050.18,2941.43,P0278,Aftertreatment Product 278,Aftertreatment,153,148,C00235,Brown PLC,Fleet,Automotive,South Brianburgh,Sweden,2024-11-07,1
20239701,100,2473,7,99,4,4,9,284.4,177.51,106.89,296.82,292.28,P0100,Cooling Systems Product 100,Cooling Systems,266,465,C02473,Barry LLC,Fleet,Transportation,New Kristyton,Austria,2020-12-29,1
20224341,38,2498,9,85,8,3,17,2890.47,2347.27,543.2,2844.97,3026.46,P0038,Cooling Systems Product 38,Cooling Systems,192,521,C02498,Long-Cordova,Distributor,Manufacturing,Maciasshire,Poland,2017-08-12,1
20232319,207,4410,5,1,7,2,9,1287.24,1043.12,244.12,1281.45,1231.78,P0207,Filtration Product 207,Filtration,343,630,C04410,Day and Sons,Distributor,Automotive,Janetmouth,Poland,2019-10-31,1
20239282,331,3281,2,71,3,4,12,1863.81,1601.77,262.04,1859.94,1872.99,P0331,Cooling Systems Product 331,Cooling Systems,438,820,C03281,Phelps PLC,Distributor,Automotive,Colemanside,Belgium,2025-09-28,1
20238460,392,4491,9,105,2,5,15,542.29,405.44,136.85,522.41,554.52,P0392,Turbochargers Product 392,Turbochargers,136,802,C04491,"Martin, Novak and Bowman",Distributor,Transportation,South Phillipborough,Belgium,2020-07-20,1
20233186,283,1157,1,51,8,1,16,213.45,162.44,51.01,206.85,206.29,P0283,Electronics Product 283,Electronics,313,844,C01157,Farrell and Sons,OEM,Transportation,Lake Dennistown,Netherlands,2019-05-22,1
20224348,326,897,6,92,3,3,3,3088.2,2253.74,834.46,2964.76,3075.19,P0326,Sensors Product 326,Sensors,428,355,C00897,Mills Inc,OEM,Automotive,South Joseph,France,2026-05-09,1
20228438,266,706,5,107,7,2,11,3379.42,2168.86,1210.56,3293.24,3210.75,P0266,Aftertreatment Product 266,Aftertreatment,134,114,C00706,Griffith Ltd,Fleet,Transportation,Jeffreyborough,France,2022-08-21,1
20230719,261,2927,10,81,10,1,4,718.49,435.24,283.25,725.57,707.82,P0261,Turbochargers Product 261,Turbochargers,231,310,C02927,"Adams, Snyder and Miller",OEM,Automotive,Adrianberg,Poland,2019-02-22,1
20236848,411,700,3,20,7,4,5,588.82,482.88,105.94,562.45,643.19,P0411,Turbochargers Product 411,Turbochargers,451,439,C00700,Robles Inc,Fleet,Transportation,New Dannyfurt,Belgium,2019-03-27,1
20241140,181,1228,2,10,5,1,14,3808.14,2447.37,1360.77,3911.57,4072.26,P0181,Cooling Systems Product 181,Cooling Systems,243,370,C01228,"Marks, Schultz and Carlson",Distributor,Automotive,Monicaside,Germany,2021-02-06,1
20226304,181,3700,6,61,4,1,19,2650.01,2201.14,448.87,2551.69,2882.05,P0181,Cooling Systems Product 181,Cooling Systems,243,370,C03700,Sanchez-Wall,OEM,Manufacturing,Shannonhaven,Belgium,2025-04-21,1
20223827,342,50,2,106,2,3,17,3159.1,2761.77,397.33,3220.55,3334.39,P0342,Cooling Systems Product 342,Cooling Systems,304,613,C00050,Alexander and Sons,Distributor,Transportation,Lake Miguel,Spain,2020-08-24,1
20223554,415,3167,6,52,1,3,7,4518.73,3787.09,731.64,4718.39,4698.26,P0415,Fuel Systems Product 415,Fuel Systems,482,931,C03167,Bell Inc,Fleet,Manufacturing,East Jillian,Spain,2024-06-05,1
20241629,169,1589,5,29,1,5,1,2557.51,1845.22,712.29,2505.2,2755.67,P0169,Turbochargers Product 169,Turbochargers,442,635,C01589,Hunter-Dawson,Fleet,Manufacturing,Melissafurt,Netherlands,2020-12-14,1
20241359,472,1711,4,4,4,2,6,1557.47,1296.44,261.03,1580.2,1681.32,P0472,Aftertreatment Product 472,Aftertreatment,267,714,C01711,Turner LLC,OEM,Transportation,Port Jacquelineview,Spain,2016-09-08,1
20257158,259,3180,6,45,3,1,7,1729.14,1218.06,511.08,1776.96,1648.09,P0259,Turbochargers Product 259,Turbochargers,420,350,C03180,"Arnold, Maddox and Mendez",OEM,Manufacturing,Larsenbury,Germany,2024-07-29,1
20240196,465,4875,8,24,2,5,17,908.44,687.55,220.89,894.28,974.1,P0465,Fuel Systems Product 465,Fuel Systems,52,135,C04875,"Johnson, Powell and Collins",OEM,Automotive,Stephanieside,Spain,2021-05-31,1
20228636,278,4333,9,46,5,1,3,1917.24,1688.96,228.28,1940.49,1973.71,P0278,Aftertreatment Product 278,Aftertreatment,153,148,C04333,Barnett-Knight,Distributor,Manufacturing,East Richard,France,2020-08-31,1
20220527,183,3273,5,1,5,5,19,2881.37,2458.0,423.37,2772.88,2811.6,P0183,Fuel Systems Product 183,Fuel Systems,382,919,C03273,Morris-Johnson,Fleet,Transportation,Stephanieside,Italy,2019-08-31,1
20229994,291,1841,4,69,6,4,3,453.64,326.23,127.41,473.3,486.29,P0291,Cooling Systems Product 291,Cooling Systems,130,620,C01841,"Miller, Clark and Flores",Fleet,Manufacturing,Lauraburgh,Italy,2016-11-29,1
20226744,296,4780,2,14,10,1,17,1270.89,863.13,407.76,1311.02,1320.82,P0296,Electronics Product 296,Electronics,200,189,C04780,Brown-Hayes,Distributor,Automotive,West Jacobburgh,Belgium,2022-05-11,1
20250109,170,2568,7,51,7,4,10,3038.24,2242.37,795.87,2895.23,2981.13,P0170,Fuel Systems Product 170,Fuel Systems,339,713,C02568,Woods LLC,Distributor,Automotive,North Annette,Germany,2024-07-22,1
20243200,140,3126,1,119,3,1,9,4652.55,3448.94,1203.61,4864.1,4878.09,P0140,Filtration Product 140,Filtration,197,391,C03126,Payne and Sons,Fleet,Automotive,Baileystad,Austria,2019-01-21,1
20246864,19,4797,10,84,7,4,11,4268.43,3350.39,918.04,4120.55,4198.52,P0019,Filtration Product 19,Filtration,481,705,C04797,Rodriguez and Sons,OEM,Automotive,Dodsonmouth,Spain,2017-12-24,1
20247618,244,2457,10,21,9,5,18,4274.52,3710.76,563.76,4481.18,4332.88,P0244,Fuel Systems Product 244,Fuel Systems,364,551,C02457,Ramos-Sanders,OEM,Manufacturing,East Carlymouth,Sweden,2024-04-16,1
20239686,429,254,9,54,8,3,3,1694.54,1168.04,526.5,1757.69,1724.9,P0429,Aftertreatment Product 429,Aftertreatment,463,540,C00254,"Snyder, Barr and Mata",Fleet,Transportation,South Steven,Austria,2019-07-12,1
20246106,396,1325,10,22,6,2,5,4706.74,3431.12,1275.62,4809.59,4715.73,P0396,Turbochargers Product 396,Turbochargers,351,349,C01325,"Lee, Hicks and Higgins",Fleet,Transportation,Williamview,Spain,2021-09-15,1
20252855,105,391,9,119,2,5,3,2841.98,1807.66,1034.32,2869.44,3024.63,P0105,Filtration Product 105,Filtration,163,690,C00391,"Dunn, Watts and Valdez",Distributor,Automotive,West Scottview,Italy,2023-12-05,1
20255667,95,2536,1,79,9,5,6,675.42,577.28,98.14,708.9,677.06,P0095,Aftertreatment Product 95,Aftertreatment,466,868,C02536,Hill Inc,Distributor,Transportation,New Ronald,Belgium,2022-10-22,1
20237070,159,4191,2,28,5,1,5,3263.69,2795.22,468.47,3414.38,3166.98,P0159,Filtration Product 159,Filtration,180,372,C04191,Gray-Blankenship,Fleet,Manufacturing,Murrayshire,France,2023-12-13,1
20252230,179,2182,3,45,7,5,11,3000.12,1834.83,1165.29,3035.86,3123.07,P0179,Sensors Product 179,Sensors,202,270,C02182,"Collins, Reed and Mathis",Fleet,Automotive,West Kathleen,Poland,2021-07-28,1
20241932,134,1069,4,109,5,5,15,4035.8,3015.24,1020.56,4160.44,4342.21,P0134,Fuel Systems Product 134,Fuel Systems,256,227,C01069,Larsen and Sons,OEM,Transportation,Rhondaburgh,Austria,2023-04-27,1
20226315,190,2091,4,88,9,5,8,3727.48,2557.72,1169.76,3864.86,3788.95,P0190,Sensors Product 190,Sensors,92,951,C02091,Rodgers Group,Distributor,Automotive,Mccannberg,Poland,2017-03-07,1
20259198,459,84,4,115,8,3,17,4250.37,3002.79,1247.58,4413.82,4567.81,P0459,Filtration Product 459,Filtration,230,102,C00084,Banks Inc,Distributor,Manufacturing,Garciamouth,Austria,2021-02-21,1
20237144,394,3422,3,102,5,2,8,2656.82,2127.65,529.17,2661.12,2811.21,P0394,Sensors Product 394,Sensors,430,463,C03422,Martinez-Fleming,Distributor,Transportation,East Wanda,Austria,2016-10-14,1
20259870,160,1200,9,12,9,1,13,1293.87,841.14,452.73,1338.35,1388.59,P0160,Turbochargers Product 160,Turbochargers,251,984,C01200,"Allen, Anderson and Kim",OEM,Manufacturing,Jessicaport,Spain,2017-05-21,1
20249172,168,1605,3,109,9,4,19,2571.71,2248.79,322.92,2534.98,2459.8,P0168,Fuel Systems Product 168,Fuel Systems,192,876,C01605,Horton-Edwards,Fleet,Manufacturing,Lake Mark,France,2017-11-24,1
20222168,421,3661,2,103,3,4,2,1333.81,1182.8,151.01,1335.03,1444.0,P0421,Sensors Product 421,Sensors,88,105,C03661,Gutierrez-Myers,OEM,Automotive,Jenkinsbury,Germany,2020-07-25,1
20253763,74,2307,4,6,3,5,1,580.39,353.7,226.69,559.0,567.87,P0074,Sensors Product 74,Sensors,140,914,C02307,"Campbell, Gomez and Hernandez",Fleet,Transportation,Robertborough,Sweden,2023-04-02,1
20255368,250,4857,6,49,10,5,10,1200.15,913.04,287.11,1245.94,1272.05,P0250,Filtration Product 250,Filtration,54,887,C04857,Brown Ltd,OEM,Automotive,Hinestown,Germany,2018-11-09,1
20243375,367,3370,10,59,8,5,15,3430.93,2100.67,1330.26,3389.22,3479.59,P0367,Sensors Product 367,Sensors,144,431,C03370,Baker Ltd,OEM,Automotive,Christopherburgh,Sweden,2017-06-03,1
20239119,282,3638,3,41,7,4,19,594.46,387.92,206.54,581.96,604.76,P0282,Sensors Product 282,Sensors,228,207,C03638,Ramirez and Sons,Distributor,Automotive,Crystalstad,Austria,2021-06-13,1
20233215,445,1784,7,38,1,2,17,968.26,585.68,382.58,958.39,975.34,P0445,Fuel Systems Product 445,Fuel Systems,236,412,C01784,Watts and Sons,Fleet,Transportation,South Vanessa,Sweden,2022-01-14,1
20234371,122,1112,2,96,4,3,15,2512.18,1606.6,905.58,2500.75,2625.1,P0122,Electronics Product 122,Electronics,164,537,C01112,"Griffith, Johnson and Porter",Distributor,Automotive,Robertmouth,Austria,2019-02-15,1
20235409,249,1421,9,70,6,5,8,3655.76,2490.69,1165.07,3771.81,3873.32,P0249,Fuel Systems Product 249,Fuel Systems,135,790,C01421,"Williams, Miller and Bowen",Distributor,Manufacturing,South Justin,Germany,2016-08-15,1
20251351,213,1754,3,15,4,3,11,2750.75,1777.8,972.95,2761.42,2973.51,P0213,Fuel Systems Product 213,Fuel Systems,382,243,C01754,Thompson-Patel,Distributor,Transportation,Port Sandra,Poland,2025-11-01,1
20250938,207,4906,1,3,6,4,17,4282.95,2853.48,1429.47,4301.55,4644.46,P0207,Filtration Product 207,Filtration,343,630,C04906,"Fleming, Young and Vasquez",Fleet,Transportation,Brittanyfurt,France,2019-12-12,1
20223620,27,4303,2,109,1,4,16,4584.32,3991.22,593.1,4666.6,4586.45,P0027,Sensors Product 27,Sensors,402,926,C04303,Klein-Wilkinson,Distributor,Manufacturing,Edwardfort,Spain,2024-03-05,1
20246231,216,948,2,100,8,2,2,3459.0,2347.77,1111.23,3442.39,3737.45,P0216,Cooling Systems Product 216,Cooling Systems,366,240,C00948,"Cox, Finley and Cox",Distributor,Automotive,East Kevin,Austria,2024-07-13,1
20230301,435,483,3,37,5,1,5,4328.69,2670.62,1658.07,4504.47,4621.11,P0435,Aftertreatment Product 435,Aftertreatment,175,492,C00483,Patrick PLC,OEM,Manufacturing,Elliottchester,France,2017-10-09,1
20260034,437,18,10,24,1,2,12,4350.89,2664.38,1686.51,4334.19,4705.94,P0437,Turbochargers Product 437,Turbochargers,415,793,C00018,West Ltd,OEM,Manufacturing,Mannhaven,Sweden,2022-03-20,1
20224717,367,1572,5,105,2,1,12,1021.95,780.93,241.02,982.43,1028.7,P0367,Sensors Product 367,Sensors,144,431,C01572,Howard Group,Fleet,Transportation,Brownmouth,Netherlands,2024-07-23,1
20252703,200,3342,10,93,7,4,15,4119.33,3172.57,946.76,4036.99,4482.5,P0200,Electronics Product 200,Electronics,57,195,C03342,Miller Group,OEM,Automotive,West Jessicaborough,Italy,2018-11-24,1
20231250,207,472,5,88,4,4,4,430.78,269.0,161.78,427.68,409.4,P0207,Filtration Product 207,Filtration,343,630,C00472,Lloyd-Cochran,OEM,Transportation,West Gloria,Netherlands,2025-04-11,1
20249132,464,1261,1,57,4,5,14,2417.63,1721.79,695.84,2424.15,2508.2,P0464,Filtration Product 464,Filtration,103,843,C01261,Johnson LLC,OEM,Automotive,Davidstad,France,2016-09-20,1
20238976,320,1707,10,29,1,2,13,2704.68,2403.05,301.63,2761.51,2672.07,P0320,Fuel Systems Product 320,Fuel Systems,332,371,C01707,Ryan-White,OEM,Transportation,Justinville,Austria,2022-12-12,1
20225176,321,291,9,47,10,2,3,4323.55,3212.15,1111.4,4335.52,4751.0,P0321,Cooling Systems Product 321,Cooling Systems,340,488,C00291,"Gibson, Johnson and Coleman",OEM,Automotive,South Sheila,Netherlands,2026-02-19,1
20223175,383,859,7,54,9,2,2,1401.47,899.82,501.65,1338.48,1468.3,P0383,Electronics Product 383,Electronics,446,491,C00859,"Delgado, Moore and Hoffman",OEM,Manufacturing,Evanville,Sweden,2025-07-28,1
20226910,109,2936,7,40,10,1,14,1005.85,610.63,395.22,1043.82,1028.3,P0109,Cooling Systems Product 109,Cooling Systems,251,702,C02936,Summers and Sons,Distributor,Transportation,Alyssafurt,France,2021-08-15,1
20237799,427,3393,8,42,10,3,7,3310.07,2208.31,1101.76,3463.28,3368.66,P0427,Sensors Product 427,Sensors,314,409,C03393,"Dunlap, Ruiz and Wiggins",Distributor,Automotive,Lake Taylor,Germany,2018-08-06,1
20253022,75,3436,8,117,8,2,4,1224.48,1081.79,142.69,1269.29,1256.15,P0075,Electronics Product 75,Electronics,51,323,C03436,Williams-Hendrix,Distributor,Transportation,Petersonhaven,Sweden,2018-08-05,1
20225410,438,3824,5,77,7,2,3,4728.42,3024.04,1704.38,4904.24,5028.7,P0438,Electronics Product 438,Electronics,347,372,C03824,Hernandez Inc,Fleet,Transportation,Gardnerton,Netherlands,2020-05-02,1
20259001,448,744,8,80,9,2,13,863.76,763.88,99.88,895.49,897.79,P0448,Cooling Systems Product 448,Cooling Systems,64,439,C00744,"Davenport, Richmond and Robertson",Fleet,Transportation,Espinozafort,Poland,2022-08-13,1
20237442,12,3248,8,60,2,5,10,2939.1,1767.56,1171.54,2912.49,3060.32,P0012,Turbochargers Product 12,Turbochargers,314,761,C03248,Torres PLC,OEM,Transportation,Hollytown,France,2022-04-16,1
20221886,61,3466,5,81,3,5,20,4074.91,3227.55,847.36,3892.8,4344.88,P0061,Turbochargers Product 61,Turbochargers,365,974,C03466,Mendez-Woodward,OEM,Automotive,South Alyssa,Sweden,2025-10-02,1
20245477,61,2879,5,90,3,3,6,2077.22,1436.07,641.15,2108.14,2056.8,P0061,Turbochargers Product 61,Turbochargers,365,974,C02879,Rodriguez-Carter,Fleet,Automotive,East Crystal,Germany,2020-12-10,1
20229267,251,865,9,90,8,5,17,1018.45,713.35,305.1,999.98,1018.2,P0251,Sensors Product 251,Sensors,385,817,C00865,"Costa, Johnson and Hall",Fleet,Automotive,New Tracey,Poland,2017-03-31,1
20242561,364,1465,5,78,7,5,12,1267.05,807.44,459.61,1232.36,1272.52,P0364,Sensors Product 364,Sensors,242,217,C01465,"Pierce, Escobar and Leach",Distributor,Automotive,Port Gregoryshire,Germany,2020-06-18,1
20236748,453,919,5,94,7,5,10,4375.31,2770.84,1604.47,4439.53,4241.81,P0453,Aftertreatment Product 453,Aftertreatment,450,357,C00919,"Robbins, Stephens and Jensen",Distributor,Automotive,Trujillotown,France,2022-08-26,1
20251840,338,4621,3,54,9,4,13,4868.7,3761.37,1107.33,4843.24,4655.11,P0338,Electronics Product 338,Electronics,279,674,C04621,Taylor PLC,Distributor,Transportation,Lake Kathryn,Poland,2026-05-22,1
20252770,485,2217,8,31,2,4,16,425.99,284.27,141.72,431.94,408.85,P0485,Aftertreatment Product 485,Aftertreatment,458,554,C02217,Mcclure-Brewer,OEM,Transportation,Williamhaven,Germany,2018-01-17,1
20223638,75,1036,10,63,2,3,10,214.05,149.31,64.74,208.79,228.35,P0075,Electronics Product 75,Electronics,51,323,C01036,Ross LLC,Fleet,Transportation,Sanchezville,Germany,2023-05-04,1
20241040,365,1316,4,34,1,2,10,3908.27,2562.56,1345.71,4101.82,3720.87,P0365,Aftertreatment Product 365,Aftertreatment,222,506,C01316,"Vega, Doyle and Arnold",Fleet,Automotive,New Douglasborough,Austria,2023-06-11,1
20251186,168,919,4,14,1,2,7,4123.94,3594.21,529.73,4291.98,4500.84,P0168,Fuel Systems Product 168,Fuel Systems,192,876,C00919,"Robbins, Stephens and Jensen",Distributor,Automotive,Trujillotown,France,2022-08-26,1
20226496,428,4219,5,40,1,5,20,2822.73,2238.92,583.81,2724.44,2812.98,P0428,Turbochargers Product 428,Turbochargers,101,943,C04219,Fuentes-Henry,Fleet,Transportation,Jonathanbury,Italy,2017-11-01,1
20238229,205,3794,9,45,5,2,9,2829.92,2030.74,799.18,2901.97,2817.61,P0205,Sensors Product 205,Sensors,355,908,C03794,Rivas-Cruz,Distributor,Manufacturing,South Troy,Austria,2021-03-10,1
20229089,212,802,6,38,2,1,13,1328.03,991.22,336.81,1314.39,1348.85,P0212,Filtration Product 212,Filtration,310,952,C00802,Russell-Branch,OEM,Transportation,North James,Italy,2016-12-31,1
20224989,73,4603,10,94,5,4,2,2996.27,2295.6,700.67,3127.92,3049.58,P0073,Electronics Product 73,Electronics,385,474,C04603,"Simpson, Hickman and Robertson",Fleet,Transportation,Port Coreybury,Italy,2020-08-10,1
20227995,219,2094,8,51,9,3,19,4008.71,2577.29,1431.42,3882.03,4393.44,P0219,Electronics Product 219,Electronics,469,530,C02094,Choi PLC,Fleet,Manufacturing,Kennethfort,Poland,2018-06-24,1
20246156,476,1506,6,40,10,3,7,1274.34,846.32,428.02,1243.89,1258.12,P0476,Sensors Product 476,Sensors,212,959,C01506,Ramirez-Lynch,Distributor,Transportation,East Troytown,Spain,2017-10-28,1
20242394,221,4523,7,82,3,5,4,829.8,709.74,120.06,835.18,798.99,P0221,Cooling Systems Product 221,Cooling Systems,468,573,C04523,Nelson and Sons,OEM,Transportation,Port Jeffreybury,Spain,2019-11-20,1
20220932,208,497,10,118,6,1,10,1519.12,913.27,605.85,1508.43,1608.67,P0208,Sensors Product 208,Sensors,403,983,C00497,Holt and Sons,Distributor,Transportation,Brandyborough,Sweden,2026-01-29,1
20256819,377,1733,2,114,6,1,4,170.61,117.22,53.39,166.97,185.17,P0377,Electronics Product 377,Electronics,179,258,C01733,Smith Ltd,OEM,Automotive,Bennettchester,Sweden,2023-02-24,1
20253433,211,4379,9,85,2,5,3,3296.89,2264.33,1032.56,3450.3,3202.84,P0211,Sensors Product 211,Sensors,246,215,C04379,Pierce-Cooper,Fleet,Transportation,West Danny,Netherlands,2024-01-20,1
20261085,224,4743,2,73,8,2,17,3643.34,2462.71,1180.63,3616.62,3508.65,P0224,Cooling Systems Product 224,Cooling Systems,385,175,C04743,Young Group,OEM,Transportation,Christinemouth,France,2024-05-30,1
20243140,91,3005,6,43,3,2,17,2546.05,1822.17,723.88,2560.58,2517.6,P0091,Aftertreatment Product 91,Aftertreatment,132,595,C03005,Fry PLC,Distributor,Transportation,East Crystal,Poland,2024-10-07,1
20221908,35,4107,9,105,3,4,6,2470.53,1514.3,956.23,2398.28,2690.14,P0035,Filtration Product 35,Filtration,488,634,C04107,"Gallagher, Schmidt and Rollins",Fleet,Automotive,Clarkberg,Poland,2019-03-29,1
20245867,131,4300,7,120,10,1,10,3932.71,3210.84,721.87,3978.11,3779.21,P0131,Turbochargers Product 131,Turbochargers,475,212,C04300,Roberts-Weaver,OEM,Manufacturing,Ramseyberg,Spain,2021-10-13,1
20249789,444,1482,6,5,5,1,1,4126.31,3646.63,479.68,4252.91,3950.86,P0444,Sensors Product 444,Sensors,216,648,C01482,"Hawkins, Johnson and Diaz",OEM,Manufacturing,South Johnhaven,Poland,2017-08-02,1
20247573,338,3708,2,37,10,3,3,1712.43,1531.6,180.83,1757.28,1680.38,P0338,Electronics Product 338,Electronics,279,674,C03708,Guzman LLC,Fleet,Manufacturing,West Kaitlyn,Italy,2022-11-12,1
20243547,332,2039,1,45,5,3,12,199.81,179.44,20.37,207.31,211.84,P0332,Filtration Product 332,Filtration,298,534,C02039,Sharp and Sons,Distributor,Transportation,Port Howardville,Germany,2019-09-28,1
20232072,396,1906,5,20,2,1,17,2849.03,2305.92,543.11,2967.3,3040.52,P0396,Turbochargers Product 396,Turbochargers,351,349,C01906,Jones and Sons,OEM,Manufacturing,Christopherburgh,Austria,2021-07-29,1
20247928,450,3467,10,73,2,2,2,115.34,97.11,18.23,110.58,117.56,P0450,Sensors Product 450,Sensors,333,866,C03467,"Campbell, Mitchell and Mendez",Distributor,Transportation,New Julieport,Poland,2021-02-12,1
20228844,208,2226,4,52,6,2,12,3453.68,2915.34,538.34,3484.5,3611.66,P0208,Sensors Product 208,Sensors,403,983,C02226,Johnson-Yates,Fleet,Manufacturing,Lake Cody,Spain,2017-04-16,1
20236196,423,2951,1,94,8,5,13,2114.77,1434.13,680.64,2044.4,2321.84,P0423,Fuel Systems Product 423,Fuel Systems,466,114,C02951,Reed-Burton,Fleet,Manufacturing,Rileyfurt,Poland,2016-09-15,1
20250572,243,883,7,114,3,2,2,2891.9,2039.95,851.95,2962.12,3078.38,P0243,Fuel Systems Product 243,Fuel Systems,174,391,C00883,Taylor-Randall,OEM,Manufacturing,Lake Mary,Austria,2018-03-01,1
20258592,66,3435,5,117,6,3,20,230.65,191.5,39.15,224.0,222.56,P0066,Cooling Systems Product 66,Cooling Systems,227,616,C03435,Newman Inc,Fleet,Transportation,Patriciabury,Spain,2018-07-14,1
20236260,9,2912,9,86,9,4,20,4564.57,3113.4,1451.17,4764.64,4793.33,P0009,Sensors Product 9,Sensors,489,328,C02912,Turner-Lee,Distributor,Transportation,West Carolyn,Poland,2025-01-20,1
20249231,148,657,4,38,6,1,7,2735.08,1784.67,950.41,2688.57,2729.08,P0148,Filtration Product 148,Filtration,128,603,C00657,Shelton LLC,OEM,Manufacturing,Lake Amy,Italy,2024-12-18,1
20241811,147,3826,3,71,9,1,6,3553.31,2936.32,616.99,3729.4,3830.6,P0147,Sensors Product 147,Sensors,54,359,C03826,Ross-Wall,Fleet,Manufacturing,Collinsmouth,Spain,2021-02-07,1
20241317,467,2057,4,46,7,5,7,1117.91,881.01,236.9,1081.16,1210.38,P0467,Aftertreatment Product 467,Aftertreatment,451,174,C02057,Rodriguez Ltd,OEM,Transportation,Olsonland,Belgium,2023-07-11,1
20221956,46,4758,9,102,5,1,19,3637.0,2914.03,722.97,3502.17,3990.96,P0046,Sensors Product 46,Sensors,205,967,C04758,"Wilson, Foster and Holt",OEM,Automotive,North Catherine,Germany,2020-01-04,1
20250094,36,2142,1,56,9,1,6,1953.94,1695.96,257.98,1949.13,1926.49,P0036,Electronics Product 36,Electronics,480,345,C02142,Calderon PLC,OEM,Automotive,Tyroneborough,Sweden,2017-01-27,1
20255458,470,3543,4,89,3,5,17,2407.47,1514.16,893.31,2420.63,2546.94,P0470,Electronics Product 470,Electronics,408,327,C03543,Evans-Tucker,OEM,Manufacturing,Kelseyberg,Germany,2024-07-12,1
20238652,145,4871,8,28,8,4,14,1522.89,1354.87,168.02,1578.45,1666.26,P0145,Turbochargers Product 145,Turbochargers,254,255,C04871,Clark PLC,Fleet,Transportation,Jessicaville,Sweden,2025-04-11,1
20249167,364,791,8,30,9,2,19,3413.58,2363.33,1050.25,3488.52,3576.46,P0364,Sensors Product 364,Sensors,242,217,C00791,"Stewart, Lewis and Townsend",OEM,Automotive,East Mary,Sweden,2022-08-27,1
20227442,384,631,1,81,7,4,6,4930.11,4359.4,570.71,4905.3,5245.93,P0384,Filtration Product 384,Filtration,443,820,C00631,"Quinn, Baldwin and Mills",Fleet,Manufacturing,Melissachester,Austria,2021-07-03,1
20249081,493,315,10,12,8,4,12,2216.86,1336.99,879.87,2181.29,2362.17,P0493,Fuel Systems Product 493,Fuel Systems,201,213,C00315,Fernandez and Sons,OEM,Automotive,Sanchezton,Poland,2026-04-24,1
20222362,178,4299,4,54,2,1,10,2438.9,2046.25,392.65,2538.18,2330.5,P0178,Cooling Systems Product 178,Cooling Systems,363,448,C04299,"Glenn, Wheeler and Thompson",Distributor,Manufacturing,Andrewberg,Austria,2017-06-17,1
20220386,70,1890,9,85,9,3,14,4590.91,3856.06,734.85,4580.46,4791.22,P0070,Turbochargers Product 70,Turbochargers,115,117,C01890,Alexander Inc,Distributor,Manufacturing,Jeffhaven,Poland,2021-12-27,1
20247254,367,4787,5,109,9,5,19,1042.33,812.94,229.39,999.06,1009.66,P0367,Sensors Product 367,Sensors,144,431,C04787,"Welch, Johnson and Foster",Fleet,Transportation,Brownborough,Belgium,2024-02-20,1
20258181,267,2708,5,33,3,4,19,1726.75,1252.35,474.4,1667.94,1875.58,P0267,Turbochargers Product 267,Turbochargers,306,322,C02708,Woods Group,Fleet,Transportation,North Heather,Netherlands,2017-10-27,1
20253690,289,4797,9,11,5,5,12,2647.43,2229.48,417.95,2603.77,2593.7,P0289,Fuel Systems Product 289,Fuel Systems,169,373,C04797,Rodriguez and Sons,OEM,Automotive,Dodsonmouth,Spain,2017-12-24,1
20236435,22,2574,8,106,4,3,14,370.04,315.62,54.42,365.77,378.65,P0022,Fuel Systems Product 22,Fuel Systems,161,526,C02574,Vincent LLC,Distributor,Manufacturing,Cameronfurt,Austria,2016-11-12,1
20234542,279,1389,2,77,9,3,3,301.5,210.33,91.17,305.64,312.19,P0279,Turbochargers Product 279,Turbochargers,196,110,C01389,Hunter and Sons,Fleet,Automotive,West Robinborough,Germany,2016-12-18,1
20249602,149,4158,4,73,4,5,19,2633.36,1691.64,941.72,2581.64,2621.9,P0149,Sensors Product 149,Sensors,441,408,C04158,Wallace-Stewart,Fleet,Transportation,Tuckerborough,Poland,2025-08-14,1
20229691,228,1496,9,65,4,5,19,478.37,394.62,83.75,492.44,525.87,P0228,Filtration Product 228,Filtration,197,732,C01496,Lopez Inc,Fleet,Automotive,West Stanleyland,Italy,2025-03-13,1
20251063,219,2009,6,82,7,3,16,3006.41,2632.53,373.88,2996.28,2883.72,P0219,Electronics Product 219,Electronics,469,530,C02009,"Bean, Bryan and Sanders",Fleet,Manufacturing,Leemouth,Germany,2025-01-02,1
20245588,261,1286,2,67,7,3,18,2326.96,2007.62,319.34,2267.98,2399.15,P0261,Turbochargers Product 261,Turbochargers,231,310,C01286,"Hill, Phillips and Roberts",Distributor,Transportation,Lindaberg,Sweden,2018-07-23,1
20229477,4,1029,9,52,5,1,8,4261.12,3055.63,1205.49,4150.64,4323.81,P0004,Fuel Systems Product 4,Fuel Systems,284,750,C01029,Wolfe-Mitchell,Distributor,Automotive,Gregoryburgh,Sweden,2025-09-05,1
20226723,262,3350,6,74,2,2,16,2643.1,2267.33,375.77,2526.65,2766.31,P0262,Fuel Systems Product 262,Fuel Systems,206,497,C03350,Williams-Hanna,Distributor,Manufacturing,South Maureen,France,2022-06-21,1
20250243,53,4734,1,43,9,2,12,1206.94,1046.17,160.77,1166.71,1212.23,P0053,Turbochargers Product 53,Turbochargers,498,900,C04734,"Johnson, Marsh and Hensley",OEM,Automotive,Whiteville,Austria,2020-06-08,1
20226063,391,2754,4,34,7,1,2,4803.36,3429.0,1374.36,4975.25,5225.57,P0391,Sensors Product 391,Sensors,448,870,C02754,"Ray, Wright and Williams",Fleet,Automotive,Johnnyville,Spain,2021-05-15,1
20239795,120,92,4,51,3,4,13,354.65,237.82,116.83,340.58,361.44,P0120,Cooling Systems Product 120,Cooling Systems,484,991,C00092,Ward and Sons,OEM,Automotive,New Juliehaven,Netherlands,2020-05-31,1
20239465,77,3625,9,37,8,3,1,3076.53,2731.44,345.09,3140.34,3185.26,P0077,Filtration Product 77,Filtration,270,390,C03625,Bradley Inc,Distributor,Transportation,Mccoyside,France,2016-12-19,1
20233790,409,609,1,34,1,1,10,4422.57,3932.61,489.96,4617.03,4776.61,P0409,Aftertreatment Product 409,Aftertreatment,58,859,C00609,Sampson-Gonzalez,Distributor,Manufacturing,Kimberlyberg,Austria,2017-11-14,1
20224272,125,1779,2,71,3,1,5,1262.43,819.61,442.82,1233.33,1324.14,P0125,Turbochargers Product 125,Turbochargers,437,990,C01779,Williams-Kline,Distributor,Manufacturing,South Cathy,Belgium,2020-03-24,1
20229301,271,793,10,46,6,3,18,3409.91,3026.41,383.5,3424.5,3410.2,P0271,Turbochargers Product 271,Turbochargers,236,400,C00793,Rodriguez-Beard,OEM,Manufacturing,Lake Ashley,Austria,2023-05-04,1
20257451,417,2612,2,50,3,5,5,409.92,291.87,118.05,416.02,397.66,P0417,Fuel Systems Product 417,Fuel Systems,346,907,C02612,Suarez and Sons,Distributor,Transportation,Melissaside,Germany,2017-12-26,1
20222629,197,845,8,62,1,3,10,4885.91,3742.2,1143.71,4979.27,5077.43,P0197,Electronics Product 197,Electronics,396,888,C00845,Miller-Roth,OEM,Transportation,New Bryan,Spain,2024-09-18,1
20256286,247,3421,8,53,10,5,13,2476.98,1638.05,838.93,2530.51,2360.3,P0247,Aftertreatment Product 247,Aftertreatment,457,906,C03421,"Sanders, Wilson and West",Fleet,Manufacturing,New Amandamouth,Italy,2017-03-30,1
20237751,393,3973,8,56,1,5,9,4627.57,2799.29,1828.28,4410.57,4959.24,P0393,Cooling Systems Product 393,Cooling Systems,344,957,C03973,White Group,Fleet,Transportation,Richardsonburgh,Germany,2019-05-16,1
20250776,64,3644,5,118,3,3,18,3147.27,2651.78,495.49,3066.86,3043.8,P0064,Cooling Systems Product 64,Cooling Systems,430,732,C03644,Allen Ltd,Fleet,Transportation,South Ryan,Belgium,2024-04-22,1
20250825,478,4467,1,13,6,2,5,3542.2,2352.88,1189.32,3696.98,3603.14,P0478,Filtration Product 478,Filtration,181,926,C04467,Ellis Ltd,Fleet,Manufacturing,South Felicia,Poland,2021-07-28,1
20229535,228,3017,3,28,4,2,12,682.77,578.18,104.59,664.95,667.6,P0228,Filtration Product 228,Filtration,197,732,C03017,Clark Ltd,Fleet,Manufacturing,Barrettfort,Italy,2024-05-07,1
20256720,99,4414,8,118,6,2,16,1160.16,827.35,332.81,1161.4,1112.25,P0099,Fuel Systems Product 99,Fuel Systems,88,252,C04414,Howard-Howard,Fleet,Transportation,Lake Anne,Austria,2016-10-05,1
20222963,178,3945,9,3,2,5,1,2687.61,2356.43,331.18,2726.13,2670.76,P0178,Cooling Systems Product 178,Cooling Systems,363,448,C03945,Contreras-Hart,Distributor,Automotive,Nicholastown,France,2023-12-22,1
20254432,17,3292,4,7,3,2,17,4035.07,2556.82,1478.25,4099.55,4321.63,P0017,Electronics Product 17,Electronics,160,200,C03292,"White, Brown and Stout",Fleet,Automotive,Webbhaven,Belgium,2020-01-15,1
20253364,352,3597,1,120,7,5,16,1735.66,1158.23,577.43,1662.27,1681.73,P0352,Filtration Product 352,Filtration,317,686,C03597,Newton-Johnston,OEM,Transportation,North Daniel,France,2018-01-23,1
20242030,187,2278,6,43,7,5,1,4263.32,3036.41,1226.91,4108.67,4647.88,P0187,Fuel Systems Product 187,Fuel Systems,253,517,C02278,Boyd-Gallagher,Fleet,Transportation,Williamfort,Poland,2024-08-07,1
20249988,458,1637,10,43,3,2,11,851.1,624.5,226.6,858.2,882.39,P0458,Sensors Product 458,Sensors,64,799,C01637,"Daniels, Williams and Lopez",Distributor,Manufacturing,Lake Amyland,Italy,2020-08-29,1
20222886,350,1938,5,108,6,3,15,3510.03,2350.4,1159.63,3672.8,3540.54,P0350,Fuel Systems Product 350,Fuel Systems,378,846,C01938,"Brown, Freeman and Lewis",Fleet,Transportation,Stevensonville,Austria,2016-10-04,1
20247935,340,294,8,97,6,1,1,1950.28,1403.89,546.39,2045.93,1907.84,P0340,Aftertreatment Product 340,Aftertreatment,182,184,C00294,Grant Group,Fleet,Manufacturing,Stanleyburgh,Austria,2023-09-05,1
20258708,267,3551,5,56,6,5,15,4265.42,2809.17,1456.25,4227.21,4527.25,P0267,Turbochargers Product 267,Turbochargers,306,322,C03551,Lewis PLC,Distributor,Manufacturing,Rubenbury,Poland,2024-04-22,1
20234398,420,3698,4,4,8,1,13,1638.63,1290.75,347.88,1575.55,1584.46,P0420,Fuel Systems Product 420,Fuel Systems,251,703,C03698,"Edwards, Beck and Hart",OEM,Manufacturing,Victoriaview,Germany,2021-09-11,1
20253164,243,862,7,98,4,2,12,4538.99,3124.87,1414.12,4524.37,4869.45,P0243,Fuel Systems Product 243,Fuel Systems,174,391,C00862,Morse and Sons,OEM,Manufacturing,West Garrett,Italy,2022-10-18,1
20227173,79,1243,3,8,9,4,20,2593.67,2147.62,446.05,2614.67,2812.1,P0079,Fuel Systems Product 79,Fuel Systems,182,426,C01243,Kemp-Reed,Distributor,Manufacturing,East Robertfort,France,2020-04-14,1
20255010,258,2618,6,68,9,5,9,4004.07,2812.23,1191.84,4097.28,4007.5,P0258,Filtration Product 258,Filtration,160,553,C02618,Jackson Ltd,OEM,Automotive,East Jason,Netherlands,2022-07-03,1
20245797,263,1099,8,102,2,1,11,2533.86,1682.14,851.72,2415.91,2611.84,P0263,Sensors Product 263,Sensors,106,470,C01099,Parker PLC,Distributor,Automotive,Johnsonchester,Spain,2023-10-17,1
20256984,151,2982,7,75,5,5,16,583.73,394.76,188.97,611.78,601.44,P0151,Turbochargers Product 151,Turbochargers,88,627,C02982,"Bowman, Willis and Howard",Fleet,Manufacturing,Taraburgh,Germany,2016-09-21,1
20258038,430,2175,3,82,9,1,10,4565.39,3984.35,581.04,4668.89,4649.93,P0430,Fuel Systems Product 430,Fuel Systems,294,461,C02175,Walker-Lewis,Fleet,Transportation,South Melissaview,Belgium,2021-09-23,1
20222257,224,439,10,120,4,3,20,264.76,218.12,46.64,257.05,274.93,P0224,Cooling Systems Product 224,Cooling Systems,385,175,C00439,Cooper-Blackwell,Distributor,Automotive,North Joanne,Netherlands,2021-08-12,1
20245367,199,1577,9,110,7,3,10,1112.79,736.84,375.95,1142.0,1181.8,P0199,Turbochargers Product 199,Turbochargers,174,399,C01577,"Whitney, Garner and Wade",Fleet,Transportation,Garciatown,Sweden,2021-12-01,1
20221992,348,2546,3,25,9,3,11,327.02,221.65,105.37,337.25,332.87,P0348,Electronics Product 348,Electronics,355,293,C02546,Clark Inc,Distributor,Transportation,Sullivanmouth,Austria,2024-03-10,1
20260131,226,4738,5,43,6,3,12,2704.81,2351.13,353.68,2626.31,2829.08,P0226,Sensors Product 226,Sensors,473,523,C04738,"Wood, Peters and Knight",OEM,Manufacturing,Coryville,Poland,2024-12-12,1
20240054,342,2896,4,92,9,3,10,844.97,643.35,201.62,827.32,826.32,P0342,Cooling Systems Product 342,Cooling Systems,304,613,C02896,Hunt-Lambert,Fleet,Automotive,Hudsonshire,Netherlands,2020-05-07,1
20240537,356,736,4,79,1,4,15,3932.96,3301.02,631.94,4030.52,4172.54,P0356,Filtration Product 356,Filtration,250,324,C00736,Lopez Group,Fleet,Manufacturing,New Thomas,Poland,2023-09-17,1
20220731,436,1316,5,46,6,2,19,4269.25,3209.09,1060.16,4372.93,4155.79,P0436,Filtration Product 436,Filtration,182,285,C01316,"Vega, Doyle and Arnold",Fleet,Automotive,New Douglasborough,Austria,2023-06-11,1
20256015,467,1142,6,32,8,1,2,3058.39,2675.28,383.11,2913.01,3165.3,P0467,Aftertreatment Product 467,Aftertreatment,451,174,C01142,Diaz-Aguirre,Distributor,Transportation,Jesushaven,Austria,2022-08-12,1
20244347,300,1601,5,117,4,5,14,2201.67,1385.28,816.39,2221.18,2275.94,P0300,Cooling Systems Product 300,Cooling Systems,360,329,C01601,Olson Ltd,Distributor,Automotive,Lake Bryan,Austria,2022-08-31,1
20229231,92,4398,6,110,5,3,6,3037.59,1854.7,1182.89,2991.27,3024.31,P0092,Electronics Product 92,Electronics,297,337,C04398,Vega-Barr,Fleet,Manufacturing,Port Coreyville,Netherlands,2026-06-13,1
20231013,467,3910,3,100,6,4,16,1966.22,1298.1,668.12,1929.66,1875.9,P0467,Aftertreatment Product 467,Aftertreatment,451,174,C03910,Francis-Hopkins,Distributor,Manufacturing,North Lesliechester,Netherlands,2016-12-16,1
20247131,138,2638,6,38,1,4,20,1063.42,826.94,236.48,1054.49,1144.63,P0138,Filtration Product 138,Filtration,450,603,C02638,Frye PLC,OEM,Manufacturing,Jamesmouth,France,2016-10-31,1
20253341,117,1140,8,38,10,4,1,4165.14,2997.47,1167.67,4293.4,4516.37,P0117,Filtration Product 117,Filtration,60,919,C01140,"Elliott, Wolf and Hall",Distributor,Transportation,Carterfort,Sweden,2021-05-04,1
20255434,192,2347,9,113,6,3,8,3510.58,2195.04,1315.54,3342.09,3693.2,P0192,Sensors Product 192,Sensors,76,900,C02347,French-Thompson,OEM,Manufacturing,Port Brucemouth,Austria,2022-10-16,1
20222032,13,3809,8,108,1,2,19,998.89,674.64,324.25,982.83,1060.99,P0013,Turbochargers Product 13,Turbochargers,289,541,C03809,Vargas Inc,Distributor,Transportation,Gilmoremouth,Poland,2021-03-19,1
20227020,146,4567,6,43,6,4,3,289.91,246.39,43.52,286.19,300.13,P0146,Fuel Systems Product 146,Fuel Systems,401,816,C04567,"Hernandez, Graves and Young",OEM,Automotive,Sarahbury,Poland,2021-02-19,1
20247243,371,4466,6,18,7,5,17,251.18,163.94,87.24,253.59,244.5,P0371,Cooling Systems Product 371,Cooling Systems,109,912,C04466,"Zamora, Ramos and Norris",OEM,Automotive,Lake Tiffany,France,2022-05-27,1
20226998,304,2074,3,2,7,5,13,2476.5,1675.89,800.61,2596.57,2604.21,P0304,Turbochargers Product 304,Turbochargers,379,394,C02074,"Branch, Dillon and Benton",OEM,Automotive,Chrisside,Netherlands,2024-12-12,1
20223703,158,3473,5,17,6,1,10,1108.0,776.3,331.7,1102.98,1107.08,P0158,Filtration Product 158,Filtration,101,235,C03473,Johnston-Moody,Fleet,Transportation,West Michaelbury,Spain,2019-08-14,1
20256396,339,4693,9,64,1,1,4,4673.98,2837.58,1836.4,4620.02,4731.78,P0339,Cooling Systems Product 339,Cooling Systems,290,786,C04693,Wright-Smith,OEM,Automotive,Vincenttown,Spain,2022-09-01,1
20227933,139,4497,6,49,5,3,12,270.16,168.1,102.06,273.26,272.77,P0139,Filtration Product 139,Filtration,167,1000,C04497,Landry Group,Distributor,Manufacturing,Danielleview,Italy,2022-07-23,1
20247483,181,2109,10,118,6,5,18,782.47,604.01,178.46,775.97,773.79,P0181,Cooling Systems Product 181,Cooling Systems,243,370,C02109,Ruiz-Wilkinson,Fleet,Transportation,Kellybury,Austria,2024-06-28,1
20244889,92,3501,5,99,3,4,8,924.24,669.31,254.93,906.21,909.74,P0092,Electronics Product 92,Electronics,297,337,C03501,Coleman-Levy,Distributor,Transportation,New Arthur,Sweden,2022-09-17,1
20243882,202,512,5,68,1,5,5,1522.72,1009.52,513.2,1447.7,1490.65,P0202,Turbochargers Product 202,Turbochargers,235,182,C00512,"Moore, Fisher and Hart",Distributor,Transportation,Macdonaldborough,Germany,2022-04-01,1
20260911,324,2498,2,49,5,5,19,2619.31,2170.82,448.49,2515.85,2562.81,P0324,Fuel Systems Product 324,Fuel Systems,310,610,C02498,Long-Cordova,Distributor,Manufacturing,Maciasshire,Poland,2017-08-12,1
20221141,136,4563,10,10,1,5,18,4266.74,3508.06,758.68,4456.11,4616.67,P0136,Cooling Systems Product 136,Cooling Systems,216,619,C04563,"Wong, Baker and Gardner",Distributor,Transportation,Gregoryburgh,Sweden,2024-06-11,1
20232075,3,4895,5,36,7,1,9,1339.84,981.51,358.33,1330.81,1292.41,P0003,Aftertreatment Product 3,Aftertreatment,441,811,C04895,Jackson-Kim,Fleet,Transportation,East Natalie,Spain,2023-02-12,1
20238295,334,1438,4,57,9,4,14,1377.11,985.47,391.64,1358.49,1448.78,P0334,Electronics Product 334,Electronics,212,536,C01438,"Mendez, Johnson and Smith",OEM,Transportation,Angelborough,Germany,2016-10-11,1
20256381,299,4936,4,113,2,4,12,3880.2,2677.07,1203.13,3758.62,3997.96,P0299,Sensors Product 299,Sensors,234,391,C04936,Gallegos PLC,OEM,Transportation,Sarahland,Sweden,2022-04-04,1
20226991,121,3281,10,25,1,3,3,3978.77,3567.11,411.66,4058.95,3915.7,P0121,Filtration Product 121,Filtration,74,611,C03281,Phelps PLC,Distributor,Automotive,Colemanside,Belgium,2025-09-28,1
20254045,420,940,2,81,5,3,13,4602.72,3550.84,1051.88,4706.47,4407.86,P0420,Fuel Systems Product 420,Fuel Systems,251,703,C00940,Thomas Inc,Fleet,Automotive,Dennisberg,Italy,2019-09-28,1
20230809,54,3712,4,42,6,2,2,4845.98,3922.08,923.9,4784.77,5189.74,P0054,Electronics Product 54,Electronics,301,825,C03712,"Raymond, Hubbard and Mcconnell",OEM,Transportation,Brownburgh,Sweden,2021-11-17,1
20247803,135,505,9,89,7,5,10,1707.3,1400.82,306.48,1778.37,1636.33,P0135,Turbochargers Product 135,Turbochargers,137,641,C00505,Logan LLC,Distributor,Transportation,Gonzalezbury,Italy,2017-04-24,1
20260128,193,3581,7,102,3,5,1,3796.49,3348.49,448.0,3651.76,3656.81,P0193,Turbochargers Product 193,Turbochargers,376,442,C03581,"Johnson, Barron and Reese",OEM,Transportation,New Michaelfurt,Poland,2022-11-14,1
20222743,186,4994,7,112,6,2,17,1201.25,901.93,299.32,1223.41,1197.94,P0186,Sensors Product 186,Sensors,325,550,C04994,Johnson Group,OEM,Transportation,East Andrewland,Poland,2026-02-25,1
20230475,452,4148,3,25,4,5,5,4436.73,3242.06,1194.67,4545.92,4685.17,P0452,Aftertreatment Product 452,Aftertreatment,397,753,C04148,"Davis, Fuentes and Gross",Distributor,Transportation,New Christian,Italy,2024-07-30,1
20233715,338,4315,2,35,3,1,11,2754.85,1708.23,1046.62,2700.73,2709.53,P0338,Electronics Product 338,Electronics,279,674,C04315,Love-Lawrence,Fleet,Automotive,North John,Netherlands,2025-02-19,1
20230941,341,2681,10,48,3,1,14,3017.75,2196.4,821.35,2986.45,2923.5,P0341,Aftertreatment Product 341,Aftertreatment,113,675,C02681,Mcclure-Mcfarland,Fleet,Automotive,Suarezville,France,2019-03-20,1
20224228,14,3956,8,13,6,2,9,509.93,358.4,151.53,492.34,552.19,P0014,Electronics Product 14,Electronics,120,660,C03956,Lee and Sons,Distributor,Transportation,East Emily,Belgium,2024-03-04,1
20227055,70,4512,3,103,4,1,3,2609.45,1613.47,995.98,2657.02,2799.98,P0070,Turbochargers Product 70,Turbochargers,115,117,C04512,Horne Inc,Distributor,Manufacturing,Hectorland,Belgium,2018-06-03,1
20228684,490,1946,7,5,3,3,14,1864.28,1491.42,372.86,1898.77,1819.07,P0490,Filtration Product 490,Filtration,178,560,C01946,Young PLC,Fleet,Automotive,Melanieside,Italy,2023-07-06,1
20236618,115,746,8,81,4,3,16,251.12,199.19,51.93,253.62,243.15,P0115,Sensors Product 115,Sensors,200,659,C00746,"Lamb, Wu and Becker",Fleet,Automotive,Scotttown,Belgium,2021-04-02,1
20247403,452,3088,2,84,7,1,1,1697.86,1161.31,536.55,1662.18,1668.66,P0452,Aftertreatment Product 452,Aftertreatment,397,753,C03088,Smith Inc,Distributor,Manufacturing,Combsport,Netherlands,2026-06-02,1
20224316,248,1975,5,73,7,5,20,2514.45,2249.14,265.31,2398.83,2484.9,P0248,Electronics Product 248,Electronics,231,1000,C01975,"Weiss, Watson and Allen",OEM,Automotive,East Deborahmouth,France,2022-01-05,1
20253711,372,3864,6,70,4,1,2,1346.26,1208.92,137.34,1368.4,1378.83,P0372,Filtration Product 372,Filtration,256,741,C03864,"Silva, Olson and Jacobs",Distributor,Automotive,Port Megan,Germany,2024-04-17,1
20226147,486,1931,3,2,5,1,19,1109.04,990.54,118.5,1118.56,1059.12,P0486,Cooling Systems Product 486,Cooling Systems,127,865,C01931,Williams Ltd,Distributor,Manufacturing,Port Tiffany,Spain,2021-06-15,1
20225661,447,4476,6,61,8,1,1,4510.5,3912.23,598.27,4667.68,4756.53,P0447,Turbochargers Product 447,Turbochargers,304,314,C04476,Coleman Group,Fleet,Transportation,South Dianaview,Spain,2016-12-20,1
20256005,294,2254,1,105,5,3,20,3170.54,2148.75,1021.79,3166.61,3344.71,P0294,Aftertreatment Product 294,Aftertreatment,75,306,C02254,"Stevens, Harrison and Delgado",OEM,Manufacturing,East Robinhaven,Netherlands,2019-06-21,1
20232179,412,1232,8,103,9,2,17,4803.24,2895.41,1907.83,4977.11,5211.54,P0412,Sensors Product 412,Sensors,472,328,C01232,"Adams, Hardy and Guerrero",Fleet,Manufacturing,North Glenn,Italy,2021-04-08,1
20226912,266,2574,5,62,10,1,13,3308.89,2866.94,441.95,3354.54,3193.65,P0266,Aftertreatment Product 266,Aftertreatment,134,114,C02574,Vincent LLC,Distributor,Manufacturing,Cameronfurt,Austria,2016-11-12,1
20248033,57,4621,2,18,7,4,17,1035.77,757.63,278.14,988.11,1026.69,P0057,Filtration Product 57,Filtration,182,606,C04621,Taylor PLC,Distributor,Transportation,Lake Kathryn,Poland,2026-05-22,1
20227797,216,2963,1,38,6,5,5,2956.76,2562.88,393.88,2963.25,3049.01,P0216,Cooling Systems Product 216,Cooling Systems,366,240,C02963,Salazar LLC,OEM,Transportation,Hartstad,France,2017-06-03,1
20244047,396,784,10,117,3,1,7,1084.49,688.44,396.05,1091.94,1131.81,P0396,Turbochargers Product 396,Turbochargers,351,349,C00784,Rivera-Martin,OEM,Automotive,Birdshire,Sweden,2021-03-30,1
20222991,212,238,3,49,8,5,5,322.28,200.23,122.05,326.74,308.84,P0212,Filtration Product 212,Filtration,310,952,C00238,"Anderson, Gamble and Daniel",Fleet,Automotive,East Scotthaven,Spain,2025-07-25,1
20260398,398,362,1,29,6,3,14,2360.82,1782.61,578.21,2298.15,2544.18,P0398,Fuel Systems Product 398,Fuel Systems,493,797,C00362,Landry Ltd,Distributor,Automotive,East Kimberlybury,Sweden,2019-07-31,1
20236373,108,244,2,18,7,2,6,3094.21,1926.19,1168.02,3227.54,2992.29,P0108,Aftertreatment Product 108,Aftertreatment,472,808,C00244,"Wood, Crawford and Williams",Distributor,Transportation,Jasonview,Spain,2019-05-01,1
20236399,364,4037,7,115,8,4,11,552.54,473.12,79.42,570.63,584.41,P0364,Sensors Product 364,Sensors,242,217,C04037,Jimenez and Sons,OEM,Manufacturing,Millermouth,Spain,2017-04-06,1
20230243,114,1277,10,52,6,1,15,4236.98,3409.99,826.99,4172.98,4396.22,P0114,Turbochargers Product 114,Turbochargers,261,467,C01277,Nguyen Ltd,Distributor,Automotive,Martinmouth,Austria,2021-02-06,1
20247852,20,3608,5,37,6,5,10,182.82,113.67,69.15,191.53,198.81,P0020,Turbochargers Product 20,Turbochargers,66,961,C03608,Robinson Ltd,Fleet,Automotive,Sarahfurt,Austria,2017-01-18,1
20220933,410,1852,9,67,6,4,17,165.64,121.25,44.39,171.8,163.71,P0410,Filtration Product 410,Filtration,442,172,C01852,Parker Ltd,Distributor,Transportation,Sydneymouth,Germany,2022-12-22,1
20223633,89,38,2,24,4,1,11,4980.91,4296.01,684.9,5136.21,5182.68,P0089,Sensors Product 89,Sensors,93,629,C00038,Peterson Ltd,OEM,Transportation,Markland,Germany,2026-07-31,1
20244541,210,1109,8,47,7,1,2,826.41,678.28,148.13,853.04,848.78,P0210,Sensors Product 210,Sensors,381,886,C01109,"Moreno, Hoffman and Hansen",Fleet,Automotive,North Brenda,Belgium,2022-06-30,1
20244919,369,4897,2,114,2,5,20,4723.14,3431.32,1291.82,4895.96,5103.57,P0369,Cooling Systems Product 369,Cooling Systems,129,206,C04897,Hill LLC,Distributor,Transportation,Lanceville,Belgium,2026-04-13,1
20259072,343,3178,1,3,8,3,11,3971.75,3293.37,678.38,3900.94,4137.21,P0343,Electronics Product 343,Electronics,477,488,C03178,"Williams, Phillips and Harrell",OEM,Manufacturing,Hallstad,Sweden,2024-03-01,1
20220427,301,3502,1,58,4,3,1,1707.45,1469.56,237.89,1734.42,1718.51,P0301,Electronics Product 301,Electronics,269,697,C03502,Villegas-Wilson,OEM,Manufacturing,Sarafurt,Germany,2022-03-17,1
20225337,316,3197,5,72,9,1,9,4111.83,3067.27,1044.56,4043.2,4447.8,P0316,Aftertreatment Product 316,Aftertreatment,412,807,C03197,Richmond-White,Fleet,Manufacturing,New Josephmouth,Poland,2017-09-12,1
20223858,72,1510,2,75,3,3,5,488.26,343.89,144.37,507.88,474.09,P0072,Filtration Product 72,Filtration,99,254,C01510,"Wise, Harris and Barton",OEM,Automotive,Hurleyview,Germany,2018-01-16,1
20237043,498,621,3,9,2,2,3,184.01,137.47,46.54,176.04,192.3,P0498,Fuel Systems Product 498,Fuel Systems,235,606,C00621,Rios-Stewart,Distributor,Automotive,Vaughanview,Spain,2025-04-08,1
20244057,88,637,3,118,5,3,18,2551.84,1532.73,1019.11,2611.96,2469.72,P0088,Filtration Product 88,Filtration,423,129,C00637,"Pitts, Vega and Harris",Fleet,Transportation,Kerrtown,Austria,2021-06-28,1
20248484,352,3671,9,17,7,5,16,3734.43,2506.46,1227.97,3687.37,3926.05,P0352,Filtration Product 352,Filtration,317,686,C03671,Schmidt Group,Fleet,Manufacturing,East Brianfurt,Belgium,2021-10-20,1
20238764,19,2518,1,108,7,5,8,2473.49,1965.25,508.24,2417.88,2534.67,P0019,Filtration Product 19,Filtration,481,705,C02518,Smith-Juarez,Fleet,Manufacturing,Andrewport,Spain,2017-08-03,1
20235055,143,1507,7,71,1,3,4,4619.07,3724.7,894.37,4438.21,4861.52,P0143,Sensors Product 143,Sensors,313,410,C01507,"Bishop, Mcneil and Smith",OEM,Transportation,Lake Debra,Austria,2023-01-26,1
20236335,466,2667,9,69,5,5,17,3802.42,2957.65,844.77,3902.94,3716.62,P0466,Electronics Product 466,Electronics,346,745,C02667,Cohen-Arnold,Distributor,Transportation,West Kathleen,Germany,2016-10-23,1
20222981,370,1507,2,20,3,1,9,1932.17,1732.74,199.43,2004.55,1934.07,P0370,Cooling Systems Product 370,Cooling Systems,487,266,C01507,"Bishop, Mcneil and Smith",OEM,Transportation,Lake Debra,Austria,2023-01-26,1
20250461,143,716,1,65,4,3,6,3705.2,2494.01,1211.19,3780.3,3882.7,P0143,Sensors Product 143,Sensors,313,410,C00716,York and Sons,OEM,Transportation,Hawkinshaven,Poland,2020-09-03,1
20252822,268,4997,10,79,9,3,7,4234.43,3741.67,492.76,4381.01,4477.51,P0268,Sensors Product 268,Sensors,491,116,C04997,"Steele, Murphy and Adkins",Distributor,Manufacturing,Burtonshire,Poland,2018-03-05,1
20225556,185,3231,7,94,8,2,15,660.26,563.43,96.83,671.49,630.62,P0185,Fuel Systems Product 185,Fuel Systems,337,176,C03231,"Martinez, Washington and Sharp",Distributor,Manufacturing,Howardport,Spain,2020-11-12,1
20257472,289,1729,5,36,1,5,8,3785.74,3301.56,484.18,3676.1,3674.03,P0289,Fuel Systems Product 289,Fuel Systems,169,373,C01729,Fuller-Bauer,OEM,Automotive,Lake Desireehaven,Belgium,2022-11-18,1
20221092,393,4290,4,4,7,2,16,3310.53,2969.34,341.19,3234.41,3250.63,P0393,Cooling Systems Product 393,Cooling Systems,344,957,C04290,Mann-Black,Distributor,Automotive,South Frank,Netherlands,2025-10-04,1
20230560,27,4447,5,73,5,3,16,3108.18,2077.65,1030.53,3255.18,3161.73,P0027,Sensors Product 27,Sensors,402,926,C04447,Holden-Cunningham,Fleet,Manufacturing,Martinezton,Sweden,2017-11-13,1
20225166,28,4228,5,1,4,3,19,3065.37,2284.62,780.75,2938.97,3332.19,P0028,Sensors Product 28,Sensors,216,459,C04228,Hardy-Wells,OEM,Transportation,Sheafurt,Germany,2024-07-03,1
20237533,42,1394,2,27,3,1,7,1651.96,1177.12,474.84,1681.09,1722.44,P0042,Fuel Systems Product 42,Fuel Systems,96,866,C01394,"Monroe, Smith and Johnson",Fleet,Manufacturing,Jamesburgh,Italy,2024-12-27,1
20243702,216,784,4,15,10,3,13,1523.4,923.09,600.31,1589.51,1505.11,P0216,Cooling Systems Product 216,Cooling Systems,366,240,C00784,Rivera-Martin,OEM,Automotive,Birdshire,Sweden,2021-03-30,1
20223475,360,2755,4,104,4,3,19,3704.09,2257.33,1446.76,3720.67,3581.42,P0360,Fuel Systems Product 360,Fuel Systems,421,830,C02755,Gibson LLC,Distributor,Manufacturing,New Robert,Poland,2026-04-12,1
20259410,228,4017,1,41,1,1,9,3729.68,2965.69,763.99,3585.11,3996.01,P0228,Filtration Product 228,Filtration,197,732,C04017,Myers Inc,Fleet,Transportation,East Valerie,Belgium,2018-07-11,1
20226973,487,2588,4,36,1,5,6,4636.72,3193.64,1443.08,4791.31,5090.92,P0487,Turbochargers Product 487,Turbochargers,77,981,C02588,Callahan-Robbins,Fleet,Manufacturing,Juliefurt,Spain,2018-09-12,1
20234380,6,2448,9,8,3,3,10,1067.94,718.66,349.28,1077.88,1018.53,P0006,Cooling Systems Product 6,Cooling Systems,345,257,C02448,Pace-Rogers,Fleet,Manufacturing,Dannyland,Austria,2021-12-09,1
20240978,198,3420,6,110,7,5,19,2687.52,1930.27,757.25,2676.1,2561.65,P0198,Sensors Product 198,Sensors,323,911,C03420,"Hunter, Manning and Bender",Distributor,Automotive,Christophermouth,Germany,2020-05-18,1
20260459,169,1917,8,113,7,2,1,1616.04,1406.0,210.04,1636.07,1764.47,P0169,Turbochargers Product 169,Turbochargers,442,635,C01917,"Davis, Howard and Turner",Fleet,Transportation,Charlesfurt,Netherlands,2021-11-10,1
20224037,125,4778,8,116,9,1,14,770.55,690.69,79.86,776.24,768.4,P0125,Turbochargers Product 125,Turbochargers,437,990,C04778,"Williams, Solis and Alvarez",Fleet,Transportation,Ginahaven,Italy,2021-12-07,1
20249496,436,617,9,75,10,1,15,3384.64,2293.92,1090.72,3381.58,3347.47,P0436,Filtration Product 436,Filtration,182,285,C00617,Roman Group,OEM,Transportation,New Hannah,Spain,2023-08-13,1
20227258,433,2427,1,64,10,4,7,4022.09,2650.37,1371.72,4098.49,4084.4,P0433,Turbochargers Product 433,Turbochargers,231,779,C02427,"Jenkins, Ballard and Steele",Distributor,Automotive,Harrisbury,Belgium,2023-03-13,1
20243478,371,3183,10,1,1,1,1,1351.72,1165.73,185.99,1403.91,1474.04,P0371,Cooling Systems Product 371,Cooling Systems,109,912,C03183,Stevenson Inc,Distributor,Automotive,Andersonburgh,Netherlands,2025-10-07,1
20234861,279,4328,9,13,2,1,7,844.79,741.0,103.79,811.15,918.49,P0279,Turbochargers Product 279,Turbochargers,196,110,C04328,"Johnson, Simpson and Rodriguez",Fleet,Manufacturing,Mcguireton,Netherlands,2025-07-04,1
20226983,217,1349,7,81,1,4,9,1398.88,1086.52,312.36,1364.13,1374.44,P0217,Turbochargers Product 217,Turbochargers,436,835,C01349,Baker-Tucker,Fleet,Manufacturing,South Leslie,Poland,2023-05-23,1
20254827,87,2377,7,37,1,1,14,4453.74,3249.72,1204.02,4254.58,4518.54,P0087,Turbochargers Product 87,Turbochargers,199,502,C02377,"Hernandez, Little and Martinez",OEM,Transportation,Port Stephanie,Spain,2019-07-06,1
20225656,223,4183,8,88,2,1,6,1228.3,834.29,394.01,1272.4,1281.81,P0223,Aftertreatment Product 223,Aftertreatment,270,307,C04183,Taylor Group,Fleet,Manufacturing,Byrdbury,Netherlands,2017-05-25,1
20259897,498,4972,3,12,7,3,4,1744.02,1280.94,463.08,1817.89,1797.71,P0498,Fuel Systems Product 498,Fuel Systems,235,606,C04972,"Ellis, Mccarty and Simmons",Fleet,Automotive,East Roger,Spain,2019-08-26,1
20238353,39,701,4,106,5,5,18,2671.26,1692.87,978.39,2686.14,2653.12,P0039,Filtration Product 39,Filtration,453,666,C00701,Carr-Ford,OEM,Transportation,Wagnertown,Austria,2018-12-07,1
20227983,121,2482,8,57,2,5,11,1626.92,1190.26,436.66,1691.67,1656.76,P0121,Filtration Product 121,Filtration,74,611,C02482,Anthony-Joseph,Distributor,Transportation,Atkinsonstad,Netherlands,2024-05-03,1
20240056,352,27,7,113,8,5,14,1392.57,916.92,475.65,1380.54,1480.25,P0352,Filtration Product 352,Filtration,317,686,C00027,"Burke, Warren and Johnston",Distributor,Automotive,New Maria,Austria,2025-02-01,1
20246307,302,4769,3,9,4,3,11,858.96,523.86,335.1,828.23,845.1,P0302,Aftertreatment Product 302,Aftertreatment,269,636,C04769,Hoffman-Graham,OEM,Manufacturing,Duaneborough,France,2020-03-21,1
20247381,242,344,4,73,10,2,8,3491.85,3040.07,451.78,3509.12,3548.06,P0242,Aftertreatment Product 242,Aftertreatment,231,167,C00344,Norman PLC,Distributor,Transportation,West Mary,Italy,2023-11-17,1
20249231,191,774,8,52,6,3,20,4666.93,3448.71,1218.22,4544.37,4921.74,P0191,Turbochargers Product 191,Turbochargers,493,488,C00774,Jones PLC,Distributor,Automotive,Russellstad,Germany,2023-08-09,1
20239619,4,4118,6,62,2,4,8,1023.14,620.45,402.69,1032.05,1070.83,P0004,Fuel Systems Product 4,Fuel Systems,284,750,C04118,Pierce-Small,Distributor,Automotive,Brownport,Sweden,2021-12-13,1
20226480,219,693,10,120,2,5,3,1561.12,1273.75,287.37,1486.46,1501.43,P0219,Electronics Product 219,Electronics,469,530,C00693,Thomas-Shah,Distributor,Automotive,South Ritaborough,Germany,2019-10-30,1
20243176,240,3660,8,43,10,3,10,670.84,451.7,219.14,664.71,684.02,P0240,Turbochargers Product 240,Turbochargers,89,780,C03660,Johnson-Li,Distributor,Transportation,Robertborough,Netherlands,2019-10-27,1
20233342,107,3752,1,73,9,4,9,2244.69,1358.79,885.9,2164.13,2407.68,P0107,Filtration Product 107,Filtration,112,196,C03752,Neal-Moore,OEM,Transportation,East Tylerfort,Netherlands,2025-06-16,1
20245156,327,3113,7,11,3,4,3,375.28,280.94,94.34,369.71,379.62,P0327,Electronics Product 327,Electronics,109,522,C03113,"Carson, Russell and Gutierrez",Fleet,Transportation,Port James,Italy,2019-04-22,1
20252103,132,2647,6,56,1,1,13,4627.96,3149.97,1477.99,4480.22,4457.02,P0132,Electronics Product 132,Electronics,363,596,C02647,"Gonzalez, Smith and Wade",OEM,Transportation,New Joseshire,Poland,2021-04-30,1
20227912,338,4126,3,62,9,5,18,4084.29,3595.24,489.05,4028.91,4439.98,P0338,Electronics Product 338,Electronics,279,674,C04126,Daniel-Morton,Distributor,Manufacturing,Charlesville,Sweden,2018-10-25,1
20224261,251,3500,6,10,2,2,19,504.67,310.51,194.16,488.91,550.22,P0251,Sensors Product 251,Sensors,385,817,C03500,Greene Group,Distributor,Transportation,Bettystad,Italy,2025-02-02,1
20243262,351,1803,3,67,6,1,11,3503.96,2817.64,686.32,3401.49,3524.39,P0351,Fuel Systems Product 351,Fuel Systems,369,435,C01803,"Taylor, Bolton and Summers",Distributor,Manufacturing,Port Jenniferstad,France,2022-03-25,1
20238001,327,1578,1,47,2,1,2,3986.8,3011.9,974.9,3822.8,3913.62,P0327,Electronics Product 327,Electronics,109,522,C01578,"Ali, Harris and Wilson",Distributor,Manufacturing,Port Andrew,Netherlands,2025-03-23,1
20235217,350,4432,5,22,7,3,4,4108.55,3356.88,751.67,4146.77,4216.71,P0350,Fuel Systems Product 350,Fuel Systems,378,846,C04432,"Johnson, Poole and Price",Distributor,Transportation,New Amanda,Germany,2022-12-08,1
20246328,207,909,10,73,5,3,20,3476.59,2114.47,1362.12,3597.59,3684.66,P0207,Filtration Product 207,Filtration,343,630,C00909,Kelly-Chapman,Fleet,Manufacturing,Isabeltown,Netherlands,2017-04-28,1
20234341,233,4687,4,29,9,2,2,1517.4,1222.51,294.89,1541.79,1657.88,P0233,Fuel Systems Product 233,Fuel Systems,158,136,C04687,Potter-West,Fleet,Transportation,Hayeschester,Austria,2019-02-19,1
20238966,308,421,2,71,1,5,19,399.51,247.0,152.51,407.39,400.92,P0308,Turbochargers Product 308,Turbochargers,154,702,C00421,Smith Inc,OEM,Transportation,Royfort,Germany,2018-07-23,1
20236805,241,1948,1,41,1,5,14,2229.24,1487.26,741.98,2216.54,2305.93,P0241,Sensors Product 241,Sensors,348,470,C01948,Randall-Kline,Fleet,Transportation,Melissabury,Italy,2020-10-02,1
20221282,118,598,10,52,4,1,16,2203.07,1964.93,238.14,2195.55,2181.74,P0118,Turbochargers Product 118,Turbochargers,151,106,C00598,"Perez, Walker and Ward",Fleet,Transportation,Melissafurt,Spain,2024-06-06,1
20238320,204,1224,7,40,2,2,12,1613.71,1069.56,544.15,1575.33,1575.65,P0204,Filtration Product 204,Filtration,430,301,C01224,"Mcdonald, Parsons and Bowen",Fleet,Transportation,Joseshire,Netherlands,2023-10-09,1
20247972,289,18,2,4,3,5,1,2088.04,1792.53,295.51,2167.09,2095.19,P0289,Fuel Systems Product 289,Fuel Systems,169,373,C00018,West Ltd,OEM,Manufacturing,Mannhaven,Sweden,2022-03-20,1
20234259,18,4586,6,40,2,5,3,2143.36,1527.87,615.49,2222.65,2127.0,P0018,Electronics Product 18,Electronics,486,482,C04586,Phillips Group,OEM,Manufacturing,Port Matthewstad,Italy,2022-07-10,1
20234433,177,4801,2,84,7,1,13,3992.45,2608.88,1383.57,3954.16,4328.35,P0177,Turbochargers Product 177,Turbochargers,253,190,C04801,Trevino and Sons,Fleet,Automotive,North Aaron,Austria,2018-02-01,1
20222384,448,79,9,47,3,4,6,276.81,174.36,102.45,285.72,283.17,P0448,Cooling Systems Product 448,Cooling Systems,64,439,C00079,"Ellis, Smith and Wood",Distributor,Transportation,East Beth,Austria,2022-10-28,1
20243902,126,3697,7,105,6,1,3,1524.09,938.78,585.31,1556.2,1538.43,P0126,Cooling Systems Product 126,Cooling Systems,302,414,C03697,"Pacheco, Ramirez and Moore",Distributor,Transportation,Johnsonshire,Poland,2022-12-20,1
20227834,169,2659,6,12,5,5,7,2363.08,1589.02,774.06,2396.48,2380.91,P0169,Turbochargers Product 169,Turbochargers,442,635,C02659,Hill-Carr,Fleet,Manufacturing,West Kellyside,Austria,2019-08-31,1
20226443,495,3466,10,1,2,2,14,4272.4,2816.9,1455.5,4284.44,4208.24,P0495,Electronics Product 495,Electronics,383,743,C03466,Mendez-Woodward,OEM,Automotive,South Alyssa,Sweden,2025-10-02,1
20258948,260,1126,2,95,9,1,8,4419.14,3954.49,464.65,4374.7,4637.9,P0260,Cooling Systems Product 260,Cooling Systems,369,254,C01126,Nichols-Blanchard,Fleet,Automotive,East Heidi,Italy,2022-07-21,1
20244267,369,1458,7,83,1,2,19,3781.62,2714.76,1066.86,3712.25,3810.22,P0369,Cooling Systems Product 369,Cooling Systems,129,206,C01458,Lee-Martinez,Distributor,Manufacturing,Kramermouth,Netherlands,2021-05-11,1
20251182,449,2983,3,48,8,2,3,962.07,799.22,162.85,973.11,1053.66,P0449,Turbochargers Product 449,Turbochargers,466,253,C02983,Robinson-Cruz,OEM,Automotive,Natashaport,Spain,2017-04-30,1
20234644,99,1263,5,71,9,3,5,3989.45,3478.66,510.79,4169.73,3950.85,P0099,Fuel Systems Product 99,Fuel Systems,88,252,C01263,Pena Ltd,OEM,Automotive,Johnmouth,Italy,2025-02-23,1
20237745,377,3644,6,107,3,1,15,4884.71,3288.79,1595.92,4882.82,5249.22,P0377,Electronics Product 377,Electronics,179,258,C03644,Allen Ltd,Fleet,Transportation,South Ryan,Belgium,2024-04-22,1
20227496,296,3395,10,28,2,1,18,1502.66,952.17,550.49,1567.18,1612.45,P0296,Electronics Product 296,Electronics,200,189,C03395,Booker Group,OEM,Automotive,South Shawn,Spain,2024-06-11,1
20233161,2,4378,2,21,1,4,17,4282.13,3365.66,916.47,4428.37,4390.56,P0002,Aftertreatment Product 2,Aftertreatment,342,443,C04378,Saunders-Woods,OEM,Automotive,Hodgesburgh,Poland,2024-07-28,1
20230448,204,486,4,70,8,1,4,2417.19,1868.05,549.14,2333.61,2552.73,P0204,Filtration Product 204,Filtration,430,301,C00486,"Santiago, Roberts and Watson",OEM,Automotive,East Katherine,France,2025-02-02,1
20224742,421,4216,6,83,6,4,20,2081.45,1789.82,291.63,2141.23,2166.87,P0421,Sensors Product 421,Sensors,88,105,C04216,"Warren, Odom and Morales",Fleet,Automotive,Woodwardmouth,Germany,2019-10-18,1
20226959,129,2681,3,21,4,2,15,1570.1,1343.45,226.65,1586.95,1681.27,P0129,Cooling Systems Product 129,Cooling Systems,371,337,C02681,Mcclure-Mcfarland,Fleet,Automotive,Suarezville,France,2019-03-20,1
20225822,386,3561,7,16,9,2,6,416.08,301.34,114.74,400.22,425.76,P0386,Cooling Systems Product 386,Cooling Systems,112,448,C03561,"Foley, Guzman and Lang",OEM,Automotive,Aguirrefort,Germany,2024-02-17,1
20252628,62,2918,2,68,4,2,2,586.71,512.32,74.39,557.54,574.3,P0062,Sensors Product 62,Sensors,425,477,C02918,"Miller, Morris and Murphy",OEM,Transportation,Bryanmouth,Netherlands,2024-08-18,1
20227408,161,2196,3,36,5,3,1,4256.82,3186.29,1070.53,4409.97,4257.15,P0161,Turbochargers Product 161,Turbochargers,413,546,C02196,"Peters, Daniels and Smith",OEM,Automotive,Port Howardland,Spain,2016-12-31,1
20228454,309,2518,7,20,9,4,15,4818.27,4278.32,539.95,4666.84,5193.4,P0309,Filtration Product 309,Filtration,421,447,C02518,Smith-Juarez,Fleet,Manufacturing,Andrewport,Spain,2017-08-03,1
20255587,336,1309,6,17,7,5,19,2510.2,1520.67,989.53,2517.37,2603.63,P0336,Sensors Product 336,Sensors,121,848,C01309,Thomas PLC,Distributor,Transportation,West Annaville,Spain,2017-05-18,1
20256535,54,2401,4,77,10,4,3,2887.55,1964.74,922.81,2920.43,2949.3,P0054,Electronics Product 54,Electronics,301,825,C02401,Nguyen Ltd,OEM,Manufacturing,Timothyside,Sweden,2022-08-04,1
20257795,60,1444,1,30,8,5,10,328.56,284.79,43.77,325.49,324.12,P0060,Cooling Systems Product 60,Cooling Systems,86,746,C01444,Calderon-Tapia,Fleet,Transportation,Jefferyhaven,Belgium,2020-05-01,1
20257776,183,1071,7,30,4,4,12,551.27,371.28,179.99,569.38,595.5,P0183,Fuel Systems Product 183,Fuel Systems,382,919,C01071,Dean-Ortiz,Distributor,Automotive,Stephanieton,France,2022-01-22,1
20253647,99,3411,1,111,7,5,8,195.17,130.76,64.41,197.66,187.13,P0099,Fuel Systems Product 99,Fuel Systems,88,252,C03411,Rogers PLC,OEM,Manufacturing,Pinedastad,Austria,2020-07-31,1
20243186,235,1394,9,21,4,1,10,415.79,324.68,91.11,414.43,401.47,P0235,Aftertreatment Product 235,Aftertreatment,401,732,C01394,"Monroe, Smith and Johnson",Fleet,Manufacturing,Jamesburgh,Italy,2024-12-27,1
20260954,218,4643,5,86,5,4,14,4612.87,3503.25,1109.62,4842.08,4573.49,P0218,Fuel Systems Product 218,Fuel Systems,416,430,C04643,"Kirk, Gentry and Scott",OEM,Manufacturing,Johnsonfort,France,2024-04-05,1
20238127,4,1906,1,115,6,4,1,4058.26,2789.98,1268.28,4011.62,4128.08,P0004,Fuel Systems Product 4,Fuel Systems,284,750,C01906,Jones and Sons,OEM,Manufacturing,Christopherburgh,Austria,2021-07-29,1
20241152,4,4001,1,33,2,4,15,4009.76,3231.31,778.45,3963.86,4375.66,P0004,Fuel Systems Product 4,Fuel Systems,284,750,C04001,Ball and Sons,Distributor,Transportation,Jonathanberg,Italy,2019-12-04,1
20221206,417,2428,9,58,3,2,2,618.56,384.68,233.88,619.68,602.12,P0417,Fuel Systems Product 417,Fuel Systems,346,907,C02428,Vincent PLC,Fleet,Manufacturing,Woodstown,France,2021-02-25,1
20231944,208,2631,10,101,10,2,10,1037.73,872.07,165.66,1049.95,1072.85,P0208,Sensors Product 208,Sensors,403,983,C02631,Torres LLC,Distributor,Automotive,Port David,Italy,2021-03-14,1
20232160,416,83,5,64,6,3,9,4774.36,2918.83,1855.53,4948.67,5246.6,P0416,Electronics Product 416,Electronics,125,422,C00083,Barton Inc,Distributor,Transportation,West Jacobside,Spain,2016-08-06,1
20228185,185,3685,7,59,2,2,1,389.08,328.0,61.08,385.95,394.59,P0185,Fuel Systems Product 185,Fuel Systems,337,176,C03685,Compton-Taylor,Fleet,Manufacturing,Lake Jacobside,Netherlands,2026-04-18,1
20256379,494,288,9,6,4,4,20,4367.44,3291.53,1075.91,4193.86,4211.73,P0494,Turbochargers Product 494,Turbochargers,491,324,C00288,Smith Inc,Distributor,Automotive,South Kimmouth,Germany,2022-02-03,1
20249947,37,4270,1,47,9,5,12,321.95,206.34,115.61,306.15,306.49,P0037,Fuel Systems Product 37,Fuel Systems,205,436,C04270,Ward Group,Distributor,Manufacturing,Lake Scott,Poland,2021-10-31,1
20257055,95,3803,8,63,2,1,20,1489.68,1039.89,449.79,1454.34,1502.7,P0095,Aftertreatment Product 95,Aftertreatment,466,868,C03803,Smith Group,Fleet,Automotive,Port Ian,Netherlands,2025-08-03,1
20239391,335,2210,4,103,9,2,14,4749.03,4200.95,548.08,4530.25,4529.57,P0335,Cooling Systems Product 335,Cooling Systems,434,418,C02210,Peterson PLC,Distributor,Automotive,West Jean,Netherlands,2020-02-25,1
20233976,306,4922,10,51,8,5,18,505.27,314.18,191.09,517.19,483.58,P0306,Sensors Product 306,Sensors,268,829,C04922,Sharp PLC,OEM,Transportation,Montgomeryfort,Spain,2022-11-15,1
20259568,325,1989,8,102,1,3,8,642.82,562.56,80.26,625.07,684.52,P0325,Sensors Product 325,Sensors,365,598,C01989,Glenn-Mccullough,OEM,Manufacturing,Karenchester,Sweden,2024-11-18,1
20242920,30,2953,9,46,3,2,3,249.14,206.54,42.6,254.84,261.5,P0030,Aftertreatment Product 30,Aftertreatment,124,141,C02953,"Williams, Velasquez and Spencer",Distributor,Manufacturing,Nguyenside,Spain,2023-07-07,1
20221350,101,4219,6,23,3,3,15,763.95,521.61,242.34,792.68,827.44,P0101,Turbochargers Product 101,Turbochargers,215,334,C04219,Fuentes-Henry,Fleet,Transportation,Jonathanbury,Italy,2017-11-01,1
20224331,307,1344,9,22,5,2,20,3540.34,2724.38,815.96,3378.87,3697.36,P0307,Fuel Systems Product 307,Fuel Systems,324,670,C01344,Ramirez-Hodge,OEM,Transportation,East Douglasside,Netherlands,2024-12-17,1
20248409,457,1804,6,89,8,1,1,4370.64,3469.43,901.21,4263.42,4777.44,P0457,Filtration Product 457,Filtration,213,262,C01804,"Flores, Ball and Harrington",Distributor,Transportation,North Jesse,France,2017-11-27,1
20221232,58,4728,7,5,9,5,2,2520.89,1664.78,856.11,2465.44,2700.99,P0058,Sensors Product 58,Sensors,250,741,C04728,Richardson Ltd,Fleet,Transportation,Annetteport,Italy,2020-04-12,1
20224200,290,742,8,33,9,3,17,4657.01,3478.26,1178.75,4527.74,4605.09,P0290,Fuel Systems Product 290,Fuel Systems,374,318,C00742,Lawson and Sons,Fleet,Manufacturing,New Melissaburgh,France,2021-03-17,1
20228713,301,1217,2,27,8,3,13,2150.13,1812.51,337.62,2077.51,2160.42,P0301,Electronics Product 301,Electronics,269,697,C01217,Waller-Mendoza,OEM,Automotive,Marystad,Germany,2024-10-19,1
20249914,116,2392,8,56,7,4,19,4086.03,2898.36,1187.67,4250.84,4432.2,P0116,Filtration Product 116,Filtration,308,352,C02392,"Patel, Barr and Leon",OEM,Automotive,Lopezfurt,Poland,2018-08-25,1
20237946,400,199,8,1,6,2,20,1480.09,1219.96,260.13,1524.03,1447.65,P0400,Fuel Systems Product 400,Fuel Systems,344,103,C00199,Brown Group,Distributor,Automotive,North Christie,Poland,2017-11-29,1
20246687,195,3473,4,28,5,2,19,3475.41,3098.63,376.78,3374.14,3635.62,P0195,Fuel Systems Product 195,Fuel Systems,417,373,C03473,Johnston-Moody,Fleet,Transportation,West Michaelbury,Spain,2019-08-14,1
20243559,271,4822,7,29,9,5,7,1721.51,1105.78,615.73,1746.96,1673.52,P0271,Turbochargers Product 271,Turbochargers,236,400,C04822,"Gillespie, Ochoa and Simmons",Fleet,Transportation,South Tammy,Italy,2021-07-06,1
20227052,302,3578,5,101,6,5,17,4709.49,3401.71,1307.78,4715.38,4746.31,P0302,Aftertreatment Product 302,Aftertreatment,269,636,C03578,Bryant Ltd,Fleet,Automotive,North Valerie,Italy,2026-02-26,1
20220432,148,386,5,7,6,2,12,2585.1,2072.77,512.33,2571.24,2466.75,P0148,Filtration Product 148,Filtration,128,603,C00386,"Lopez, Ware and Sherman",Fleet,Manufacturing,Jefferystad,Netherlands,2025-06-20,1
20237315,140,264,10,5,4,2,8,2160.71,1910.06,250.65,2166.33,2337.51,P0140,Filtration Product 140,Filtration,197,391,C00264,"Meadows, Gibson and Anderson",Fleet,Manufacturing,Jefferymouth,Poland,2025-02-10,1
20222014,380,4504,7,75,2,4,5,1693.7,1308.3,385.4,1713.78,1755.51,P0380,Electronics Product 380,Electronics,190,323,C04504,Jordan-Contreras,OEM,Manufacturing,East Jeffrey,Belgium,2025-06-04,1
20254956,217,3932,9,39,2,5,7,1697.45,1427.6,269.85,1761.78,1612.88,P0217,Turbochargers Product 217,Turbochargers,436,835,C03932,"Campbell, Cobb and Green",Fleet,Manufacturing,North Heather,Austria,2020-02-09,1
20223943,264,3484,10,96,3,4,6,3433.02,2967.83,465.19,3388.83,3276.85,P0264,Electronics Product 264,Electronics,85,333,C03484,"Phillips, Murray and Kennedy",Fleet,Automotive,Ortizport,Austria,2025-02-22,1
20221918,477,2181,8,47,9,4,4,2112.3,1777.08,335.22,2182.63,2273.98,P0477,Aftertreatment Product 477,Aftertreatment,143,204,C02181,Spears-Allen,OEM,Transportation,Port Kimberlyhaven,Germany,2021-02-23,1
20250165,19,4874,1,21,3,3,9,4500.21,3841.38,658.83,4394.99,4753.98,P0019,Filtration Product 19,Filtration,481,705,C04874,Middleton Inc,Fleet,Manufacturing,Hunterstad,Austria,2018-02-27,1
20239237,114,336,4,17,1,5,10,2748.56,2055.3,693.26,2791.68,2776.08,P0114,Turbochargers Product 114,Turbochargers,261,467,C00336,"Roberts, Velazquez and Pierce",Distributor,Automotive,Port Troy,France,2017-01-28,1
20229603,230,2494,2,56,10,5,6,3348.19,2396.89,951.3,3312.15,3251.77,P0230,Sensors Product 230,Sensors,356,451,C02494,Hutchinson-Wilson,Distributor,Automotive,New Shane,Spain,2025-12-27,1
20246868,264,2295,8,24,8,3,19,1664.27,1053.61,610.66,1622.92,1621.01,P0264,Electronics Product 264,Electronics,85,333,C02295,"Garner, Becker and Jones",Fleet,Manufacturing,Brooksmouth,Sweden,2018-07-15,1
20230844,419,4679,3,49,9,4,18,2417.47,1499.02,918.45,2427.43,2445.72,P0419,Aftertreatment Product 419,Aftertreatment,52,624,C04679,Nolan LLC,Distributor,Automotive,West Davidstad,Sweden,2018-02-03,1
20238850,179,1649,1,61,5,1,16,3164.72,2303.45,861.27,3147.5,3246.72,P0179,Sensors Product 179,Sensors,202,270,C01649,"Higgins, Richards and Rojas",Fleet,Automotive,Hernandezstad,Germany,2023-05-13,1
20251025,282,4741,1,117,1,2,11,2640.41,2018.93,621.48,2707.09,2831.82,P0282,Sensors Product 282,Sensors,228,207,C04741,Carney-Hall,OEM,Manufacturing,Wellschester,Italy,2022-01-26,1
20235877,115,2389,9,13,8,1,20,418.24,266.65,151.59,439.01,432.51,P0115,Sensors Product 115,Sensors,200,659,C02389,Simpson-White,Fleet,Automotive,Aprilborough,Netherlands,2026-04-17,1
20228675,417,29,5,102,4,3,19,2800.96,2073.16,727.8,2677.42,2882.97,P0417,Fuel Systems Product 417,Fuel Systems,346,907,C00029,Yoder and Sons,OEM,Automotive,Hornborough,France,2018-03-01,1
20238857,340,2861,6,1,5,4,1,1524.72,1316.54,208.18,1594.81,1463.63,P0340,Aftertreatment Product 340,Aftertreatment,182,184,C02861,Smith Group,OEM,Transportation,North Bettystad,Spain,2019-12-02,1
20248267,419,4886,9,19,2,2,18,4099.42,3229.72,869.7,4063.39,4464.13,P0419,Aftertreatment Product 419,Aftertreatment,52,624,C04886,Fields-Rogers,Fleet,Automotive,South Josephchester,Sweden,2026-02-26,1
20238003,365,235,6,114,10,3,5,3239.81,2021.86,1217.95,3368.78,3427.8,P0365,Aftertreatment Product 365,Aftertreatment,222,506,C00235,Brown PLC,Fleet,Automotive,South Brianburgh,Sweden,2024-11-07,1
20233692,171,922,6,74,2,1,5,3851.85,2994.64,857.21,3699.71,3700.39,P0171,Cooling Systems Product 171,Cooling Systems,353,541,C00922,Hill Group,OEM,Manufacturing,North Christianshire,Poland,2017-10-05,1
20241172,8,3213,3,24,6,3,16,3027.78,1944.69,1083.09,3035.12,3318.02,P0008,Turbochargers Product 8,Turbochargers,408,245,C03213,"Hopkins, Hurst and Casey",OEM,Automotive,North Mary,Poland,2022-08-18,1
20259257,378,4367,1,101,9,1,3,978.07,802.46,175.61,933.87,984.35,P0378,Filtration Product 378,Filtration,146,244,C04367,Lee-Hickman,Fleet,Manufacturing,Gregorytown,Austria,2026-04-12,1
20234585,446,2885,5,120,3,2,19,2166.53,1872.06,294.47,2073.56,2288.95,P0446,Fuel Systems Product 446,Fuel Systems,211,595,C02885,Vargas Inc,OEM,Transportation,West Susanmouth,France,2017-11-21,1
20227990,164,2979,6,72,4,4,9,2861.91,1832.46,1029.45,2819.37,2779.38,P0164,Turbochargers Product 164,Turbochargers,99,253,C02979,Chandler-Eaton,Distributor,Transportation,Keithstad,France,2018-08-28,1
20260259,39,652,5,91,10,2,11,314.05,252.26,61.79,313.91,306.23,P0039,Filtration Product 39,Filtration,453,666,C00652,"Valentine, Clements and Turner",Fleet,Manufacturing,South Hannahburgh,Germany,2020-06-22,1
20229829,49,664,6,42,5,2,19,929.5,559.12,370.38,929.91,902.33,P0049,Electronics Product 49,Electronics,139,685,C00664,"Vincent, Giles and Finley",Distributor,Manufacturing,Danashire,Austria,2020-12-25,1
20226723,63,1386,2,25,10,1,18,1880.2,1577.29,302.91,1816.61,1974.42,P0063,Turbochargers Product 63,Turbochargers,500,640,C01386,"Jones, Hobbs and Garcia",Fleet,Automotive,Gayton,Austria,2019-09-09,1
20235941,422,1226,8,52,8,4,19,1084.69,957.95,126.74,1095.81,1186.31,P0422,Turbochargers Product 422,Turbochargers,496,520,C01226,"Brady, Fox and Hernandez",Distributor,Manufacturing,Lake Emmaville,Spain,2019-07-27,1
20236481,274,1474,4,41,3,4,3,242.22,200.56,41.66,249.52,237.69,P0274,Aftertreatment Product 274,Aftertreatment,138,872,C01474,Simpson-Carey,Distributor,Transportation,West Laurenfort,Belgium,2016-10-19,1
20231655,220,1616,5,110,3,4,3,1300.85,970.51,330.34,1321.49,1284.02,P0220,Filtration Product 220,Filtration,401,447,C01616,Sanchez-Graves,OEM,Manufacturing,Rushhaven,Poland,2025-07-16,1
20230663,158,2720,2,19,7,2,17,4564.95,2885.73,1679.22,4524.96,4495.95,P0158,Filtration Product 158,Filtration,101,235,C02720,Mayer-Smith,OEM,Transportation,Emilyhaven,Spain,2021-12-07,1
20257637,242,1047,6,115,8,2,11,1933.09,1286.21,646.88,1885.14,1931.65,P0242,Aftertreatment Product 242,Aftertreatment,231,167,C01047,"Reed, Ross and Cunningham",OEM,Manufacturing,Stricklandshire,Netherlands,2018-05-13,1
20233958,113,1750,10,59,5,3,17,4422.85,2790.93,1631.92,4231.29,4632.46,P0113,Sensors Product 113,Sensors,459,151,C01750,Smith-Holland,Fleet,Transportation,Millerport,Germany,2020-01-21,1
20227061,347,2404,8,85,10,2,5,3315.83,2726.29,589.54,3353.18,3613.89,P0347,Sensors Product 347,Sensors,389,607,C02404,"Evans, Lara and Williams",Distributor,Manufacturing,Adriennefurt,Spain,2024-10-18,1
20251804,179,2589,1,60,3,2,2,3966.49,2632.64,1333.85,4025.07,3977.75,P0179,Sensors Product 179,Sensors,202,270,C02589,Pierce LLC,OEM,Manufacturing,Lake Brian,Italy,2023-05-04,1
20234177,340,2985,9,45,8,5,17,346.99,278.74,68.25,359.29,332.56,P0340,Aftertreatment Product 340,Aftertreatment,182,184,C02985,Peters and Sons,Fleet,Automotive,Port Jessemouth,Poland,2016-09-21,1
20240804,299,774,9,4,7,5,10,4913.11,3115.58,1797.53,5037.27,5235.75,P0299,Sensors Product 299,Sensors,234,391,C00774,Jones PLC,Distributor,Automotive,Russellstad,Germany,2023-08-09,1
20245773,413,3792,2,51,5,5,4,3668.66,2726.4,942.26,3801.18,3873.41,P0413,Filtration Product 413,Filtration,249,343,C03792,Butler-Cobb,OEM,Transportation,Cherrychester,France,2017-11-27,1
20250984,423,1771,1,29,3,5,16,3521.66,2996.79,524.87,3544.59,3413.43,P0423,Fuel Systems Product 423,Fuel Systems,466,114,C01771,"Murray, Reeves and Robinson",OEM,Automotive,East Ryan,Sweden,2016-10-30,1
20254765,15,2912,4,88,8,4,9,1533.88,1347.06,186.82,1482.26,1539.37,P0015,Cooling Systems Product 15,Cooling Systems,361,538,C02912,Turner-Lee,Distributor,Transportation,West Carolyn,Poland,2025-01-20,1
20237876,377,3603,1,104,10,1,12,1942.44,1278.33,664.11,2018.62,1882.3,P0377,Electronics Product 377,Electronics,179,258,C03603,Schroeder Inc,Distributor,Transportation,Danielberg,Sweden,2019-04-14,1
20233954,294,2173,9,61,2,5,6,2129.31,1463.83,665.48,2029.74,2109.46,P0294,Aftertreatment Product 294,Aftertreatment,75,306,C02173,Smith PLC,Distributor,Manufacturing,North Katie,Netherlands,2023-11-18,1
20244426,351,1748,1,57,10,1,6,3285.62,2415.29,870.33,3266.56,3410.43,P0351,Fuel Systems Product 351,Fuel Systems,369,435,C01748,Bowman LLC,Fleet,Transportation,Kristenhaven,Germany,2025-09-26,1
20220457,24,127,9,16,1,1,20,4848.62,3738.5,1110.12,4671.38,4637.84,P0024,Aftertreatment Product 24,Aftertreatment,382,526,C00127,Conley Ltd,OEM,Automotive,Clintonstad,Netherlands,2022-04-17,1
20231958,371,3175,2,66,6,4,9,3837.44,2589.46,1247.98,3685.1,3722.14,P0371,Cooling Systems Product 371,Cooling Systems,109,912,C03175,Richmond-Floyd,OEM,Manufacturing,North Kevin,Italy,2018-11-08,1
20246264,235,1890,2,51,3,3,9,3569.76,2447.5,1122.26,3726.82,3815.63,P0235,Aftertreatment Product 235,Aftertreatment,401,732,C01890,Alexander Inc,Distributor,Manufacturing,Jeffhaven,Poland,2021-12-27,1
20253990,24,2727,3,103,2,3,18,4585.54,3070.48,1515.06,4736.47,4972.21,P0024,Aftertreatment Product 24,Aftertreatment,382,526,C02727,Ortiz-Garcia,OEM,Automotive,North Danielville,Belgium,2018-06-10,1
20228650,334,1941,8,104,1,4,9,4489.16,3148.19,1340.97,4532.13,4769.68,P0334,Electronics Product 334,Electronics,212,536,C01941,"Palmer, Tate and Miller",Fleet,Manufacturing,Grossview,Austria,2023-05-12,1
20220304,67,845,10,39,8,3,12,508.26,325.53,182.73,520.87,510.55,P0067,Turbochargers Product 67,Turbochargers,160,257,C00845,Miller-Roth,OEM,Transportation,New Bryan,Spain,2024-09-18,1
20245841,282,4747,4,62,4,5,10,3238.8,2466.22,772.58,3081.18,3200.14,P0282,Sensors Product 282,Sensors,228,207,C04747,"Johnson, Carey and Rivera",Fleet,Automotive,East Brandy,Netherlands,2019-06-30,1
20231453,379,4787,8,84,6,5,6,784.08,683.08,101.0,781.33,787.67,P0379,Cooling Systems Product 379,Cooling Systems,221,917,C04787,"Welch, Johnson and Foster",Fleet,Transportation,Brownborough,Belgium,2024-02-20,1
20236475,482,4957,6,106,2,3,9,2177.15,1429.65,747.5,2150.11,2276.26,P0482,Sensors Product 482,Sensors,192,982,C04957,Browning-Lopez,OEM,Transportation,South Katherineport,Belgium,2018-09-18,1
20255381,153,2296,9,2,3,2,16,1962.99,1409.19,553.8,1873.61,2103.08,P0153,Electronics Product 153,Electronics,190,922,C02296,"Rollins, Mcdonald and Mathews",Fleet,Automotive,North Christinefort,Netherlands,2019-05-14,1
20247839,199,3481,4,18,9,2,20,788.37,506.06,282.31,764.56,763.93,P0199,Turbochargers Product 199,Turbochargers,174,399,C03481,"Watts, Blake and Edwards",Distributor,Automotive,East Tiffany,Austria,2025-12-11,1
20253694,42,4597,4,100,3,4,17,2694.6,2084.1,610.5,2723.5,2952.21,P0042,Fuel Systems Product 42,Fuel Systems,96,866,C04597,Rios Ltd,OEM,Transportation,Lake Sandra,France,2023-07-27,1
20226718,324,2957,1,108,2,3,15,383.97,287.2,96.77,395.63,393.65,P0324,Fuel Systems Product 324,Fuel Systems,310,610,C02957,Perry-Scott,Distributor,Automotive,Patriciashire,Austria,2022-04-04,1
20248204,379,3612,6,40,2,5,18,666.52,568.98,97.54,677.21,729.66,P0379,Cooling Systems Product 379,Cooling Systems,221,917,C03612,"Winters, Brown and Jenkins",OEM,Transportation,West Tylerfort,Italy,2026-05-10,1
20235531,93,456,6,115,5,4,3,3764.04,3351.34,412.7,3802.87,3949.63,P0093,Cooling Systems Product 93,Cooling Systems,369,256,C00456,Sellers-Hart,OEM,Manufacturing,South Meganville,Sweden,2019-01-20,1
20254014,44,4338,8,5,7,2,15,3324.3,2799.97,524.33,3432.23,3383.17,P0044,Electronics Product 44,Electronics,254,373,C04338,"Gray, Gordon and Montes",Distributor,Manufacturing,Hughesland,Netherlands,2016-10-06,1
20245205,134,1443,9,37,3,3,5,506.49,388.39,118.1,501.4,542.1,P0134,Fuel Systems Product 134,Fuel Systems,256,227,C01443,May Ltd,Fleet,Automotive,East Anthony,Belgium,2026-07-01,1
20234987,161,1850,4,48,6,3,19,4373.49,2939.48,1434.01,4354.54,4556.46,P0161,Turbochargers Product 161,Turbochargers,413,546,C01850,"Thomas, Cole and Cook",OEM,Automotive,South Tanyamouth,France,2018-03-17,1
20232511,128,725,9,103,8,1,9,4242.28,2732.09,1510.19,4197.64,4520.32,P0128,Filtration Product 128,Filtration,124,665,C00725,Young LLC,Fleet,Transportation,Katrinaland,Belgium,2018-01-14,1
20230810,347,4691,6,66,8,4,8,1393.47,1080.14,313.33,1368.35,1379.2,P0347,Sensors Product 347,Sensors,389,607,C04691,"Smith, Keith and Camacho",Fleet,Manufacturing,Trevortown,Poland,2017-06-13,1
20258814,344,1757,6,42,1,2,19,3489.89,2449.11,1040.78,3389.47,3733.5,P0344,Cooling Systems Product 344,Cooling Systems,482,648,C01757,Bates Ltd,Fleet,Automotive,Josephmouth,Netherlands,2023-07-17,1
20251668,259,4498,7,14,10,5,11,4390.97,2663.69,1727.28,4252.78,4374.2,P0259,Turbochargers Product 259,Turbochargers,420,350,C04498,Deleon PLC,OEM,Manufacturing,North Angel,Germany,2020-03-10,1
20249503,270,4114,8,22,5,5,1,251.8,156.51,95.29,244.99,268.3,P0270,Filtration Product 270,Filtration,334,441,C04114,Pearson Group,Distributor,Transportation,North Leahville,Poland,2024-09-16,1
20221237,85,4097,7,54,4,1,6,3363.33,2797.91,565.42,3338.82,3278.88,P0085,Filtration Product 85,Filtration,316,630,C04097,Velez and Sons,OEM,Manufacturing,Port Angelaton,Germany,2023-01-08,1
20259831,382,2427,9,83,9,2,8,1159.1,1029.02,130.08,1123.8,1215.4,P0382,Sensors Product 382,Sensors,460,927,C02427,"Jenkins, Ballard and Steele",Distributor,Automotive,Harrisbury,Belgium,2023-03-13,1
20257666,477,2213,9,22,1,4,8,3759.47,3234.16,525.31,3727.47,3776.03,P0477,Aftertreatment Product 477,Aftertreatment,143,204,C02213,Rodriguez-Green,Fleet,Manufacturing,Kylestad,Spain,2022-09-09,1
20231995,416,3757,3,52,7,4,12,905.74,675.61,230.13,877.8,875.81,P0416,Electronics Product 416,Electronics,125,422,C03757,Thompson-Thomas,OEM,Transportation,Lake Josephville,Italy,2025-05-09,1
20223448,193,3797,10,114,4,2,1,3835.78,2883.81,951.97,3944.09,4218.26,P0193,Turbochargers Product 193,Turbochargers,376,442,C03797,"Ramirez, Murray and Moore",OEM,Transportation,Jessicachester,Germany,2023-09-20,1
20242892,490,3029,9,120,3,2,6,3595.68,2168.64,1427.04,3465.19,3748.31,P0490,Filtration Product 490,Filtration,178,560,C03029,"Duncan, Brown and Davidson",OEM,Manufacturing,Foleyburgh,Netherlands,2023-09-04,1
20259682,101,422,6,50,2,3,7,1107.83,843.73,264.1,1111.92,1060.37,P0101,Turbochargers Product 101,Turbochargers,215,334,C00422,Johns Ltd,Distributor,Transportation,Jenniferside,Spain,2018-09-09,1
20256856,38,2803,4,16,4,2,6,2206.65,1708.92,497.73,2274.01,2158.64,P0038,Cooling Systems Product 38,Cooling Systems,192,521,C02803,Johnson PLC,OEM,Manufacturing,New Kathleenshire,Germany,2017-08-13,1
20251482,81,315,5,101,6,1,11,588.17,444.52,143.65,604.39,645.64,P0081,Cooling Systems Product 81,Cooling Systems,246,679,C00315,Fernandez and Sons,OEM,Automotive,Sanchezton,Poland,2026-04-24,1
20223670,115,4522,5,49,9,5,17,1586.39,1104.1,482.29,1556.4,1609.54,P0115,Sensors Product 115,Sensors,200,659,C04522,Jones Group,Fleet,Transportation,South Mikaylaton,Germany,2026-02-08,1
20227892,255,2275,6,69,6,1,7,4757.69,3674.01,1083.68,4647.46,5025.24,P0255,Cooling Systems Product 255,Cooling Systems,66,596,C02275,"Brown, Brooks and Duran",Distributor,Transportation,Smithside,Netherlands,2022-09-17,1
20247385,454,3339,3,49,7,2,16,2502.65,1694.93,807.72,2535.78,2429.47,P0454,Cooling Systems Product 454,Cooling Systems,141,632,C03339,"Fuller, Huber and Vazquez",Fleet,Automotive,North Darrell,Sweden,2022-11-24,1
20236154,377,1080,7,22,7,4,7,2917.92,2169.84,748.08,3054.65,3066.42,P0377,Electronics Product 377,Electronics,179,258,C01080,Hernandez LLC,Distributor,Manufacturing,East David,Poland,2024-01-12,1
20227670,258,1013,7,38,10,5,6,4985.27,3600.91,1384.36,4821.8,4950.01,P0258,Filtration Product 258,Filtration,160,553,C01013,Watson-Johnson,Fleet,Manufacturing,Ramosland,Poland,2026-02-10,1
20242659,56,4958,5,23,6,1,12,3424.33,2676.3,748.03,3286.42,3389.66,P0056,Electronics Product 56,Electronics,160,902,C04958,Johnson PLC,OEM,Manufacturing,West Diane,Belgium,2024-06-02,1
20221708,128,4038,1,116,1,5,10,726.44,598.4,128.04,716.17,718.76,P0128,Filtration Product 128,Filtration,124,665,C04038,Burch and Sons,Distributor,Manufacturing,Lake Paul,Netherlands,2019-12-29,1
20252411,19,1322,3,20,9,4,4,1346.05,839.66,506.39,1288.12,1368.89,P0019,Filtration Product 19,Filtration,481,705,C01322,"Bishop, Green and Norris",Distributor,Automotive,Ashleeside,Spain,2020-08-16,1
20242322,483,1194,10,109,1,3,6,1448.81,983.14,465.67,1472.6,1480.95,P0483,Cooling Systems Product 483,Cooling Systems,190,504,C01194,Hill-Patel,Distributor,Transportation,Micheleville,Germany,2019-01-25,1
20236718,178,4049,2,108,6,3,9,904.26,656.12,248.14,935.06,937.9,P0178,Cooling Systems Product 178,Cooling Systems,363,448,C04049,"Hunter, Stone and White",OEM,Transportation,North Vanessafort,Poland,2021-04-10,1
20255556,44,277,2,39,9,3,19,679.57,603.09,76.48,710.81,723.74,P0044,Electronics Product 44,Electronics,254,373,C00277,"Hayes, Anderson and Ryan",Fleet,Manufacturing,Sawyerton,Sweden,2021-09-24,1
20227920,222,3248,5,8,9,5,2,3364.4,2767.99,596.41,3200.99,3585.24,P0222,Cooling Systems Product 222,Cooling Systems,375,952,C03248,Torres PLC,OEM,Transportation,Hollytown,France,2022-04-16,1
20258975,59,84,10,23,4,2,5,2629.08,1957.34,671.74,2597.28,2768.25,P0059,Sensors Product 59,Sensors,456,535,C00084,Banks Inc,Distributor,Manufacturing,Garciamouth,Austria,2021-02-21,1
20232247,367,4411,6,88,8,1,13,2418.27,1708.49,709.78,2533.75,2537.95,P0367,Sensors Product 367,Sensors,144,431,C04411,Downs-Hansen,OEM,Manufacturing,South Chelseaport,Germany,2022-06-22,1
20221927,103,3210,5,19,2,2,9,1880.75,1198.34,682.41,1905.08,1990.54,P0103,Turbochargers Product 103,Turbochargers,153,188,C03210,Johnson-Perry,OEM,Automotive,Port Ethan,Spain,2022-04-19,1
20240536,39,2953,1,82,4,5,18,2604.29,2330.14,274.15,2659.64,2757.27,P0039,Filtration Product 39,Filtration,453,666,C02953,"Williams, Velasquez and Spencer",Distributor,Manufacturing,Nguyenside,Spain,2023-07-07,1
20258429,210,1441,8,36,3,4,3,4589.71,3591.02,998.69,4430.18,4778.0,P0210,Sensors Product 210,Sensors,381,886,C01441,Walker-Aguilar,OEM,Transportation,Donnaberg,Germany,2024-06-18,1
20255580,370,1207,1,55,8,1,12,3339.36,2071.56,1267.8,3406.1,3560.4,P0370,Cooling Systems Product 370,Cooling Systems,487,266,C01207,Martinez Inc,Distributor,Manufacturing,North Robertchester,Italy,2019-02-02,1
20246131,180,3514,4,120,2,3,7,986.06,608.64,377.42,954.45,1073.16,P0180,Filtration Product 180,Filtration,163,558,C03514,Howell-Johnson,Fleet,Transportation,North Dawnview,Sweden,2019-02-12,1
20234435,161,4058,5,32,8,2,17,1100.8,776.33,324.47,1116.04,1153.21,P0161,Turbochargers Product 161,Turbochargers,413,546,C04058,Franklin-Francis,Distributor,Automotive,Banksmouth,Poland,2023-03-03,1
20242138,341,2150,3,113,5,2,5,1688.55,1177.9,510.65,1702.07,1678.76,P0341,Aftertreatment Product 341,Aftertreatment,113,675,C02150,Simpson Inc,Fleet,Transportation,Lake Anthonyburgh,Netherlands,2021-12-20,1
20221517,310,46,1,91,2,3,2,585.47,394.92,190.55,578.99,569.31,P0310,Filtration Product 310,Filtration,299,806,C00046,Johnston and Sons,Distributor,Manufacturing,Raymondside,France,2023-04-07,1
20227023,302,809,10,7,6,4,13,1660.53,1207.62,452.91,1607.46,1618.32,P0302,Aftertreatment Product 302,Aftertreatment,269,636,C00809,Rios-Thompson,Distributor,Manufacturing,West Heiditown,France,2021-08-04,1
20233517,17,1874,5,93,8,2,10,3224.05,1967.93,1256.12,3289.34,3497.87,P0017,Electronics Product 17,Electronics,160,200,C01874,Hamilton LLC,Distributor,Manufacturing,New Katieberg,France,2024-12-31,1
20236858,134,2421,2,58,10,4,9,4799.82,3305.63,1494.19,4734.49,5226.79,P0134,Fuel Systems Product 134,Fuel Systems,256,227,C02421,"Goodwin, Evans and Jones",Distributor,Automotive,East Lisa,Poland,2018-02-04,1
20224992,250,2108,2,75,5,4,5,2717.68,1641.92,1075.76,2693.77,2871.39,P0250,Filtration Product 250,Filtration,54,887,C02108,Shelton-Bennett,Fleet,Manufacturing,Tonytown,Netherlands,2026-06-29,1
20233504,293,3401,9,41,5,5,18,3652.47,2485.91,1166.56,3646.3,3997.41,P0293,Sensors Product 293,Sensors,124,541,C03401,"Rivera, Greene and Mitchell",Fleet,Manufacturing,Ethanville,Austria,2017-02-23,1
20225864,497,4726,2,110,3,5,15,4010.6,3012.43,998.17,4006.46,3876.67,P0497,Electronics Product 497,Electronics,217,126,C04726,"Rowe, Davis and Gross",Distributor,Automotive,New Pedrohaven,Belgium,2019-07-10,1
20249635,51,2415,4,21,6,3,17,586.9,368.75,218.15,560.32,606.9,P0051,Electronics Product 51,Electronics,420,511,C02415,"Owens, Padilla and Harvey",Fleet,Transportation,Emilyton,Sweden,2024-04-16,1
20231421,410,4805,8,91,9,5,19,4702.85,3993.68,709.17,4739.53,4793.1,P0410,Filtration Product 410,Filtration,442,172,C04805,Jones LLC,OEM,Transportation,South Derekton,Germany,2019-09-19,1
20251476,151,4236,7,3,6,5,16,3071.35,2682.0,389.35,3003.73,2992.14,P0151,Turbochargers Product 151,Turbochargers,88,627,C04236,Case Ltd,Distributor,Transportation,Nashtown,Netherlands,2021-05-21,1
20221963,84,1638,8,30,3,3,19,4562.13,3392.22,1169.91,4444.73,4857.93,P0084,Cooling Systems Product 84,Cooling Systems,69,892,C01638,Johnson and Sons,OEM,Transportation,Jenniferborough,Poland,2022-10-03,1
20225337,116,733,6,103,7,2,10,1326.03,1157.23,168.8,1263.78,1307.54,P0116,Filtration Product 116,Filtration,308,352,C00733,"Brown, Mckinney and Wilson",Distributor,Manufacturing,South Wendyshire,Germany,2026-02-10,1
20226853,272,3449,7,39,3,5,18,4631.69,2911.99,1719.7,4445.53,4773.77,P0272,Turbochargers Product 272,Turbochargers,361,817,C03449,White and Sons,Fleet,Automotive,Lunaberg,Austria,2022-09-04,1
20229821,379,864,2,97,7,5,20,1929.79,1356.14,573.65,2005.77,1911.7,P0379,Cooling Systems Product 379,Cooling Systems,221,917,C00864,Jackson-Olson,OEM,Manufacturing,South Lindsey,Belgium,2022-04-03,1
20245882,75,2861,5,75,4,1,18,4294.87,3199.84,1095.03,4109.99,4389.32,P0075,Electronics Product 75,Electronics,51,323,C02861,Smith Group,OEM,Transportation,North Bettystad,Spain,2019-12-02,1
20228696,90,42,1,63,4,1,9,1255.18,970.4,284.78,1218.63,1237.51,P0090,Electronics Product 90,Electronics,466,974,C00042,"Petersen, White and Davis",OEM,Manufacturing,Michaelstad,Belgium,2024-09-29,1
20242773,85,3052,5,66,5,4,16,3982.57,3113.03,869.54,4003.4,4350.71,P0085,Filtration Product 85,Filtration,316,630,C03052,"Boyle, Foster and Kelley",Distributor,Manufacturing,Blevinsshire,Netherlands,2026-04-15,1
20225001,318,1620,4,113,3,1,19,3387.09,2224.31,1162.78,3542.47,3470.38,P0318,Sensors Product 318,Sensors,407,237,C01620,"Evans, Pena and Smith",Distributor,Automotive,Gregoryfurt,Netherlands,2021-07-20,1
20225130,494,1607,7,11,9,1,17,4048.99,2632.13,1416.86,3995.94,3997.83,P0494,Turbochargers Product 494,Turbochargers,491,324,C01607,"Mendoza, Foster and Jackson",OEM,Manufacturing,Michaelview,Poland,2019-02-11,1
20257294,186,2573,9,112,9,2,13,1929.38,1332.02,597.36,1881.6,1944.91,P0186,Sensors Product 186,Sensors,325,550,C02573,Parker LLC,Fleet,Automotive,North Mark,Sweden,2023-02-04,1
20240439,251,2213,7,36,3,4,17,2940.05,2588.33,351.72,2963.07,3122.15,P0251,Sensors Product 251,Sensors,385,817,C02213,Rodriguez-Green,Fleet,Manufacturing,Kylestad,Spain,2022-09-09,1
20236262,292,4234,1,115,8,5,13,4044.3,2735.08,1309.22,3855.78,4072.22,P0292,Aftertreatment Product 292,Aftertreatment,465,130,C04234,Lopez LLC,Fleet,Automotive,Carpenterside,Spain,2020-10-09,1
20237408,371,750,8,76,4,4,17,3004.12,2185.85,818.27,3125.27,2923.56,P0371,Cooling Systems Product 371,Cooling Systems,109,912,C00750,"Taylor, Taylor and Taylor",Distributor,Transportation,Davischester,Sweden,2019-06-06,1
20245789,352,1494,1,118,3,4,19,4858.02,3502.57,1355.45,4706.51,4689.15,P0352,Filtration Product 352,Filtration,317,686,C01494,Klein-Jennings,Distributor,Transportation,North Janeberg,France,2026-05-04,1
20229604,348,614,4,47,8,5,5,3865.6,2853.59,1012.01,3740.46,4053.9,P0348,Electronics Product 348,Electronics,355,293,C00614,"Lee, Barton and Martin",Fleet,Automotive,Nelsonmouth,Austria,2026-02-13,1
20229963,106,1804,3,96,7,2,15,3644.22,2704.17,940.05,3710.32,3824.24,P0106,Filtration Product 106,Filtration,289,517,C01804,"Flores, Ball and Harrington",Distributor,Transportation,North Jesse,France,2017-11-27,1
20223687,330,4554,3,54,8,1,1,4527.35,3199.59,1327.76,4423.31,4639.79,P0330,Electronics Product 330,Electronics,71,949,C04554,Cummings-Cantrell,OEM,Automotive,Lake Matthewhaven,Spain,2019-03-22,1
20251443,181,1711,4,12,4,3,4,3245.03,2875.34,369.69,3122.42,3391.2,P0181,Cooling Systems Product 181,Cooling Systems,243,370,C01711,Turner LLC,OEM,Transportation,Port Jacquelineview,Spain,2016-09-08,1
20255150,232,3548,5,32,8,5,4,502.75,403.15,99.6,485.09,523.42,P0232,Aftertreatment Product 232,Aftertreatment,485,876,C03548,Ball Inc,Distributor,Transportation,South Mary,Germany,2021-07-15,1
20233656,441,3639,2,12,6,1,6,2737.29,1938.24,799.05,2628.56,2859.36,P0441,Electronics Product 441,Electronics,161,670,C03639,Lee-Salinas,Distributor,Transportation,Juliahaven,Belgium,2018-10-02,1
20250382,55,776,7,110,8,2,12,427.96,298.59,129.37,446.54,422.08,P0055,Fuel Systems Product 55,Fuel Systems,389,928,C00776,Jones-Spears,OEM,Transportation,Cortezville,Italy,2024-01-17,1
20231169,4,4404,6,84,3,4,14,1805.81,1328.97,476.84,1761.98,1874.25,P0004,Fuel Systems Product 4,Fuel Systems,284,750,C04404,Frye Group,OEM,Automotive,Lake Vanessa,Belgium,2017-11-11,1
20253226,410,2626,5,104,2,5,14,2067.43,1430.11,637.32,2095.8,2219.16,P0410,Filtration Product 410,Filtration,442,172,C02626,Trevino LLC,OEM,Transportation,West Alanland,France,2026-07-21,1
20254446,134,2749,1,38,6,5,18,3501.26,2650.35,850.91,3487.99,3822.07,P0134,Fuel Systems Product 134,Fuel Systems,256,227,C02749,Torres-West,Distributor,Automotive,New Michael,France,2022-01-31,1
20233849,479,668,10,45,5,1,18,3785.33,2797.08,988.25,3738.16,3975.95,P0479,Sensors Product 479,Sensors,332,781,C00668,Villa Group,OEM,Manufacturing,South Shelly,Austria,2018-09-26,1
20237667,278,4556,5,16,4,5,19,1212.92,963.26,249.66,1248.52,1190.22,P0278,Aftertreatment Product 278,Aftertreatment,153,148,C04556,Mitchell-Johnson,OEM,Transportation,Lake Charleschester,Italy,2024-02-16,1
20248682,112,3546,3,21,9,4,8,4502.67,2987.34,1515.33,4576.37,4923.76,P0112,Cooling Systems Product 112,Cooling Systems,416,407,C03546,Parker-Patterson,Distributor,Manufacturing,East Shaun,Poland,2025-07-29,1
20247573,41,338,2,54,5,5,18,4078.89,3071.14,1007.75,3909.3,3883.68,P0041,Fuel Systems Product 41,Fuel Systems,90,256,C00338,Powell Inc,OEM,Automotive,Lake Phyllismouth,Spain,2020-05-31,1
20258266,75,2586,10,12,5,5,5,3385.09,2962.42,422.67,3533.35,3380.39,P0075,Electronics Product 75,Electronics,51,323,C02586,Melton Ltd,OEM,Automotive,South Madeline,Austria,2023-06-12,1
20257313,442,4068,4,96,4,5,6,1713.53,1281.91,431.62,1744.32,1739.48,P0442,Cooling Systems Product 442,Cooling Systems,330,163,C04068,Baird-Potter,Distributor,Manufacturing,Phelpsshire,Germany,2022-03-10,1
20225838,63,837,6,112,6,3,18,4694.56,3104.41,1590.15,4851.29,4721.42,P0063,Turbochargers Product 63,Turbochargers,500,640,C00837,Ayers Group,Distributor,Automotive,Michaelburgh,Germany,2020-07-06,1
20247831,60,4560,10,1,1,5,3,4233.8,3702.61,531.19,4193.38,4427.36,P0060,Cooling Systems Product 60,Cooling Systems,86,746,C04560,Lynch-Higgins,Fleet,Transportation,Hernandezberg,Italy,2020-11-17,1
20221468,316,4412,2,104,2,4,2,1119.76,934.65,185.11,1152.12,1077.99,P0316,Aftertreatment Product 316,Aftertreatment,412,807,C04412,Mcdonald-Christensen,Distributor,Automotive,Lake Adamburgh,Sweden,2021-03-04,1
20261229,88,3306,10,88,4,2,17,4213.09,3284.18,928.91,4298.36,4458.37,P0088,Filtration Product 88,Filtration,423,129,C03306,"Barr, Kaiser and Rosales",OEM,Transportation,Welchview,Sweden,2018-05-03,1
20222345,368,4246,10,79,6,3,20,1730.34,1235.07,495.27,1806.76,1743.72,P0368,Turbochargers Product 368,Turbochargers,140,695,C04246,"Lee, Harvey and Mcconnell",Fleet,Automotive,Carterland,Sweden,2023-10-25,1
20241928,58,1202,6,113,8,1,4,4485.85,3157.25,1328.6,4690.61,4846.91,P0058,Sensors Product 58,Sensors,250,741,C01202,"Bradford, Murray and Nelson",OEM,Transportation,Welchmouth,Spain,2020-12-15,1
20221538,483,4825,8,77,10,5,19,2708.54,1781.74,926.8,2648.09,2851.04,P0483,Cooling Systems Product 483,Cooling Systems,190,504,C04825,"Moore, Murphy and Byrd",OEM,Automotive,Henrychester,Netherlands,2020-07-31,1
20232098,10,2959,10,100,8,5,5,3516.29,3064.17,452.12,3458.33,3472.23,P0010,Fuel Systems Product 10,Fuel Systems,65,148,C02959,Craig LLC,OEM,Manufacturing,Brittanyshire,Sweden,2023-12-09,1
20230736,56,3934,6,32,3,3,10,4988.13,4195.74,792.39,4936.35,5240.17,P0056,Electronics Product 56,Electronics,160,902,C03934,Stokes Ltd,Fleet,Automotive,Joshuaberg,Italy,2026-03-21,1
20231134,466,1643,3,48,8,5,1,3929.17,2655.56,1273.61,3850.37,3901.64,P0466,Electronics Product 466,Electronics,346,745,C01643,"Ford, Lynn and Scott",OEM,Transportation,West Sara,France,2025-06-25,1
20238240,3,249,8,55,1,1,13,4771.92,3556.66,1215.26,4544.29,4866.35,P0003,Aftertreatment Product 3,Aftertreatment,441,811,C00249,"Barton, Taylor and Shaffer",OEM,Transportation,Hayesport,Poland,2023-03-28,1
20256833,27,4426,7,17,2,5,15,2349.45,1589.18,760.27,2303.49,2264.67,P0027,Sensors Product 27,Sensors,402,926,C04426,Ramos-Campbell,Fleet,Automotive,Mahoneyfort,Sweden,2024-03-24,1
20230909,49,2818,6,21,5,1,19,1885.95,1562.29,323.66,1920.15,1851.45,P0049,Electronics Product 49,Electronics,139,685,C02818,Hayes-Mendoza,Fleet,Automotive,Tonyafort,Germany,2020-09-24,1
20250525,302,631,6,66,7,1,20,3928.21,2371.11,1557.1,4092.49,3736.97,P0302,Aftertreatment Product 302,Aftertreatment,269,636,C00631,"Quinn, Baldwin and Mills",Fleet,Manufacturing,Melissachester,Austria,2021-07-03,1
20252871,61,1001,8,12,4,4,7,1491.74,903.08,588.66,1426.85,1555.7,P0061,Turbochargers Product 61,Turbochargers,365,974,C01001,Lopez Group,OEM,Automotive,Jonesville,Sweden,2021-12-26,1
20257523,305,2641,3,19,8,3,5,3044.3,2672.95,371.35,3033.19,3029.75,P0305,Turbochargers Product 305,Turbochargers,461,501,C02641,Thomas and Sons,Fleet,Automotive,New Sara,France,2024-12-06,1
20241459,459,2988,3,80,7,2,18,661.45,467.77,193.68,660.8,669.33,P0459,Filtration Product 459,Filtration,230,102,C02988,Weaver-Warren,Fleet,Manufacturing,Robinside,France,2019-11-08,1
20221227,324,3960,4,46,3,4,8,780.46,610.15,170.31,819.07,836.0,P0324,Fuel Systems Product 324,Fuel Systems,310,610,C03960,Ramirez Inc,Fleet,Transportation,Cortezside,Poland,2023-05-12,1
20223336,289,3075,7,57,6,2,15,837.53,646.98,190.55,796.74,835.4,P0289,Fuel Systems Product 289,Fuel Systems,169,373,C03075,"White, Green and Ortiz",Distributor,Automotive,Adamsfort,Belgium,2021-04-26,1
20249882,406,4127,9,82,7,4,18,906.63,740.62,166.01,918.33,915.99,P0406,Filtration Product 406,Filtration,303,924,C04127,"Lee, Jones and Reynolds",OEM,Manufacturing,Lake Christianbury,Germany,2022-03-03,1
20247184,143,3652,10,82,8,3,18,3236.9,2857.55,379.35,3117.26,3102.12,P0143,Sensors Product 143,Sensors,313,410,C03652,Hernandez LLC,OEM,Automotive,New Ashley,Sweden,2025-03-19,1
20235485,243,4178,2,115,4,5,18,2976.37,2559.01,417.36,2881.57,2975.54,P0243,Fuel Systems Product 243,Fuel Systems,174,391,C04178,Carroll LLC,Fleet,Manufacturing,Carsonmouth,France,2016-10-23,1
20259049,231,1037,6,43,5,5,11,1547.14,940.37,606.77,1492.23,1663.66,P0231,Fuel Systems Product 231,Fuel Systems,293,699,C01037,Thompson-Wade,OEM,Transportation,New Ruthville,France,2020-03-25,1
20230503,157,2987,4,4,4,4,13,2252.98,1841.56,411.42,2331.17,2466.94,P0157,Sensors Product 157,Sensors,259,276,C02987,Morgan Group,Fleet,Manufacturing,Lake Christina,Poland,2021-11-30,1
20243334,16,2506,10,108,7,1,9,4102.92,3001.49,1101.43,4131.69,4013.48,P0016,Turbochargers Product 16,Turbochargers,269,629,C02506,Guzman-Doyle,Fleet,Automotive,West Ericatown,Belgium,2017-03-22,1
20243571,145,3527,5,15,3,1,11,443.53,348.88,94.65,434.03,425.4,P0145,Turbochargers Product 145,Turbochargers,254,255,C03527,Moore-Boone,OEM,Transportation,New Nicholas,France,2019-10-22,1
20225202,384,196,8,71,8,1,9,435.81,377.75,58.06,425.65,473.35,P0384,Filtration Product 384,Filtration,443,820,C00196,"Thomas, Frank and Davis",Distributor,Automotive,Adrianton,Poland,2022-01-27,1
20256598,476,562,4,49,7,4,9,3425.03,2145.46,1279.57,3357.97,3761.21,P0476,Sensors Product 476,Sensors,212,959,C00562,"Frederick, Parrish and Black",OEM,Transportation,New Christinaton,Austria,2019-07-01,1
20238397,59,4071,5,46,2,1,10,139.68,112.65,27.03,142.34,139.76,P0059,Sensors Product 59,Sensors,456,535,C04071,Lawson Inc,Distributor,Transportation,Jenniferhaven,Sweden,2018-06-26,1
20242680,131,2445,6,103,2,5,13,3303.42,2692.65,610.77,3199.04,3539.13,P0131,Turbochargers Product 131,Turbochargers,475,212,C02445,Brewer Ltd,OEM,Manufacturing,New Heatherfort,France,2021-12-21,1
20260265,324,4314,2,76,10,1,18,2251.72,1796.76,454.96,2139.66,2224.44,P0324,Fuel Systems Product 324,Fuel Systems,310,610,C04314,Duran Inc,OEM,Manufacturing,Brownshire,Netherlands,2022-08-07,1
20240042,189,1953,10,88,1,5,3,3035.24,2672.1,363.14,3121.4,3153.44,P0189,Filtration Product 189,Filtration,339,805,C01953,George Ltd,Distributor,Transportation,South Michael,Netherlands,2025-11-18,1
20253158,499,4036,1,28,8,5,17,489.79,333.6,156.19,480.01,529.55,P0499,Turbochargers Product 499,Turbochargers,82,373,C04036,Nguyen-Mitchell,Distributor,Transportation,New Jose,Germany,2023-12-05,1
20222563,475,3548,9,109,1,2,4,3791.05,3319.14,471.91,3664.68,3965.39,P0475,Cooling Systems Product 475,Cooling Systems,469,481,C03548,Ball Inc,Distributor,Transportation,South Mary,Germany,2021-07-15,1
20250716,492,16,8,105,4,1,6,3095.76,2604.85,490.91,3173.56,3334.09,P0492,Fuel Systems Product 492,Fuel Systems,164,323,C00016,Howard-Murray,Fleet,Transportation,Frankland,Italy,2022-01-17,1
20229991,32,4095,8,28,8,1,7,1056.15,824.4,231.75,1102.7,1075.19,P0032,Cooling Systems Product 32,Cooling Systems,124,192,C04095,Barrett-Anderson,Fleet,Transportation,Amystad,Belgium,2022-01-12,1
20221639,223,3146,6,65,7,3,15,4431.2,3024.79,1406.41,4581.49,4239.76,P0223,Aftertreatment Product 223,Aftertreatment,270,307,C03146,Camacho Ltd,OEM,Manufacturing,Youngtown,Poland,2019-02-17,1
20257453,33,2651,2,96,2,3,10,131.25,86.69,44.56,134.18,134.48,P0033,Sensors Product 33,Sensors,252,257,C02651,Friedman Inc,Fleet,Transportation,Lake Carolton,France,2018-04-16,1
20251607,269,3049,3,84,2,1,9,4735.08,3625.32,1109.76,4782.37,4611.37,P0269,Filtration Product 269,Filtration,473,207,C03049,"Jones, Ewing and Ochoa",Fleet,Automotive,Robinberg,Sweden,2025-05-17,1
20223177,170,2299,5,109,6,5,16,3910.75,2712.58,1198.17,3857.0,4155.35,P0170,Fuel Systems Product 170,Fuel Systems,339,713,C02299,"Jones, Rodriguez and Miller",OEM,Manufacturing,Port Kathrynstad,France,2025-06-15,1
20224649,225,1279,2,109,1,1,8,3891.32,2767.48,1123.84,4057.11,3903.9,P0225,Fuel Systems Product 225,Fuel Systems,143,174,C01279,Cordova-Shields,Distributor,Transportation,Port Jasonborough,Netherlands,2024-10-25,1
20248912,360,4498,3,109,10,4,11,3190.37,2852.61,337.76,3272.45,3065.47,P0360,Fuel Systems Product 360,Fuel Systems,421,830,C04498,Deleon PLC,OEM,Manufacturing,North Angel,Germany,2020-03-10,1
20220901,206,2112,1,46,2,3,10,2989.41,2339.01,650.4,3118.36,3009.7,P0206,Filtration Product 206,Filtration,61,486,C02112,"Price, Green and Curtis",Fleet,Manufacturing,Jimenezmouth,Austria,2018-04-14,1
20245990,134,2118,10,41,6,2,4,1850.21,1212.71,637.5,1833.83,1880.66,P0134,Fuel Systems Product 134,Fuel Systems,256,227,C02118,"Long, Riley and Scott",OEM,Automotive,South Adamshire,France,2018-10-04,1
20252844,294,3813,4,37,9,3,3,4346.65,3773.12,573.53,4178.95,4214.16,P0294,Aftertreatment Product 294,Aftertreatment,75,306,C03813,Porter Group,Fleet,Manufacturing,North Brandyberg,France,2023-05-23,1
20243998,104,1237,5,25,5,1,16,3174.81,2827.43,347.38,3198.86,3148.05,P0104,Sensors Product 104,Sensors,395,283,C01237,Garcia-Gonzales,Fleet,Transportation,Sancheztown,Poland,2023-04-22,1
20235777,487,2077,4,56,7,3,6,1569.52,1033.65,535.87,1524.4,1583.14,P0487,Turbochargers Product 487,Turbochargers,77,981,C02077,Porter-Collins,Fleet,Automotive,Zimmermanton,Austria,2021-09-02,1
20223693,191,2327,6,68,2,5,10,1701.16,1156.48,544.68,1773.47,1751.65,P0191,Turbochargers Product 191,Turbochargers,493,488,C02327,Gomez Ltd,OEM,Manufacturing,North Michealfurt,Germany,2017-11-13,1
20236988,281,4270,6,90,1,4,15,1608.36,1176.05,432.31,1564.19,1542.29,P0281,Fuel Systems Product 281,Fuel Systems,223,797,C04270,Ward Group,Distributor,Manufacturing,Lake Scott,Poland,2021-10-31,1
20254344,221,115,3,96,3,1,16,4772.27,3995.81,776.46,4662.49,5149.63,P0221,Cooling Systems Product 221,Cooling Systems,468,573,C00115,"Bauer, Luna and Nichols",Fleet,Manufacturing,Jenkinsland,Sweden,2018-06-04,1
20255692,393,4897,6,13,8,3,10,2582.52,2301.65,280.87,2467.55,2515.6,P0393,Cooling Systems Product 393,Cooling Systems,344,957,C04897,Hill LLC,Distributor,Transportation,Lanceville,Belgium,2026-04-13,1
20255515,149,1383,4,9,5,4,3,4812.43,3808.75,1003.68,4643.47,5223.29,P0149,Sensors Product 149,Sensors,441,408,C01383,Carlson-Keller,OEM,Automotive,Charlesberg,Poland,2022-02-10,1
20221662,60,3842,1,41,2,5,6,4901.63,4198.09,703.54,5026.57,5158.39,P0060,Cooling Systems Product 60,Cooling Systems,86,746,C03842,Marshall Group,OEM,Transportation,Lake Lindseymouth,Germany,2025-07-17,1
20234378,134,4705,8,113,3,4,17,2228.45,1922.7,305.75,2198.82,2341.01,P0134,Fuel Systems Product 134,Fuel Systems,256,227,C04705,Anderson and Sons,Distributor,Automotive,Smithport,Poland,2023-10-17,1
20235143,477,2530,9,52,1,2,8,2688.96,1716.1,972.86,2737.71,2636.65,P0477,Aftertreatment Product 477,Aftertreatment,143,204,C02530,Hutchinson-Smith,OEM,Automotive,Willisland,Belgium,2017-02-15,1
20246219,372,2612,9,39,5,3,19,1985.83,1346.59,639.24,1992.48,2155.46,P0372,Filtration Product 372,Filtration,256,741,C02612,Suarez and Sons,Distributor,Transportation,Melissaside,Germany,2017-12-26,1
20243195,64,3164,10,81,9,2,1,2171.65,1729.31,442.34,2245.0,2282.86,P0064,Cooling Systems Product 64,Cooling Systems,430,732,C03164,"Thomas, Vasquez and Holmes",Fleet,Manufacturing,Lake Thomasstad,Belgium,2019-07-24,1
20245845,68,2773,5,64,1,3,1,4683.67,3294.41,1389.26,4896.12,4547.9,P0068,Filtration Product 68,Filtration,120,182,C02773,Martinez Ltd,Fleet,Automotive,New Michaelchester,Belgium,2020-10-15,1
20260169,180,3647,1,76,4,4,20,395.89,276.69,119.2,405.64,396.16,P0180,Filtration Product 180,Filtration,163,558,C03647,Watson Ltd,Fleet,Manufacturing,Jonesview,Belgium,2019-05-17,1
20257245,87,531,3,70,8,5,18,1462.86,1161.14,301.72,1535.3,1560.93,P0087,Turbochargers Product 87,Turbochargers,199,502,C00531,Carrillo Ltd,OEM,Transportation,North April,Netherlands,2017-03-24,1
20234781,94,710,3,116,8,4,17,986.3,815.2,171.1,955.27,949.54,P0094,Aftertreatment Product 94,Aftertreatment,214,964,C00710,"Peters, Hunter and Johnson",Fleet,Manufacturing,Randallmouth,Netherlands,2022-03-09,1
20229436,208,4002,8,3,2,4,13,1336.26,1187.71,148.55,1276.61,1307.56,P0208,Sensors Product 208,Sensors,403,983,C04002,"Boyd, Decker and Barber",Distributor,Manufacturing,West Thomasberg,France,2025-02-03,1
20237411,116,562,10,113,2,4,15,790.89,483.36,307.53,791.23,823.96,P0116,Filtration Product 116,Filtration,308,352,C00562,"Frederick, Parrish and Black",OEM,Transportation,New Christinaton,Austria,2019-07-01,1
20256798,160,1758,9,118,9,3,10,2310.75,1458.37,852.38,2242.62,2282.41,P0160,Turbochargers Product 160,Turbochargers,251,984,C01758,Donovan PLC,Fleet,Automotive,West Andreabury,Spain,2020-11-11,1
20230360,261,2461,8,34,10,1,20,4920.63,4362.56,558.07,5019.5,4705.62,P0261,Turbochargers Product 261,Turbochargers,231,310,C02461,"Santiago, Cox and Roberson",Fleet,Transportation,Wilsonfurt,Germany,2024-07-01,1
20235190,348,4111,7,53,5,3,14,1495.54,1248.3,247.24,1525.63,1505.84,P0348,Electronics Product 348,Electronics,355,293,C04111,Adkins-Cannon,Distributor,Transportation,Leetown,Sweden,2020-10-11,1
20244905,453,2999,1,50,10,4,10,2419.51,1768.74,650.77,2307.28,2652.63,P0453,Aftertreatment Product 453,Aftertreatment,450,357,C02999,Hull-Holmes,Distributor,Manufacturing,Nguyenshire,Netherlands,2017-02-11,1
20240502,121,1116,8,9,7,1,20,3460.71,2117.59,1343.12,3508.81,3710.74,P0121,Filtration Product 121,Filtration,74,611,C01116,Hernandez Group,OEM,Transportation,Smithmouth,Germany,2018-11-18,1
20228058,57,2874,4,106,2,2,14,1088.81,685.14,403.67,1077.77,1034.72,P0057,Filtration Product 57,Filtration,182,606,C02874,"Kelly, Sullivan and Martin",OEM,Manufacturing,East Lisaport,Italy,2020-11-25,1
20248962,450,4124,9,100,1,1,20,490.56,349.45,141.11,499.17,509.82,P0450,Sensors Product 450,Sensors,333,866,C04124,Hansen-Boyd,Distributor,Automotive,Port Connie,France,2018-10-26,1
20229303,142,234,9,98,2,3,6,1946.55,1170.39,776.16,1877.89,2094.38,P0142,Sensors Product 142,Sensors,199,694,C00234,Lynch Ltd,OEM,Automotive,Reginaton,Germany,2025-11-30,1
20237285,478,4502,9,54,4,2,4,4467.25,3986.98,480.27,4470.16,4820.11,P0478,Filtration Product 478,Filtration,181,926,C04502,"Salazar, Lee and Robinson",OEM,Manufacturing,East Lisamouth,Netherlands,2024-03-05,1
20230288,42,1322,10,64,6,4,14,637.36,468.6,168.76,643.81,639.45,P0042,Fuel Systems Product 42,Fuel Systems,96,866,C01322,"Bishop, Green and Norris",Distributor,Automotive,Ashleeside,Spain,2020-08-16,1
20238564,158,4267,7,41,7,3,9,188.37,163.3,25.07,196.68,190.67,P0158,Filtration Product 158,Filtration,101,235,C04267,Robles-Garrett,OEM,Manufacturing,Adamsport,Italy,2025-04-06,1
20233318,7,2628,10,84,5,1,19,2250.66,1581.94,668.72,2225.64,2372.2,P0007,Sensors Product 7,Sensors,349,969,C02628,Adams-Collins,Distributor,Manufacturing,Hubbardburgh,Germany,2018-09-01,1
20224018,94,2340,5,104,7,5,7,1861.52,1231.82,629.7,1812.44,1825.03,P0094,Aftertreatment Product 94,Aftertreatment,214,964,C02340,Mooney-Lopez,Distributor,Automotive,Samuelville,Spain,2021-01-31,1
20238037,457,4614,1,24,1,5,1,136.37,116.37,20.0,142.7,134.84,P0457,Filtration Product 457,Filtration,213,262,C04614,Jackson Inc,Fleet,Automotive,Tanyaview,Belgium,2018-11-17,1
20224784,246,2529,10,7,9,3,11,1976.07,1478.32,497.75,1948.73,2138.33,P0246,Cooling Systems Product 246,Cooling Systems,60,416,C02529,"Hanna, Martinez and Crawford",Distributor,Manufacturing,Nicoleland,France,2018-10-09,1
20237922,314,1430,1,114,5,5,6,2932.66,2091.0,841.66,2788.11,3031.55,P0314,Sensors Product 314,Sensors,460,598,C01430,Nelson Ltd,Distributor,Transportation,New Tanyafurt,Poland,2023-02-14,1
20235169,431,16,1,7,4,4,10,4336.6,2891.75,1444.85,4120.24,4732.33,P0431,Fuel Systems Product 431,Fuel Systems,367,503,C00016,Howard-Murray,Fleet,Transportation,Frankland,Italy,2022-01-17,1
20238871,74,1521,6,63,8,5,11,2800.94,1730.46,1070.48,2858.89,3039.16,P0074,Sensors Product 74,Sensors,140,914,C01521,"Barton, Stewart and Hayes",Fleet,Automotive,Port Hunter,Spain,2019-01-12,1
20225272,119,2920,10,57,10,1,8,4773.12,3341.68,1431.44,4848.0,4720.92,P0119,Electronics Product 119,Electronics,469,932,C02920,"Torres, Caldwell and Rodriguez",Fleet,Transportation,Rogersburgh,Italy,2023-06-05,1
20256495,229,1587,1,11,2,5,15,1520.19,1052.74,467.45,1548.38,1493.87,P0229,Cooling Systems Product 229,Cooling Systems,283,213,C01587,Lopez-Berger,Distributor,Transportation,Port Tanya,Italy,2018-07-04,1
20223735,267,2581,6,49,7,4,11,4512.42,2944.53,1567.89,4590.47,4689.36,P0267,Turbochargers Product 267,Turbochargers,306,322,C02581,Davenport LLC,Fleet,Automotive,East Melanie,France,2024-11-07,1
20250909,467,890,3,61,4,1,10,3793.18,2864.11,929.07,3683.31,3984.17,P0467,Aftertreatment Product 467,Aftertreatment,451,174,C00890,"Castaneda, Martinez and Wu",Fleet,Automotive,Smithhaven,Netherlands,2026-03-19,1
20249397,205,3781,7,24,7,1,20,3912.48,2665.05,1247.43,3778.95,4127.23,P0205,Sensors Product 205,Sensors,355,908,C03781,"Jones, Hudson and Gonzales",OEM,Automotive,Sharpland,Italy,2018-09-03,1
20249387,108,114,1,77,2,4,18,1561.73,978.57,583.16,1504.94,1600.27,P0108,Aftertreatment Product 108,Aftertreatment,472,808,C00114,Clarke Inc,Fleet,Automotive,East Barbarabury,Spain,2022-06-14,1
20250819,214,2559,9,118,5,2,17,3515.62,2895.38,620.24,3665.26,3353.88,P0214,Cooling Systems Product 214,Cooling Systems,448,206,C02559,Rivera Ltd,OEM,Manufacturing,Guerrastad,Italy,2021-11-07,1
20257288,457,3757,6,84,1,4,7,1282.91,843.82,439.09,1335.6,1365.36,P0457,Filtration Product 457,Filtration,213,262,C03757,Thompson-Thomas,OEM,Transportation,Lake Josephville,Italy,2025-05-09,1
20259961,130,2429,5,82,9,4,11,3397.25,2825.92,571.33,3272.02,3424.27,P0130,Cooling Systems Product 130,Cooling Systems,452,145,C02429,"Caldwell, Mejia and Anderson",Distributor,Automotive,Danielleburgh,Spain,2025-01-09,1
20259328,457,2538,6,100,7,2,10,3160.45,2512.57,647.88,3260.44,3362.88,P0457,Filtration Product 457,Filtration,213,262,C02538,Drake-King,Distributor,Transportation,West Patrick,Germany,2023-04-29,1
20230290,439,4814,5,55,10,2,12,1735.61,1379.99,355.62,1774.04,1895.36,P0439,Filtration Product 439,Filtration,399,853,C04814,Estrada-Gomez,Fleet,Transportation,South Courtney,Austria,2024-05-03,1
20257159,466,2893,5,120,10,3,8,4204.23,2622.54,1581.69,4300.71,4113.89,P0466,Electronics Product 466,Electronics,346,745,C02893,"Thornton, Marshall and Stanley",OEM,Manufacturing,Port Edward,France,2017-03-16,1
20223497,233,157,8,15,10,2,20,3135.26,2364.25,771.01,3195.25,3232.1,P0233,Fuel Systems Product 233,Fuel Systems,158,136,C00157,Harris-Ruiz,Distributor,Automotive,New Crystalburgh,Germany,2025-07-05,1
20260082,309,2490,7,21,8,2,16,3029.98,2390.52,639.46,3156.35,2972.19,P0309,Filtration Product 309,Filtration,421,447,C02490,"Hall, Wilson and Buck",Fleet,Automotive,Rosalesland,Spain,2024-05-01,1
20248358,352,1225,7,21,10,2,8,4130.83,3621.42,509.41,4061.05,4080.37,P0352,Filtration Product 352,Filtration,317,686,C01225,Johnson PLC,OEM,Transportation,East Lauraberg,Belgium,2020-10-08,1
20238629,376,4938,9,58,9,4,8,1951.07,1347.33,603.74,1994.31,1996.92,P0376,Cooling Systems Product 376,Cooling Systems,75,159,C04938,Mcdonald-Chase,Fleet,Transportation,South Jessemouth,Austria,2017-07-07,1
20253854,72,2742,7,37,7,3,9,4250.85,2838.02,1412.83,4440.2,4169.96,P0072,Filtration Product 72,Filtration,99,254,C02742,Ford Inc,OEM,Manufacturing,Staceyport,Sweden,2019-05-01,1
20229495,123,4081,10,85,9,5,14,662.31,535.85,126.46,666.05,640.24,P0123,Cooling Systems Product 123,Cooling Systems,147,719,C04081,Myers-Adams,OEM,Manufacturing,Spearsside,Sweden,2021-10-13,1
20229118,15,1005,9,41,10,1,11,2290.77,1550.58,740.19,2179.63,2315.72,P0015,Cooling Systems Product 15,Cooling Systems,361,538,C01005,"Simmons, Marquez and Garcia",Fleet,Transportation,Lake Gail,Spain,2024-08-04,1
20238993,402,4949,2,85,9,5,11,3532.45,2906.33,626.12,3567.62,3739.02,P0402,Sensors Product 402,Sensors,229,502,C04949,Murphy and Sons,Fleet,Automotive,North Emmatown,Netherlands,2019-09-27,1
20227876,486,3986,2,67,6,3,5,3478.66,2837.9,640.76,3519.26,3585.97,P0486,Cooling Systems Product 486,Cooling Systems,127,865,C03986,"Peterson, Key and Long",Fleet,Transportation,East Lorettaport,Sweden,2026-03-24,1
20244019,463,286,6,117,2,2,20,3657.93,2258.7,1399.23,3601.38,3568.91,P0463,Sensors Product 463,Sensors,387,229,C00286,Galvan LLC,OEM,Manufacturing,Palmershire,Italy,2022-04-23,1
20260531,137,1529,8,90,1,5,19,1388.9,1098.45,290.45,1445.46,1397.6,P0137,Turbochargers Product 137,Turbochargers,77,143,C01529,"Jones, Thompson and Cox",Fleet,Manufacturing,South Deniseville,Netherlands,2025-01-02,1
20226287,367,2881,5,59,2,2,8,2682.82,1895.75,787.07,2572.5,2662.27,P0367,Sensors Product 367,Sensors,144,431,C02881,Moran LLC,Distributor,Transportation,Krystalport,Poland,2020-10-18,1
20242984,89,1987,1,43,4,3,14,1200.16,858.43,341.73,1192.01,1212.66,P0089,Sensors Product 89,Sensors,93,629,C01987,Blair-Clements,Distributor,Transportation,Mayview,Belgium,2021-02-20,1
20248793,500,3305,1,87,8,2,17,4276.25,3744.9,531.35,4440.23,4232.54,P0500,Cooling Systems Product 500,Cooling Systems,497,280,C03305,"Cole, Munoz and Wilson",Distributor,Automotive,Theresatown,Poland,2023-04-19,1
20222730,417,4354,2,31,4,4,4,1851.65,1207.12,644.53,1911.37,1808.12,P0417,Fuel Systems Product 417,Fuel Systems,346,907,C04354,Little-Brown,Fleet,Transportation,Cunninghamton,France,2019-12-30,1
20259666,114,2876,8,49,3,1,12,975.34,588.84,386.5,951.36,1046.3,P0114,Turbochargers Product 114,Turbochargers,261,467,C02876,Oconnor-Thompson,Distributor,Transportation,Katherinefort,France,2024-11-26,1
20225447,211,4298,10,52,1,4,7,3340.81,2798.52,542.29,3399.12,3642.46,P0211,Sensors Product 211,Sensors,246,215,C04298,Paul Inc,OEM,Transportation,Port Kathleenmouth,Poland,2020-09-25,1
20227384,103,3821,7,91,1,1,19,3494.61,3040.24,454.37,3323.92,3816.99,P0103,Turbochargers Product 103,Turbochargers,153,188,C03821,Dennis and Sons,Fleet,Transportation,New Jeffreyside,Spain,2019-05-21,1
20229720,73,750,1,61,8,1,16,3775.65,2690.04,1085.61,3799.89,3933.65,P0073,Electronics Product 73,Electronics,385,474,C00750,"Taylor, Taylor and Taylor",Distributor,Transportation,Davischester,Sweden,2019-06-06,1
20236257,385,2131,6,29,8,3,6,3123.22,2240.15,883.07,3139.04,3060.2,P0385,Electronics Product 385,Electronics,385,231,C02131,Banks-Walls,Fleet,Automotive,North Derrick,Belgium,2016-11-12,1
20240427,307,4200,7,85,4,1,13,520.66,389.78,130.88,504.55,569.61,P0307,Fuel Systems Product 307,Fuel Systems,324,670,C04200,Reilly-Woods,OEM,Transportation,Martinshire,Germany,2025-11-11,1
20230638,7,1659,5,34,10,1,17,4525.56,3519.11,1006.45,4449.91,4901.64,P0007,Sensors Product 7,Sensors,349,969,C01659,Donovan-Sims,Distributor,Transportation,Brianchester,Italy,2026-06-20,1
20253424,362,2874,6,96,4,2,10,989.87,669.63,320.24,1024.15,1076.46,P0362,Filtration Product 362,Filtration,404,144,C02874,"Kelly, Sullivan and Martin",OEM,Manufacturing,East Lisaport,Italy,2020-11-25,1
20234453,448,938,4,60,8,2,3,142.13,109.48,32.65,137.48,137.56,P0448,Cooling Systems Product 448,Cooling Systems,64,439,C00938,Brown-Williamson,Fleet,Manufacturing,Lake Erica,Germany,2020-03-24,1
20242881,405,1983,9,44,3,1,17,3562.86,2531.19,1031.67,3499.51,3875.33,P0405,Cooling Systems Product 405,Cooling Systems,129,167,C01983,Mcgrath-Martin,Distributor,Manufacturing,Robbinsberg,Austria,2022-04-01,1
20243920,298,1023,10,12,3,3,7,683.08,601.19,81.89,650.26,682.48,P0298,Sensors Product 298,Sensors,292,933,C01023,Hardin-Suarez,Fleet,Transportation,Youngshire,Spain,2025-01-02,1
20244738,168,2621,5,44,9,3,10,3021.61,1915.64,1105.97,2910.1,3292.13,P0168,Fuel Systems Product 168,Fuel Systems,192,876,C02621,"Lee, Navarro and Houston",OEM,Transportation,Susanborough,Poland,2025-06-19,1
20246821,60,1910,9,71,9,5,13,1754.67,1500.1,254.57,1707.45,1729.36,P0060,Cooling Systems Product 60,Cooling Systems,86,746,C01910,Anderson-Frazier,OEM,Automotive,East Marthaburgh,Italy,2018-11-20,1
20226924,132,1552,4,101,3,5,7,1198.53,813.6,384.93,1201.3,1172.57,P0132,Electronics Product 132,Electronics,363,596,C01552,Jones-White,OEM,Automotive,Andersonshire,Belgium,2017-07-23,1
20253929,211,2577,9,76,5,4,7,1517.39,1324.53,192.86,1476.47,1653.25,P0211,Sensors Product 211,Sensors,246,215,C02577,Galvan Ltd,Distributor,Automotive,Marciaside,Belgium,2025-04-21,1
20249300,39,4933,5,53,9,3,12,991.72,652.84,338.88,976.08,1055.5,P0039,Filtration Product 39,Filtration,453,666,C04933,Huffman Group,OEM,Transportation,Sarahstad,Belgium,2022-08-08,1
20234408,101,3851,8,60,8,5,9,3306.31,2282.4,1023.91,3406.38,3286.27,P0101,Turbochargers Product 101,Turbochargers,215,334,C03851,Smith Ltd,Fleet,Automotive,Melissaburgh,Poland,2019-04-01,1
20234146,136,2410,3,116,10,2,15,709.85,558.11,151.74,724.53,683.15,P0136,Cooling Systems Product 136,Cooling Systems,216,619,C02410,Johnson-Hendrix,OEM,Automotive,East Taraside,Italy,2025-04-25,1
20248910,326,4512,6,37,1,2,2,1362.67,953.73,408.94,1398.66,1486.48,P0326,Sensors Product 326,Sensors,428,355,C04512,Horne Inc,Distributor,Manufacturing,Hectorland,Belgium,2018-06-03,1
20247473,202,1985,9,42,5,3,4,3963.04,2682.01,1281.03,3832.58,4235.73,P0202,Turbochargers Product 202,Turbochargers,235,182,C01985,Harper-Harper,Distributor,Manufacturing,Lake Nicholasstad,Germany,2024-09-04,1
20225142,92,349,4,101,5,1,9,2287.74,1901.79,385.95,2191.2,2363.4,P0092,Electronics Product 92,Electronics,297,337,C00349,"Porter, Reyes and Oneal",Fleet,Manufacturing,North Jamieburgh,Belgium,2025-01-05,1
20250237,406,2929,2,62,4,4,4,1182.12,739.72,442.4,1152.56,1129.34,P0406,Filtration Product 406,Filtration,303,924,C02929,Harding-Williams,OEM,Manufacturing,New Deniseview,Austria,2025-11-20,1
20237463,283,4485,7,34,8,5,4,3218.59,1975.75,1242.84,3121.57,3390.24,P0283,Electronics Product 283,Electronics,313,844,C04485,Martin LLC,OEM,Manufacturing,Jasonburgh,Italy,2017-12-22,1
20229030,73,2549,8,9,1,4,16,434.5,351.03,83.47,455.15,456.84,P0073,Electronics Product 73,Electronics,385,474,C02549,Hawkins-Alvarez,OEM,Manufacturing,Schultzstad,Austria,2021-05-03,1
20233231,355,3206,8,92,5,3,20,3378.1,2416.55,961.55,3299.22,3661.05,P0355,Electronics Product 355,Electronics,166,924,C03206,Lamb-Kelley,OEM,Manufacturing,Duncanstad,Italy,2019-07-20,1
20259770,424,4078,7,46,4,3,18,1616.06,1300.75,315.31,1626.32,1572.38,P0424,Filtration Product 424,Filtration,265,363,C04078,"Holmes, Cain and Stevens",Distributor,Automotive,Brownburgh,Italy,2017-06-15,1
20242836,220,4012,9,32,2,4,13,589.09,391.97,197.12,596.09,567.82,P0220,Filtration Product 220,Filtration,401,447,C04012,Murphy LLC,OEM,Automotive,West Samantha,Germany,2020-12-17,1
20251971,324,2147,2,80,9,3,4,3660.78,3207.53,453.25,3616.48,3822.45,P0324,Fuel Systems Product 324,Fuel Systems,310,610,C02147,Morris-Williams,OEM,Automotive,South Jennashire,France,2024-09-17,1
20259075,363,3928,4,14,9,3,18,1657.72,1434.43,223.29,1683.46,1801.43,P0363,Aftertreatment Product 363,Aftertreatment,413,911,C03928,Tate-Sanders,OEM,Manufacturing,North Ashleybury,Germany,2024-12-28,1
20222800,262,4717,8,61,9,1,10,3131.12,2575.76,555.36,3140.07,3010.84,P0262,Fuel Systems Product 262,Fuel Systems,206,497,C04717,"Brown, Medina and Franco",Distributor,Automotive,Amandaton,France,2026-04-13,1
20254060,235,3439,4,66,2,3,5,3679.04,3046.13,632.91,3627.98,3994.53,P0235,Aftertreatment Product 235,Aftertreatment,401,732,C03439,"Thompson, Moran and Webster",OEM,Manufacturing,South Eric,Belgium,2018-01-28,1
20257643,482,795,6,47,9,5,7,881.88,600.68,281.2,843.96,879.75,P0482,Sensors Product 482,Sensors,192,982,C00795,Lynch Inc,Distributor,Automotive,Port Williamview,Italy,2017-11-24,1
20258231,218,2414,3,80,9,1,20,1393.34,1144.03,249.31,1404.14,1338.77,P0218,Fuel Systems Product 218,Fuel Systems,416,430,C02414,Stewart-Faulkner,Fleet,Automotive,Joshuaton,Poland,2022-06-24,1
20249492,35,2489,10,71,5,1,18,2313.02,1493.82,819.2,2246.43,2310.78,P0035,Filtration Product 35,Filtration,488,634,C02489,Wiggins-Miles,Fleet,Automotive,South Jamesmouth,Austria,2020-03-15,1
20241587,151,2439,5,29,5,5,19,1851.58,1459.99,391.59,1793.02,1850.92,P0151,Turbochargers Product 151,Turbochargers,88,627,C02439,"Garcia, Brewer and Perry",Distributor,Transportation,Vazquezmouth,Sweden,2022-01-24,1
20256083,379,1134,2,79,5,3,6,2220.38,1362.44,857.94,2204.9,2432.6,P0379,Cooling Systems Product 379,Cooling Systems,221,917,C01134,Savage and Sons,OEM,Transportation,Caroltown,France,2021-02-20,1
20248101,100,1679,5,61,2,4,6,2828.11,2507.29,320.82,2944.29,3104.75,P0100,Cooling Systems Product 100,Cooling Systems,266,465,C01679,"Clark, Douglas and Smith",Fleet,Automotive,Joshuafort,Sweden,2018-09-05,1
20229727,378,3339,6,105,7,2,8,590.09,488.71,101.38,585.23,625.82,P0378,Filtration Product 378,Filtration,146,244,C03339,"Fuller, Huber and Vazquez",Fleet,Automotive,North Darrell,Sweden,2022-11-24,1
20251019,311,2786,9,20,4,3,6,3628.88,2965.8,663.08,3447.99,3795.3,P0311,Sensors Product 311,Sensors,256,601,C02786,"Curtis, Lee and Haynes",Fleet,Transportation,Brownburgh,Germany,2025-05-01,1
20257850,289,3699,6,7,7,3,17,1284.65,883.2,401.45,1250.41,1387.09,P0289,Fuel Systems Product 289,Fuel Systems,169,373,C03699,Stanley-Williams,Fleet,Manufacturing,North Jesse,Italy,2019-04-04,1
20226259,479,5000,10,98,7,4,6,3509.41,2243.92,1265.49,3463.8,3741.18,P0479,Sensors Product 479,Sensors,332,781,C05000,"Smith, May and Tyler",Fleet,Automotive,Thomasmouth,Poland,2019-12-22,1
20251528,277,743,7,84,1,4,11,3902.67,3107.77,794.9,3819.64,4032.61,P0277,Filtration Product 277,Filtration,372,298,C00743,Gordon-House,Fleet,Automotive,Lake Stephaniefort,Poland,2020-09-02,1
20232292,64,2102,10,60,5,3,20,3052.72,2424.45,628.27,3077.78,3192.91,P0064,Cooling Systems Product 64,Cooling Systems,430,732,C02102,"Hanson, Morales and Morris",Distributor,Manufacturing,East Kelsey,Poland,2025-04-26,1
20235246,274,1563,2,77,4,4,10,3228.45,2315.17,913.28,3169.49,3305.73,P0274,Aftertreatment Product 274,Aftertreatment,138,872,C01563,"Rocha, Wilkins and Harris",Fleet,Transportation,Juliestad,Belgium,2019-02-01,1
20251342,25,395,2,56,5,2,20,158.09,101.37,56.72,150.85,152.0,P0025,Cooling Systems Product 25,Cooling Systems,346,262,C00395,"White, Simmons and Gibson",OEM,Manufacturing,New Justinport,Spain,2022-02-08,1
20221352,413,2581,9,25,1,3,20,3598.19,2926.41,671.78,3522.93,3891.79,P0413,Filtration Product 413,Filtration,249,343,C02581,Davenport LLC,Fleet,Automotive,East Melanie,France,2024-11-07,1
20227892,299,804,4,69,2,1,16,3473.24,2751.9,721.34,3571.06,3500.88,P0299,Sensors Product 299,Sensors,234,391,C00804,"Greer, Lowery and Beck",OEM,Transportation,Kaisermouth,Belgium,2020-07-20,1
20227468,466,1157,8,80,4,5,1,4108.01,3320.13,787.88,4065.02,4459.8,P0466,Electronics Product 466,Electronics,346,745,C01157,Farrell and Sons,OEM,Transportation,Lake Dennistown,Netherlands,2019-05-22,1
20245937,353,1438,9,55,9,3,19,2074.83,1386.37,688.46,2016.79,2190.66,P0353,Sensors Product 353,Sensors,250,528,C01438,"Mendez, Johnson and Smith",OEM,Transportation,Angelborough,Germany,2016-10-11,1
20249396,78,2239,3,76,5,2,9,1615.25,974.03,641.22,1658.21,1632.94,P0078,Turbochargers Product 78,Turbochargers,353,157,C02239,Guerrero Group,OEM,Transportation,South Jonathanside,Belgium,2024-09-12,1
20236462,181,2445,3,47,10,1,5,1459.99,979.86,480.13,1477.65,1575.18,P0181,Cooling Systems Product 181,Cooling Systems,243,370,C02445,Brewer Ltd,OEM,Manufacturing,New Heatherfort,France,2021-12-21,1
20230337,15,3044,5,52,2,3,4,1585.17,1075.28,509.89,1538.85,1719.34,P0015,Cooling Systems Product 15,Cooling Systems,361,538,C03044,"Wilson, Daniels and Dawson",OEM,Transportation,Lake Darrell,Netherlands,2017-10-10,1
20223236,373,1238,9,73,2,3,14,3365.53,3023.72,341.81,3482.47,3478.47,P0373,Aftertreatment Product 373,Aftertreatment,170,200,C01238,"Williams, Gutierrez and Perez",Distributor,Automotive,South Larryport,Italy,2023-03-24,1
20243866,188,2147,8,15,10,4,9,4633.57,4036.05,597.52,4696.87,5004.97,P0188,Turbochargers Product 188,Turbochargers,386,198,C02147,Morris-Williams,OEM,Automotive,South Jennashire,France,2024-09-17,1
20246941,386,4315,2,101,9,3,4,1078.37,908.93,169.44,1046.1,1080.57,P0386,Cooling Systems Product 386,Cooling Systems,112,448,C04315,Love-Lawrence,Fleet,Automotive,North John,Netherlands,2025-02-19,1
20220313,176,3707,4,77,9,2,1,4750.75,4055.54,695.21,4658.86,4811.54,P0176,Aftertreatment Product 176,Aftertreatment,119,257,C03707,"Sharp, Hopkins and Dominguez",Fleet,Automotive,North Yolandashire,France,2020-11-04,1
20235628,432,3409,4,55,7,1,17,1883.39,1273.75,609.64,1910.8,2055.24,P0432,Aftertreatment Product 432,Aftertreatment,144,546,C03409,"Todd, Gonzales and Jimenez",OEM,Transportation,Ellisland,Poland,2018-05-29,1
20238717,57,3112,10,7,3,2,1,144.22,124.42,19.8,139.29,148.03,P0057,Filtration Product 57,Filtration,182,606,C03112,"Price, Ward and Vega",Distributor,Automotive,West Ernest,Germany,2022-06-16,1
20247748,204,4133,7,5,10,1,16,3964.09,2506.64,1457.45,3782.34,3978.29,P0204,Filtration Product 204,Filtration,430,301,C04133,"Santos, Garcia and Vazquez",Fleet,Transportation,Mariaport,Spain,2018-12-02,1
20242104,352,2915,1,44,6,3,7,441.83,318.92,122.91,457.33,462.93,P0352,Filtration Product 352,Filtration,317,686,C02915,Henry Inc,Fleet,Automotive,Davidmouth,Sweden,2022-04-06,1
20243915,169,3903,4,101,6,2,4,3223.44,2294.42,929.02,3328.02,3062.96,P0169,Turbochargers Product 169,Turbochargers,442,635,C03903,"Hernandez, Carter and Young",OEM,Automotive,Traceychester,Austria,2020-11-24,1
20242584,292,2133,9,48,8,1,13,130.77,85.95,44.82,135.61,124.42,P0292,Aftertreatment Product 292,Aftertreatment,465,130,C02133,Baird-Larson,Fleet,Transportation,Port Ralphstad,Sweden,2025-10-09,1
20238604,47,1153,5,66,6,2,6,2681.1,1669.97,1011.13,2800.03,2924.32,P0047,Aftertreatment Product 47,Aftertreatment,487,629,C01153,"Taylor, Collins and Boyd",OEM,Automotive,Jamestown,Spain,2020-03-17,1
20231734,23,2264,4,82,3,3,2,1761.22,1248.48,512.74,1771.54,1730.79,P0023,Filtration Product 23,Filtration,188,256,C02264,Gray and Sons,Fleet,Automotive,East Brandon,Italy,2022-01-12,1
20229868,300,4019,8,52,8,1,20,3658.99,2271.23,1387.76,3497.51,3503.03,P0300,Cooling Systems Product 300,Cooling Systems,360,329,C04019,Turner-Phillips,Distributor,Manufacturing,New Paul,Italy,2022-08-28,1
20248546,46,1939,2,38,7,5,12,1270.72,883.93,386.79,1219.51,1265.86,P0046,Sensors Product 46,Sensors,205,967,C01939,Brooks-Horton,Fleet,Automotive,Andersonview,France,2018-06-05,1
20255822,61,127,5,52,2,2,16,3910.72,2948.33,962.39,3962.14,3764.27,P0061,Turbochargers Product 61,Turbochargers,365,974,C00127,Conley Ltd,OEM,Automotive,Clintonstad,Netherlands,2022-04-17,1
20251984,437,1903,9,16,2,4,4,1182.01,967.2,214.81,1211.16,1199.52,P0437,Turbochargers Product 437,Turbochargers,415,793,C01903,"Solis, Strickland and Dixon",OEM,Manufacturing,Susanhaven,France,2024-12-05,1
20243525,341,4905,1,73,8,5,11,2733.78,2112.98,620.8,2627.68,2847.99,P0341,Aftertreatment Product 341,Aftertreatment,113,675,C04905,"Wood, Smith and Hernandez",Fleet,Automotive,New Adrienne,Netherlands,2020-06-15,1
20220938,184,2686,10,11,5,5,11,1316.42,825.53,490.89,1300.33,1376.16,P0184,Turbochargers Product 184,Turbochargers,387,773,C02686,Douglas Group,Distributor,Transportation,Howellshire,France,2023-09-16,1
20236972,475,1354,9,4,8,1,8,1936.02,1368.17,567.85,1944.37,2031.42,P0475,Cooling Systems Product 475,Cooling Systems,469,481,C01354,Chapman PLC,Distributor,Automotive,Gonzalezfort,Italy,2023-04-21,1
20223268,36,183,9,103,1,3,6,1187.67,946.01,241.66,1184.85,1209.48,P0036,Electronics Product 36,Electronics,480,345,C00183,"Roberson, Davis and Reynolds",Distributor,Manufacturing,Crystalton,Belgium,2024-11-18,1
20229946,148,4177,3,94,3,4,2,830.66,499.37,331.29,859.11,823.29,P0148,Filtration Product 148,Filtration,128,603,C04177,Smith-Rodriguez,OEM,Transportation,Allenburgh,Italy,2019-10-23,1
20245878,292,3863,3,107,6,4,6,269.1,212.18,56.92,255.71,281.74,P0292,Aftertreatment Product 292,Aftertreatment,465,130,C03863,Harris-Bates,Distributor,Automotive,East Michaelhaven,Spain,2022-12-14,1
20239376,72,4324,5,41,10,5,12,759.2,582.62,176.58,730.94,740.5,P0072,Filtration Product 72,Filtration,99,254,C04324,"Anderson, Morris and Coleman",Distributor,Transportation,East Barbara,Poland,2020-06-30,1
20247501,66,1043,3,30,3,3,18,254.0,171.23,82.77,261.29,248.74,P0066,Cooling Systems Product 66,Cooling Systems,227,616,C01043,Horton and Sons,Distributor,Automotive,Hawkinsmouth,Netherlands,2021-08-27,1
20261177,99,4873,1,69,10,5,14,4934.17,2987.58,1946.59,5082.84,5076.15,P0099,Fuel Systems Product 99,Fuel Systems,88,252,C04873,"Jones, Hansen and Orozco",OEM,Automotive,South Michelleville,Sweden,2024-04-15,1
20237834,21,417,4,92,5,5,10,2076.96,1819.25,257.71,2004.92,1996.78,P0021,Turbochargers Product 21,Turbochargers,138,197,C00417,"Franklin, Johns and Lewis",Fleet,Automotive,Cruzbury,Spain,2023-07-27,1
20222845,137,432,7,113,10,2,11,3694.03,2800.03,894.0,3658.67,4032.42,P0137,Turbochargers Product 137,Turbochargers,77,143,C00432,Lopez-Smith,Fleet,Automotive,Lake Cory,Germany,2025-01-23,1
20247707,29,2131,8,13,3,4,8,4586.44,3235.16,1351.28,4527.9,5007.74,P0029,Fuel Systems Product 29,Fuel Systems,128,126,C02131,Banks-Walls,Fleet,Automotive,North Derrick,Belgium,2016-11-12,1
20222868,395,2158,4,19,1,3,20,2950.56,2475.45,475.11,3096.48,2988.96,P0395,Aftertreatment Product 395,Aftertreatment,324,151,C02158,Reeves-Lee,OEM,Transportation,Julieberg,Italy,2026-03-13,1
20226489,123,577,4,41,7,4,5,4344.18,3522.21,821.97,4203.55,4572.79,P0123,Cooling Systems Product 123,Cooling Systems,147,719,C00577,"Smith, Williams and Parker",OEM,Automotive,Sawyerfort,Netherlands,2020-10-07,1
20239389,288,3722,7,22,2,1,7,1167.51,739.34,428.17,1190.37,1229.53,P0288,Sensors Product 288,Sensors,78,583,C03722,"Carlson, Walker and Fernandez",Fleet,Transportation,South Terry,Netherlands,2025-06-27,1
20227292,437,3487,6,41,6,2,3,3794.48,2744.42,1050.06,3809.01,4056.57,P0437,Turbochargers Product 437,Turbochargers,415,793,C03487,Barr-Bowen,Distributor,Transportation,Victormouth,Germany,2023-09-29,1
20234661,148,896,7,88,3,4,2,4688.61,3646.28,1042.33,4513.35,4545.19,P0148,Filtration Product 148,Filtration,128,603,C00896,"Alvarez, Mercer and Zimmerman",Distributor,Manufacturing,South Donna,Austria,2021-01-20,1
20221529,240,358,7,108,9,3,13,4224.28,3003.82,1220.46,4364.63,4432.49,P0240,Turbochargers Product 240,Turbochargers,89,780,C00358,Bell Ltd,Distributor,Automotive,Port Chaseside,France,2022-02-22,1
20228293,67,511,9,102,10,1,18,2159.7,1476.05,683.65,2181.27,2335.97,P0067,Turbochargers Product 67,Turbochargers,160,257,C00511,Bishop Inc,Distributor,Automotive,Lake Davidton,Italy,2021-01-21,1
20239499,35,1896,4,85,4,1,10,105.11,89.85,15.26,104.53,101.27,P0035,Filtration Product 35,Filtration,488,634,C01896,Holland-Schultz,Distributor,Automotive,West Erika,Netherlands,2022-08-02,1
20236612,305,3947,10,30,10,5,18,2919.78,2261.28,658.5,3020.81,3199.95,P0305,Turbochargers Product 305,Turbochargers,461,501,C03947,"Adams, White and Jones",OEM,Automotive,Silvaland,Spain,2017-04-15,1
20246273,337,4747,4,87,10,4,16,305.87,258.24,47.63,310.5,326.73,P0337,Fuel Systems Product 337,Fuel Systems,309,846,C04747,"Johnson, Carey and Rivera",Fleet,Automotive,East Brandy,Netherlands,2019-06-30,1
20242496,168,3752,3,36,1,2,2,4276.49,3791.14,485.35,4472.75,4686.97,P0168,Fuel Systems Product 168,Fuel Systems,192,876,C03752,Neal-Moore,OEM,Transportation,East Tylerfort,Netherlands,2025-06-16,1
20235610,155,2866,5,18,6,3,3,1372.42,1220.65,151.77,1381.4,1477.22,P0155,Fuel Systems Product 155,Fuel Systems,406,343,C02866,Kirby-Long,Fleet,Automotive,Lake Bethtown,Poland,2021-08-27,1
20250252,272,1207,8,9,1,5,11,1877.18,1334.69,542.49,1856.22,1908.54,P0272,Turbochargers Product 272,Turbochargers,361,817,C01207,Martinez Inc,Distributor,Manufacturing,North Robertchester,Italy,2019-02-02,1
20237320,239,1786,4,94,1,3,13,1406.05,967.26,438.79,1371.79,1514.33,P0239,Fuel Systems Product 239,Fuel Systems,362,107,C01786,Becker-Wise,OEM,Transportation,Christinaborough,Belgium,2019-07-30,1
20225704,498,4348,7,44,2,1,15,4708.09,4176.21,531.88,4666.43,4480.22,P0498,Fuel Systems Product 498,Fuel Systems,235,606,C04348,Smith-Lopez,OEM,Manufacturing,East Williamfurt,France,2023-11-04,1
20226647,100,2256,7,84,10,5,16,714.71,565.16,149.55,690.69,737.75,P0100,Cooling Systems Product 100,Cooling Systems,266,465,C02256,Moreno-Clements,Fleet,Automotive,North Michaelfort,Sweden,2020-11-01,1
20257845,71,3656,7,25,3,1,13,4875.91,3067.67,1808.24,4711.96,5123.84,P0071,Fuel Systems Product 71,Fuel Systems,497,663,C03656,Zuniga Ltd,OEM,Manufacturing,North Keith,Poland,2020-02-26,1
20221109,459,4599,8,43,8,5,16,766.36,484.93,281.43,744.98,755.25,P0459,Filtration Product 459,Filtration,230,102,C04599,"Shepherd, White and Carrillo",Distributor,Automotive,Lake Loriberg,Netherlands,2018-05-15,1
20220809,199,964,1,19,5,5,11,3293.42,2425.3,868.12,3357.62,3347.05,P0199,Turbochargers Product 199,Turbochargers,174,399,C00964,Jimenez and Sons,Fleet,Manufacturing,West Danielmouth,Belgium,2024-05-16,1
20220360,111,1341,4,15,6,5,14,1954.27,1505.03,449.24,2051.47,1876.89,P0111,Filtration Product 111,Filtration,249,946,C01341,"Baker, Smith and Roth",Distributor,Manufacturing,Lake Robert,France,2022-12-08,1
20245606,8,4179,5,56,3,1,18,2599.03,2018.11,580.92,2613.12,2707.57,P0008,Turbochargers Product 8,Turbochargers,408,245,C04179,Woods Inc,OEM,Automotive,East Monica,Austria,2020-06-14,1
20238113,419,3011,7,106,8,3,16,3569.28,2800.74,768.54,3564.36,3891.5,P0419,Aftertreatment Product 419,Aftertreatment,52,624,C03011,"Davis, Rodriguez and Reid",OEM,Transportation,Port Douglaston,Austria,2016-12-02,1
20237724,285,1481,10,103,9,3,13,851.76,762.91,88.85,878.01,871.96,P0285,Turbochargers Product 285,Turbochargers,252,155,C01481,Aguilar-Spencer,OEM,Manufacturing,Alexanderberg,Poland,2023-11-11,1
20232013,235,3602,7,67,1,2,12,3522.23,2218.92,1303.31,3616.68,3487.48,P0235,Aftertreatment Product 235,Aftertreatment,401,732,C03602,"Brown, Case and Johns",Fleet,Manufacturing,South Tammy,Italy,2025-12-01,1
20248234,5,4910,1,35,5,1,17,930.62,657.07,273.55,915.93,1013.73,P0005,Sensors Product 5,Sensors,264,744,C04910,"Allen, Young and Meyer",Fleet,Transportation,Christinaburgh,Belgium,2019-04-20,1
20231254,252,446,8,64,10,4,4,3194.59,2346.4,848.19,3346.74,3096.8,P0252,Aftertreatment Product 252,Aftertreatment,486,396,C00446,Keith Ltd,OEM,Transportation,Martinezmouth,Poland,2025-04-07,1
20251523,33,1673,7,1,6,1,20,1821.88,1421.16,400.72,1852.57,1824.88,P0033,Sensors Product 33,Sensors,252,257,C01673,Mccoy-Phillips,Distributor,Transportation,Harrisberg,Belgium,2017-02-19,1
20254061,455,2361,8,52,7,1,2,1229.22,838.25,390.97,1235.6,1176.36,P0455,Fuel Systems Product 455,Fuel Systems,304,983,C02361,Wallace and Sons,Fleet,Manufacturing,Julieport,Sweden,2018-02-20,1
20253697,356,4027,3,12,6,5,8,1306.11,961.51,344.6,1286.62,1250.26,P0356,Filtration Product 356,Filtration,250,324,C04027,Edwards-Butler,Fleet,Automotive,West Melinda,Netherlands,2026-07-24,1
20232209,230,159,9,79,7,2,8,4215.36,3160.94,1054.42,4134.65,4048.23,P0230,Sensors Product 230,Sensors,356,451,C00159,"Wilkinson, Wallace and Murphy",Distributor,Transportation,West Cody,Austria,2017-07-12,1
20242121,313,2584,5,72,10,2,1,3561.31,2251.22,1310.09,3699.33,3651.69,P0313,Cooling Systems Product 313,Cooling Systems,197,588,C02584,Hall-Stevens,OEM,Automotive,Jennifershire,France,2022-08-02,1
20251811,458,2147,1,6,9,1,7,2663.43,1723.03,940.4,2674.04,2630.12,P0458,Sensors Product 458,Sensors,64,799,C02147,Morris-Williams,OEM,Automotive,South Jennashire,France,2024-09-17,1
20236518,489,31,6,88,5,2,10,1095.08,780.03,315.05,1122.38,1041.21,P0489,Cooling Systems Product 489,Cooling Systems,159,158,C00031,"Crawford, Greer and Johnson",OEM,Transportation,North Jonathan,Netherlands,2021-08-10,1
20231152,26,3452,8,48,5,5,4,4346.66,3859.25,487.41,4540.26,4390.77,P0026,Fuel Systems Product 26,Fuel Systems,79,165,C03452,Duran PLC,Distributor,Automotive,West Michael,Poland,2024-11-16,1
20229660,490,1637,4,37,7,2,15,3250.99,2708.62,542.37,3225.83,3126.18,P0490,Filtration Product 490,Filtration,178,560,C01637,"Daniels, Williams and Lopez",Distributor,Manufacturing,Lake Amyland,Italy,2020-08-29,1
20238558,382,773,6,98,3,3,2,2532.59,1875.79,656.8,2555.63,2446.84,P0382,Sensors Product 382,Sensors,460,927,C00773,Roberts and Sons,OEM,Automotive,Port Kristina,Spain,2021-12-20,1
20253910,264,1121,6,2,5,3,15,3101.61,2699.17,402.44,3021.78,3331.31,P0264,Electronics Product 264,Electronics,85,333,C01121,Stone and Sons,OEM,Transportation,Jeffreyside,Austria,2024-06-24,1
20248206,437,3483,3,18,1,3,3,1025.61,819.38,206.23,1051.5,978.27,P0437,Turbochargers Product 437,Turbochargers,415,793,C03483,Oneill PLC,Fleet,Automotive,South Derekfort,Netherlands,2022-06-15,1
20230905,135,1895,8,3,6,4,11,4077.15,2794.45,1282.7,3963.53,4326.29,P0135,Turbochargers Product 135,Turbochargers,137,641,C01895,Lewis PLC,Distributor,Transportation,Maryville,France,2017-01-05,1
20232364,27,450,1,17,5,5,14,1971.25,1292.17,679.08,1959.06,1936.35,P0027,Sensors Product 27,Sensors,402,926,C00450,Hill-Johnson,OEM,Transportation,Wilsonhaven,Poland,2018-03-18,1
20225009,62,3390,6,70,3,2,13,4218.29,3499.27,719.02,4111.18,4243.36,P0062,Sensors Product 62,Sensors,425,477,C03390,Solomon-Lopez,OEM,Automotive,Bassport,Sweden,2022-07-25,1
20224003,390,3328,2,102,1,2,10,4895.03,3843.42,1051.61,4929.18,5110.45,P0390,Fuel Systems Product 390,Fuel Systems,244,414,C03328,Reyes Ltd,OEM,Automotive,South Kimberlytown,Sweden,2020-01-08,1
20247150,183,269,7,1,2,3,19,958.05,702.39,255.66,981.43,1053.17,P0183,Fuel Systems Product 183,Fuel Systems,382,919,C00269,Shea-Munoz,Distributor,Automotive,Turnershire,Netherlands,2024-03-10,1
20249839,134,2738,5,18,4,4,12,1856.1,1173.35,682.75,1791.9,1872.39,P0134,Fuel Systems Product 134,Fuel Systems,256,227,C02738,Terry-Lopez,Distributor,Manufacturing,New David,Germany,2025-10-11,1
20222439,352,3992,9,104,2,2,16,2555.98,1704.23,851.75,2475.97,2571.87,P0352,Filtration Product 352,Filtration,317,686,C03992,Allen-Morales,Fleet,Transportation,North Benjamin,Austria,2017-06-29,1
20224680,385,897,2,87,9,3,18,2620.95,1725.83,895.12,2559.48,2798.88,P0385,Electronics Product 385,Electronics,385,231,C00897,Mills Inc,OEM,Automotive,South Joseph,France,2026-05-09,1
20221586,386,3252,7,19,6,1,18,612.97,518.66,94.31,604.18,597.47,P0386,Cooling Systems Product 386,Cooling Systems,112,448,C03252,Leonard PLC,OEM,Manufacturing,Lake Nathanmouth,Austria,2020-11-21,1
20240739,21,739,5,76,7,1,20,4485.95,3232.67,1253.28,4362.33,4491.76,P0021,Turbochargers Product 21,Turbochargers,138,197,C00739,Church Group,Distributor,Automotive,Richardside,Germany,2020-07-12,1
20220721,319,494,1,22,3,2,5,1164.05,875.01,289.04,1220.17,1168.03,P0319,Aftertreatment Product 319,Aftertreatment,233,504,C00494,Carr-Vargas,Fleet,Automotive,Blackville,Italy,2017-06-12,1
20228853,442,3108,1,7,5,5,4,4511.29,2905.57,1605.72,4442.69,4911.5,P0442,Cooling Systems Product 442,Cooling Systems,330,163,C03108,Roberts-Bradley,OEM,Automotive,Davisbury,France,2019-02-05,1
20247205,330,1970,8,108,8,2,11,429.1,332.09,97.01,439.85,421.63,P0330,Electronics Product 330,Electronics,71,949,C01970,"Richards, Mccoy and Watts",OEM,Transportation,East Rebecca,Netherlands,2023-07-09,1
20223877,324,1868,7,67,5,1,16,275.74,181.4,94.34,288.38,296.9,P0324,Fuel Systems Product 324,Fuel Systems,310,610,C01868,Waters and Sons,Distributor,Transportation,Brewerchester,Sweden,2024-02-18,1
20226264,500,397,8,114,3,5,10,4653.79,3406.61,1247.18,4560.29,4537.62,P0500,Cooling Systems Product 500,Cooling Systems,497,280,C00397,"Williams, Francis and Clark",Distributor,Transportation,Katherineside,Italy,2021-12-05,1
20245709,53,1816,3,81,1,4,3,1132.88,859.23,273.65,1098.29,1189.64,P0053,Turbochargers Product 53,Turbochargers,498,900,C01816,Schmitt-Mckee,Distributor,Transportation,Port Maryburgh,Italy,2019-05-13,1
20221593,443,3841,7,56,2,3,5,464.15,400.07,64.08,453.57,449.19,P0443,Cooling Systems Product 443,Cooling Systems,179,863,C03841,Randolph Ltd,Distributor,Transportation,Cameronborough,Poland,2018-06-03,1
20241562,105,1929,4,12,9,5,1,527.34,402.72,124.62,550.36,562.6,P0105,Filtration Product 105,Filtration,163,690,C01929,"Hill, Spencer and Dixon",Fleet,Transportation,North Rebeccaport,Italy,2025-08-08,1
20248246,157,2967,5,95,8,5,9,303.05,264.43,38.62,309.29,330.87,P0157,Sensors Product 157,Sensors,259,276,C02967,"Rivera, Alexander and Fowler",Distributor,Transportation,East Troyfurt,France,2024-06-24,1
20245120,126,1816,1,34,9,5,8,4498.59,2795.96,1702.63,4502.02,4418.08,P0126,Cooling Systems Product 126,Cooling Systems,302,414,C01816,Schmitt-Mckee,Distributor,Transportation,Port Maryburgh,Italy,2019-05-13,1
20241087,446,4175,8,23,8,3,9,4637.12,3721.48,915.64,4620.68,5031.76,P0446,Fuel Systems Product 446,Fuel Systems,211,595,C04175,"Norton, Cook and Alvarado",OEM,Transportation,South Jorgemouth,Italy,2018-05-13,1
20236233,85,1287,10,119,8,4,15,1454.96,1221.56,233.4,1468.4,1478.68,P0085,Filtration Product 85,Filtration,316,630,C01287,Gomez and Sons,Fleet,Manufacturing,Sierrachester,Sweden,2020-08-15,1
20252120,319,438,6,120,5,1,8,4372.43,3402.4,970.03,4375.37,4403.52,P0319,Aftertreatment Product 319,Aftertreatment,233,504,C00438,Reed and Sons,Distributor,Manufacturing,Chelseamouth,Belgium,2023-05-01,1
20246394,411,4934,2,88,10,1,10,563.12,485.65,77.47,545.84,605.57,P0411,Turbochargers Product 411,Turbochargers,451,439,C04934,Sanders Inc,Fleet,Manufacturing,Christopherstad,Germany,2020-02-09,1
20234491,358,696,1,82,1,1,14,741.82,660.95,80.87,776.94,762.13,P0358,Electronics Product 358,Electronics,297,764,C00696,"Wilson, Hoffman and Aguirre",OEM,Automotive,Melissamouth,Austria,2023-07-25,1
20246157,390,574,1,116,4,1,10,1969.31,1300.81,668.5,2042.78,1954.36,P0390,Fuel Systems Product 390,Fuel Systems,244,414,C00574,Rice Inc,OEM,Manufacturing,West Jeffrey,Poland,2021-12-16,1
20258335,311,8,2,37,5,2,16,810.22,644.73,165.49,799.4,847.35,P0311,Sensors Product 311,Sensors,256,601,C00008,Walker and Sons,Fleet,Automotive,South Jeffreytown,France,2020-11-01,1
20245128,206,2335,4,13,5,5,13,3627.79,3262.15,365.64,3556.25,3765.7,P0206,Filtration Product 206,Filtration,61,486,C02335,"Mccormick, Lambert and Rivera",Distributor,Manufacturing,Tylerbury,France,2019-07-08,1
20220361,139,4830,3,83,10,4,13,209.0,186.84,22.16,218.98,214.97,P0139,Filtration Product 139,Filtration,167,1000,C04830,Johnston-Kennedy,Fleet,Manufacturing,Port Loriland,France,2020-10-14,1
20237728,133,4840,5,101,6,4,18,3226.32,2207.57,1018.75,3214.52,3409.08,P0133,Turbochargers Product 133,Turbochargers,307,332,C04840,"Simpson, Schaefer and Harrison",OEM,Automotive,North Corey,Germany,2022-09-26,1
20247483,145,2472,3,81,7,4,6,100.71,84.61,16.1,100.27,102.76,P0145,Turbochargers Product 145,Turbochargers,254,255,C02472,"Mcclure, Smith and Pearson",OEM,Automotive,Andreamouth,Spain,2018-01-16,1
20257627,164,3809,8,25,6,5,8,3646.84,3098.82,548.02,3622.14,3591.34,P0164,Turbochargers Product 164,Turbochargers,99,253,C03809,Vargas Inc,Distributor,Transportation,Gilmoremouth,Poland,2021-03-19,1
20224443,254,749,1,40,10,2,11,2473.73,2219.28,254.45,2416.57,2458.38,P0254,Sensors Product 254,Sensors,174,101,C00749,"Lester, Howard and Mccoy",Distributor,Manufacturing,South Troy,Poland,2018-08-21,1
20250027,338,1500,5,12,8,4,15,3678.05,2472.41,1205.64,3693.25,3900.42,P0338,Electronics Product 338,Electronics,279,674,C01500,Mccormick Group,Fleet,Manufacturing,Amberfurt,Belgium,2026-01-27,1
20224563,294,909,4,36,1,2,13,1505.65,1161.58,344.07,1505.08,1575.99,P0294,Aftertreatment Product 294,Aftertreatment,75,306,C00909,Kelly-Chapman,Fleet,Manufacturing,Isabeltown,Netherlands,2017-04-28,1
20241095,479,588,2,77,6,3,2,4954.1,3019.75,1934.35,4743.67,4723.41,P0479,Sensors Product 479,Sensors,332,781,C00588,Thompson LLC,Fleet,Manufacturing,New Andrew,Germany,2018-11-12,1
20245049,352,249,2,33,8,2,17,4865.18,3154.96,1710.22,4869.27,5266.36,P0352,Filtration Product 352,Filtration,317,686,C00249,"Barton, Taylor and Shaffer",OEM,Transportation,Hayesport,Poland,2023-03-28,1
20234251,316,2124,8,77,8,4,5,284.13,233.74,50.39,293.53,280.43,P0316,Aftertreatment Product 316,Aftertreatment,412,807,C02124,"Trevino, Jennings and Lambert",OEM,Transportation,Serranomouth,Austria,2021-11-27,1
20243617,331,224,9,28,1,4,2,3701.85,3086.79,615.06,3816.77,3723.22,P0331,Cooling Systems Product 331,Cooling Systems,438,820,C00224,Garcia-Mathews,Fleet,Manufacturing,South Michaelstad,Italy,2024-05-09,1
20225797,257,3880,2,87,8,5,16,4004.38,3147.76,856.62,3911.56,3887.18,P0257,Aftertreatment Product 257,Aftertreatment,264,443,C03880,Schwartz-Miller,OEM,Manufacturing,West Eric,Netherlands,2025-07-11,1
20223494,295,4060,7,62,2,2,20,1716.77,1346.33,370.44,1718.62,1841.68,P0295,Sensors Product 295,Sensors,177,878,C04060,Graham Inc,Fleet,Automotive,Meganfurt,France,2023-08-25,1
20225044,484,123,6,35,9,1,20,4826.02,4188.35,637.67,4658.18,4664.25,P0484,Turbochargers Product 484,Turbochargers,493,349,C00123,Schneider-Wilson,Distributor,Transportation,New Robert,Austria,2020-10-18,1
20225018,372,1984,3,36,5,1,15,1283.03,1063.59,219.44,1242.2,1285.73,P0372,Filtration Product 372,Filtration,256,741,C01984,"Johnston, Jones and Costa",Fleet,Transportation,North Davidton,Poland,2018-01-14,1
20241836,449,4497,6,55,4,5,6,1424.65,1051.2,373.45,1493.05,1358.12,P0449,Turbochargers Product 449,Turbochargers,466,253,C04497,Landry Group,Distributor,Manufacturing,Danielleview,Italy,2022-07-23,1
20239678,131,1782,5,1,10,3,5,1450.65,1162.74,287.91,1407.28,1441.79,P0131,Turbochargers Product 131,Turbochargers,475,212,C01782,Henry PLC,OEM,Manufacturing,New Matthewstad,Sweden,2025-11-20,1
20242506,220,1230,7,60,9,2,14,4613.15,2773.55,1839.6,4540.06,4948.43,P0220,Filtration Product 220,Filtration,401,447,C01230,Navarro PLC,Fleet,Automotive,Sandraberg,France,2016-11-04,1
20239569,96,3478,7,73,3,3,3,3474.54,2393.45,1081.09,3584.84,3323.08,P0096,Turbochargers Product 96,Turbochargers,72,549,C03478,"Harrison, Zuniga and Williams",OEM,Manufacturing,East Danielbury,Spain,2026-03-11,1
20256825,255,2038,10,72,10,4,7,2550.27,1930.93,619.34,2444.17,2468.58,P0255,Cooling Systems Product 255,Cooling Systems,66,596,C02038,Johnson PLC,Distributor,Transportation,Currychester,Italy,2024-12-31,1
20248284,211,3877,5,116,2,3,17,1634.46,1162.34,472.12,1666.14,1760.19,P0211,Sensors Product 211,Sensors,246,215,C03877,Miller Ltd,Distributor,Manufacturing,Port Colton,Netherlands,2023-05-19,1
20237971,106,4780,5,106,3,4,5,2916.72,2233.88,682.84,2795.11,3170.32,P0106,Filtration Product 106,Filtration,289,517,C04780,Brown-Hayes,Distributor,Automotive,West Jacobburgh,Belgium,2022-05-11,1
20249178,331,1529,10,119,4,2,2,1949.33,1598.19,351.14,1861.5,2133.81,P0331,Cooling Systems Product 331,Cooling Systems,438,820,C01529,"Jones, Thompson and Cox",Fleet,Manufacturing,South Deniseville,Netherlands,2025-01-02,1
20249099,141,4825,2,68,10,3,18,1994.38,1428.84,565.54,1947.8,1953.94,P0141,Aftertreatment Product 141,Aftertreatment,150,465,C04825,"Moore, Murphy and Byrd",OEM,Automotive,Henrychester,Netherlands,2020-07-31,1
20220493,444,2274,4,23,5,2,3,4216.27,3064.91,1151.36,4105.38,4286.02,P0444,Sensors Product 444,Sensors,216,648,C02274,Gomez-Mcneil,Fleet,Manufacturing,Patrickstad,Netherlands,2017-12-21,1
20229351,418,4762,4,24,10,2,14,1019.31,646.81,372.5,1064.49,1018.7,P0418,Sensors Product 418,Sensors,65,522,C04762,Hensley Group,Distributor,Manufacturing,South Carrie,Sweden,2018-01-20,1
20246375,193,3984,2,37,8,3,8,4370.2,3339.36,1030.84,4251.2,4590.94,P0193,Turbochargers Product 193,Turbochargers,376,442,C03984,Chandler-Hale,OEM,Automotive,Greenefurt,Poland,2022-12-17,1
20256794,303,3937,10,99,5,2,8,997.14,823.75,173.39,961.93,1024.98,P0303,Filtration Product 303,Filtration,472,223,C03937,Aguilar-Brown,OEM,Automotive,West Tracy,Spain,2016-12-09,1
20222061,326,4492,3,10,6,4,11,4941.89,3316.74,1625.15,5061.11,5398.41,P0326,Sensors Product 326,Sensors,428,355,C04492,"Townsend, Jones and Gutierrez",Distributor,Manufacturing,Jessicaview,Spain,2023-03-19,1
20236029,311,3382,3,52,8,1,11,3103.74,2413.29,690.45,2958.02,3040.04,P0311,Sensors Product 311,Sensors,256,601,C03382,Moody-Castillo,OEM,Manufacturing,Sheribury,Germany,2026-06-20,1
20244177,171,4684,6,30,5,2,9,4435.16,2689.39,1745.77,4248.74,4520.17,P0171,Cooling Systems Product 171,Cooling Systems,353,541,C04684,Cross Ltd,Fleet,Manufacturing,South Joanfurt,Spain,2023-09-08,1
20227880,77,3885,9,16,2,1,13,1417.89,1095.98,321.91,1442.26,1473.09,P0077,Filtration Product 77,Filtration,270,390,C03885,"Martinez, Leblanc and Williams",OEM,Transportation,New Davidview,Austria,2018-12-03,1
20221497,496,4166,5,80,4,4,12,355.08,298.85,56.23,341.24,365.32,P0496,Cooling Systems Product 496,Cooling Systems,116,953,C04166,Davis-Morgan,Distributor,Manufacturing,New Patricia,Belgium,2021-07-22,1
20252921,277,3181,7,17,9,2,1,213.84,152.36,61.48,208.38,215.5,P0277,Filtration Product 277,Filtration,372,298,C03181,Zimmerman-Eaton,Distributor,Automotive,Lake Tylerbury,Poland,2025-03-02,1
20242996,94,865,10,80,9,2,18,1553.98,1177.1,376.88,1622.18,1553.7,P0094,Aftertreatment Product 94,Aftertreatment,214,964,C00865,"Costa, Johnson and Hall",Fleet,Automotive,New Tracey,Poland,2017-03-31,1
20237757,481,3935,7,119,4,3,9,1947.48,1654.59,292.89,2027.04,2079.94,P0481,Electronics Product 481,Electronics,85,133,C03935,Hill-Owen,Distributor,Transportation,Lake Juanchester,Poland,2026-07-30,1
20228944,450,875,7,109,3,4,2,3606.04,2671.44,934.6,3438.09,3450.33,P0450,Sensors Product 450,Sensors,333,866,C00875,Sanchez-Anderson,Fleet,Transportation,North Carlosville,Belgium,2023-06-21,1
20250304,4,2985,4,98,7,2,5,1549.24,1069.92,479.32,1501.52,1627.5,P0004,Fuel Systems Product 4,Fuel Systems,284,750,C02985,Peters and Sons,Fleet,Automotive,Port Jessemouth,Poland,2016-09-21,1
20235885,166,3699,5,95,7,4,4,3166.1,2518.93,647.17,3190.1,3092.63,P0166,Filtration Product 166,Filtration,399,723,C03699,Stanley-Williams,Fleet,Manufacturing,North Jesse,Italy,2019-04-04,1
20239930,152,4125,10,117,6,1,1,3376.83,2305.8,1071.03,3267.19,3659.51,P0152,Cooling Systems Product 152,Cooling Systems,483,882,C04125,Byrd PLC,Fleet,Transportation,Schultzhaven,Poland,2020-05-20,1
20225732,329,799,6,21,2,4,17,1259.69,799.9,459.79,1204.96,1200.61,P0329,Turbochargers Product 329,Turbochargers,261,982,C00799,Ortiz-Mccullough,Distributor,Automotive,West Jerome,Belgium,2025-02-21,1
20246502,478,4112,6,35,10,2,12,1959.61,1342.85,616.76,2004.2,1986.08,P0478,Filtration Product 478,Filtration,181,926,C04112,Johnson Ltd,Fleet,Manufacturing,New Edward,Italy,2020-07-06,1
20257076,498,2506,5,45,5,2,10,4499.94,3456.45,1043.49,4367.23,4631.41,P0498,Fuel Systems Product 498,Fuel Systems,235,606,C02506,Guzman-Doyle,Fleet,Automotive,West Ericatown,Belgium,2017-03-22,1
20241570,432,3346,4,87,5,1,13,1955.18,1716.0,239.18,2020.23,2118.04,P0432,Aftertreatment Product 432,Aftertreatment,144,546,C03346,"Rodriguez, Austin and Richardson",OEM,Automotive,Virginiaberg,Austria,2024-08-05,1
20247357,261,1578,7,36,4,1,13,4461.23,3217.78,1243.45,4584.11,4243.41,P0261,Turbochargers Product 261,Turbochargers,231,310,C01578,"Ali, Harris and Wilson",Distributor,Manufacturing,Port Andrew,Netherlands,2025-03-23,1
20228093,24,2091,10,3,9,2,6,2236.19,1701.0,535.19,2239.19,2273.01,P0024,Aftertreatment Product 24,Aftertreatment,382,526,C02091,Rodgers Group,Distributor,Automotive,Mccannberg,Poland,2017-03-07,1
20247899,254,2893,1,62,9,1,17,1730.83,1488.43,242.4,1678.35,1809.62,P0254,Sensors Product 254,Sensors,174,101,C02893,"Thornton, Marshall and Stanley",OEM,Manufacturing,Port Edward,France,2017-03-16,1
20254041,343,3407,6,73,8,3,19,4174.96,3620.53,554.43,4113.69,4391.04,P0343,Electronics Product 343,Electronics,477,488,C03407,Hardy Ltd,OEM,Manufacturing,West Sarah,Austria,2019-07-20,1
20229636,34,4120,1,73,4,4,6,2135.61,1770.14,365.47,2077.33,2206.33,P0034,Fuel Systems Product 34,Fuel Systems,67,719,C04120,"Owens, Wells and Lara",OEM,Transportation,Rayland,Spain,2024-12-06,1
20242658,275,2137,4,18,7,2,20,2329.73,1614.33,715.4,2290.56,2292.9,P0275,Electronics Product 275,Electronics,69,802,C02137,Phillips Group,Distributor,Transportation,Martinezborough,Spain,2017-12-22,1
20241669,460,1772,9,102,4,4,4,1986.81,1587.87,398.94,1910.66,2127.17,P0460,Cooling Systems Product 460,Cooling Systems,158,883,C01772,Frey Ltd,OEM,Transportation,Kristenfurt,Netherlands,2020-07-19,1
20257822,239,580,5,117,1,4,6,1613.54,1442.15,171.39,1629.13,1696.82,P0239,Fuel Systems Product 239,Fuel Systems,362,107,C00580,Mcbride-Fox,Distributor,Automotive,Parkborough,Poland,2023-09-03,1
20220724,317,3693,3,59,2,4,9,3606.63,2757.2,849.43,3467.02,3706.8,P0317,Cooling Systems Product 317,Cooling Systems,303,365,C03693,"Marshall, Liu and Moore",Fleet,Transportation,Port Michelleland,Belgium,2019-06-13,1
20225154,143,2906,7,109,5,2,8,454.19,287.09,167.1,459.15,456.22,P0143,Sensors Product 143,Sensors,313,410,C02906,Santana Group,OEM,Manufacturing,West Tamara,Belgium,2022-09-02,1
20252720,454,4640,9,119,2,1,16,3458.7,2940.84,517.86,3559.3,3452.32,P0454,Cooling Systems Product 454,Cooling Systems,141,632,C04640,Berry Ltd,Fleet,Automotive,Bentleyville,France,2020-03-04,1
20237554,318,2453,4,14,4,4,10,2735.87,2447.08,288.79,2854.14,2980.53,P0318,Sensors Product 318,Sensors,407,237,C02453,Mason-Ruiz,Distributor,Transportation,Savannahtown,Sweden,2019-06-20,1
20220656,40,3001,6,92,2,4,18,1072.5,761.58,310.92,1054.04,1095.73,P0040,Electronics Product 40,Electronics,462,786,C03001,Clark Group,OEM,Manufacturing,Lake Kimton,Sweden,2021-12-28,1
20247505,321,1563,10,115,8,5,4,1993.05,1786.08,206.97,1972.73,1943.99,P0321,Cooling Systems Product 321,Cooling Systems,340,488,C01563,"Rocha, Wilkins and Harris",Fleet,Transportation,Juliestad,Belgium,2019-02-01,1
20223723,190,2091,8,66,10,2,15,3712.15,3217.9,494.25,3825.66,3666.64,P0190,Sensors Product 190,Sensors,92,951,C02091,Rodgers Group,Distributor,Automotive,Mccannberg,Poland,2017-03-07,1
20242863,459,1882,7,118,2,3,16,2322.14,1837.04,485.1,2409.0,2312.73,P0459,Filtration Product 459,Filtration,230,102,C01882,Jenkins Ltd,Distributor,Automotive,Curryside,Germany,2023-08-06,1
20245848,144,2229,7,3,3,2,14,1899.94,1686.49,213.45,1887.63,1942.65,P0144,Filtration Product 144,Filtration,322,362,C02229,Warner Ltd,OEM,Automotive,Manuelberg,Germany,2017-10-03,1
20230460,118,3412,9,80,10,2,17,1015.18,677.39,337.79,1059.91,1042.97,P0118,Turbochargers Product 118,Turbochargers,151,106,C03412,Crosby-Moore,Distributor,Transportation,West Ericahaven,Belgium,2025-04-20,1
20239692,172,3781,1,94,8,2,10,2566.19,2095.64,470.55,2565.52,2701.79,P0172,Filtration Product 172,Filtration,326,911,C03781,"Jones, Hudson and Gonzales",OEM,Automotive,Sharpland,Italy,2018-09-03,1
20225380,57,4018,3,77,8,1,10,3733.19,2443.26,1289.93,3641.6,3866.81,P0057,Filtration Product 57,Filtration,182,606,C04018,"Wang, Hayden and Hamilton",OEM,Automotive,Lake Sara,Austria,2020-02-05,1
20220158,51,3274,6,32,10,1,18,3348.59,2388.93,959.66,3312.95,3444.38,P0051,Electronics Product 51,Electronics,420,511,C03274,Gonzales and Sons,Fleet,Transportation,Moralestown,Italy,2018-07-26,1
20251400,117,1598,10,72,8,1,10,2284.11,2007.51,276.6,2328.76,2381.08,P0117,Filtration Product 117,Filtration,60,919,C01598,Martinez-Ruiz,OEM,Manufacturing,North Allison,Netherlands,2024-11-13,1
20221179,88,1575,1,22,5,2,9,1211.87,905.0,306.87,1262.33,1292.34,P0088,Filtration Product 88,Filtration,423,129,C01575,"Perkins, Gomez and Hawkins",OEM,Transportation,South Heather,Belgium,2020-09-28,1
20248266,116,254,3,50,3,5,7,4155.6,3444.81,710.79,4362.64,4286.56,P0116,Filtration Product 116,Filtration,308,352,C00254,"Snyder, Barr and Mata",Fleet,Transportation,South Steven,Austria,2019-07-12,1
20225861,272,4047,3,66,7,3,7,3253.01,2326.44,926.57,3171.74,3463.44,P0272,Turbochargers Product 272,Turbochargers,361,817,C04047,Morse-Hicks,OEM,Manufacturing,East Colinshire,Poland,2022-11-28,1
20258799,366,4379,5,9,7,4,19,3804.35,3304.7,499.65,3811.55,3820.62,P0366,Sensors Product 366,Sensors,359,401,C04379,Pierce-Cooper,Fleet,Transportation,West Danny,Netherlands,2024-01-20,1
20220852,262,2987,9,84,1,1,9,3125.57,2116.3,1009.27,3127.35,3155.68,P0262,Fuel Systems Product 262,Fuel Systems,206,497,C02987,Morgan Group,Fleet,Manufacturing,Lake Christina,Poland,2021-11-30,1
20249120,23,4102,5,82,10,4,13,2948.44,2201.67,746.77,2896.93,2880.75,P0023,Filtration Product 23,Filtration,188,256,C04102,"Gutierrez, Torres and Conway",Distributor,Manufacturing,Lake Matthew,Italy,2020-04-21,1
20224019,143,4788,9,37,7,1,8,156.4,122.82,33.58,160.86,163.88,P0143,Sensors Product 143,Sensors,313,410,C04788,Paul Group,Distributor,Automotive,South Maryland,Poland,2021-01-11,1
20224375,307,1200,8,11,6,4,16,1320.45,890.08,430.37,1350.3,1300.35,P0307,Fuel Systems Product 307,Fuel Systems,324,670,C01200,"Allen, Anderson and Kim",OEM,Manufacturing,Jessicaport,Spain,2017-05-21,1
20223659,285,4671,6,85,7,1,13,3222.79,2354.67,868.12,3311.34,3465.73,P0285,Turbochargers Product 285,Turbochargers,252,155,C04671,Benitez Inc,Distributor,Transportation,Fosterland,Italy,2020-04-08,1
20221479,197,4673,4,63,10,5,18,3471.27,2125.29,1345.98,3410.72,3645.65,P0197,Electronics Product 197,Electronics,396,888,C04673,Smith LLC,Distributor,Automotive,Bakerchester,Spain,2023-03-26,1
20242734,364,2064,4,64,7,1,17,2174.12,1435.13,738.99,2250.91,2244.16,P0364,Sensors Product 364,Sensors,242,217,C02064,Walsh-Lee,Fleet,Automotive,New Chelseaberg,Netherlands,2021-07-18,1
20249847,216,1359,7,6,3,4,4,480.63,393.21,87.42,487.39,528.06,P0216,Cooling Systems Product 216,Cooling Systems,366,240,C01359,Padilla-Ferguson,Fleet,Transportation,West Bruce,Italy,2020-05-30,1
20253519,416,50,1,12,10,1,10,2440.25,1557.09,883.16,2544.2,2549.53,P0416,Electronics Product 416,Electronics,125,422,C00050,Alexander and Sons,Distributor,Transportation,Lake Miguel,Spain,2020-08-24,1
20220983,222,356,5,56,5,1,6,637.03,560.14,76.89,616.41,663.84,P0222,Cooling Systems Product 222,Cooling Systems,375,952,C00356,Martin Inc,Distributor,Transportation,Dawsonmouth,Italy,2024-10-04,1
20257024,118,1340,10,111,7,4,10,4028.58,2448.99,1579.59,4139.45,4387.97,P0118,Turbochargers Product 118,Turbochargers,151,106,C01340,Reed-Smith,Distributor,Manufacturing,Port Jeffery,Poland,2022-03-16,1
20258911,198,109,5,108,4,3,3,415.06,330.68,84.38,422.75,412.26,P0198,Sensors Product 198,Sensors,323,911,C00109,Henderson and Sons,OEM,Manufacturing,South Kimberlystad,Netherlands,2022-04-25,1
20259982,251,2093,8,120,2,3,18,3675.18,2226.31,1448.87,3855.1,3674.76,P0251,Sensors Product 251,Sensors,385,817,C02093,Warner-Diaz,Distributor,Manufacturing,Aliciaport,Austria,2023-05-15,1
20261206,476,991,9,28,6,3,11,3795.47,2970.88,824.59,3644.76,3682.91,P0476,Sensors Product 476,Sensors,212,959,C00991,Martin-West,Fleet,Automotive,Lake James,Germany,2021-04-10,1
20255060,280,3263,4,29,9,1,8,4946.56,3194.36,1752.2,5013.65,4875.04,P0280,Filtration Product 280,Filtration,159,364,C03263,"Garza, Warren and Harris",OEM,Automotive,Port Madison,Belgium,2022-06-28,1
20255941,122,3047,4,13,1,5,17,1650.79,1100.15,550.64,1590.51,1753.31,P0122,Electronics Product 122,Electronics,164,537,C03047,Reyes-Robertson,Fleet,Transportation,West Brett,Sweden,2021-11-30,1
20243715,52,4865,3,64,4,3,10,4609.74,3665.96,943.78,4667.64,4868.65,P0052,Fuel Systems Product 52,Fuel Systems,458,683,C04865,"Murphy, Carter and Sandoval",Distributor,Transportation,Gentryton,Belgium,2019-06-18,1
20227502,142,379,5,108,3,4,5,1600.66,1250.85,349.81,1603.73,1599.93,P0142,Sensors Product 142,Sensors,199,694,C00379,"Jones, Rivera and Mcgee",Distributor,Transportation,Watkinsshire,Belgium,2022-10-18,1
20254934,172,102,6,21,8,2,15,3926.31,2851.31,1075.0,4032.68,4272.57,P0172,Filtration Product 172,Filtration,326,911,C00102,"Brown, Noble and Howe",OEM,Automotive,Rosston,Sweden,2023-08-15,1
20255037,137,105,1,83,10,1,17,2773.41,2083.62,689.79,2833.5,2916.64,P0137,Turbochargers Product 137,Turbochargers,77,143,C00105,"Gonzalez, Davis and Smith",Distributor,Automotive,Cynthiaburgh,Sweden,2022-04-07,1
20249907,373,2949,10,105,5,2,15,3029.58,2393.65,635.93,3011.32,2955.25,P0373,Aftertreatment Product 373,Aftertreatment,170,200,C02949,"Powell, Cisneros and Bowman",OEM,Transportation,Nealborough,France,2018-04-15,1
20244505,187,2664,6,108,7,3,11,341.72,294.23,47.49,343.84,349.28,P0187,Fuel Systems Product 187,Fuel Systems,253,517,C02664,"Fowler, Ryan and Peterson",Distributor,Manufacturing,Justinborough,Austria,2023-12-12,1
20253501,410,4087,5,70,4,4,4,3280.4,2542.01,738.39,3363.08,3179.79,P0410,Filtration Product 410,Filtration,442,172,C04087,Santiago PLC,Distributor,Automotive,Rachelbury,Austria,2023-10-31,1
20238215,280,2701,3,65,9,4,7,4727.55,3242.57,1484.98,4676.24,4870.31,P0280,Filtration Product 280,Filtration,159,364,C02701,Clark and Sons,Distributor,Manufacturing,West Terri,Belgium,2021-07-11,1
20234931,312,1450,8,56,3,4,14,768.68,597.68,171.0,745.94,781.25,P0312,Fuel Systems Product 312,Fuel Systems,67,419,C01450,Sloan and Sons,OEM,Transportation,Malonebury,Italy,2021-11-13,1
20231926,381,3479,4,108,2,2,13,4801.82,3223.9,1577.92,5014.4,4941.41,P0381,Filtration Product 381,Filtration,81,103,C03479,Heath-Taylor,OEM,Manufacturing,South Scottbury,Germany,2024-05-04,1
20254837,269,1610,9,91,9,5,9,3946.46,2781.67,1164.79,3786.87,4062.57,P0269,Filtration Product 269,Filtration,473,207,C01610,May-Ruiz,Distributor,Automotive,Kimberlyborough,France,2019-08-17,1
20222629,234,302,1,78,1,5,7,676.46,508.57,167.89,707.12,723.35,P0234,Filtration Product 234,Filtration,444,779,C00302,Brown and Sons,OEM,Transportation,Bestbury,Poland,2017-03-22,1
20221060,296,1272,6,12,9,1,5,4886.4,4213.04,673.36,4689.22,4887.43,P0296,Electronics Product 296,Electronics,200,189,C01272,"Anderson, Carter and Bennett",Fleet,Automotive,Hardyville,France,2024-11-13,1
20260947,318,6,2,81,8,4,15,1180.98,931.49,249.49,1199.78,1206.05,P0318,Sensors Product 318,Sensors,407,237,C00006,Washington and Sons,Distributor,Automotive,West Kellybury,Netherlands,2020-09-07,1
20241528,53,472,3,120,7,3,11,3119.28,2226.8,892.48,3000.51,3382.38,P0053,Turbochargers Product 53,Turbochargers,498,900,C00472,Lloyd-Cochran,OEM,Transportation,West Gloria,Netherlands,2025-04-11,1
20252100,206,1356,9,43,8,1,13,1548.12,1022.62,525.5,1505.94,1540.07,P0206,Filtration Product 206,Filtration,61,486,C01356,"Brown, Collins and Lawson",Fleet,Transportation,Carlaview,Belgium,2018-02-06,1
20231677,113,2913,1,114,4,3,10,2871.89,2112.81,759.08,2821.63,2787.32,P0113,Sensors Product 113,Sensors,459,151,C02913,"Cook, Mcdaniel and Ellis",Fleet,Automotive,Mooreshire,Belgium,2022-10-17,1
20254084,449,1315,3,111,4,5,7,4693.11,2834.4,1858.71,4622.75,4579.6,P0449,Turbochargers Product 449,Turbochargers,466,253,C01315,"Nelson, Turner and Evans",Fleet,Transportation,Mcclurefurt,Austria,2020-06-02,1
20246532,59,4564,4,4,1,2,13,2898.63,2598.96,299.67,2859.16,2810.47,P0059,Sensors Product 59,Sensors,456,535,C04564,Turner-King,Fleet,Manufacturing,South Sherri,Austria,2024-08-26,1
20237240,242,3322,10,35,2,4,12,3035.81,2560.32,475.49,3056.73,3074.93,P0242,Aftertreatment Product 242,Aftertreatment,231,167,C03322,Cross Ltd,Distributor,Transportation,Clarkmouth,Germany,2021-07-24,1
20236591,109,3072,2,93,4,5,13,4910.89,4108.05,802.84,4761.27,4885.65,P0109,Cooling Systems Product 109,Cooling Systems,251,702,C03072,Wright LLC,Fleet,Manufacturing,Sandrastad,Sweden,2019-01-29,1
20225201,385,4008,8,95,10,2,8,4735.33,2943.05,1792.28,4684.25,4694.55,P0385,Electronics Product 385,Electronics,385,231,C04008,"Cole, Roberson and Smith",Distributor,Automotive,North Cody,Poland,2022-12-14,1
20260342,190,2326,1,28,5,3,8,4972.97,3658.02,1314.95,4810.36,5125.27,P0190,Sensors Product 190,Sensors,92,951,C02326,Cook-Flores,OEM,Manufacturing,East Jason,Netherlands,2018-05-10,1
20248465,443,2233,5,47,2,5,3,4425.02,2911.07,1513.95,4487.96,4568.99,P0443,Cooling Systems Product 443,Cooling Systems,179,863,C02233,Hunter PLC,Distributor,Transportation,Michaelmouth,Spain,2020-08-22,1
20259413,29,1664,10,32,2,3,6,3513.75,3023.14,490.61,3394.49,3809.68,P0029,Fuel Systems Product 29,Fuel Systems,128,126,C01664,Hanna-Coleman,OEM,Transportation,Amandaside,Poland,2026-06-19,1
20236716,168,1912,3,36,6,1,13,3997.69,3180.06,817.63,3990.47,4030.3,P0168,Fuel Systems Product 168,Fuel Systems,192,876,C01912,"Gonzalez, Duke and Warren",OEM,Manufacturing,Cherylshire,France,2023-10-04,1
20239617,168,2084,5,33,10,2,11,164.92,116.5,48.42,171.51,164.16,P0168,Fuel Systems Product 168,Fuel Systems,192,876,C02084,Summers Inc,OEM,Automotive,Lake Stacy,Italy,2026-01-22,1
20243076,181,1404,1,80,9,1,6,3891.46,3468.3,423.16,4050.1,3769.68,P0181,Cooling Systems Product 181,Cooling Systems,243,370,C01404,Doyle-Hughes,Distributor,Manufacturing,Smithchester,Netherlands,2026-07-28,1
20245570,40,3228,2,55,6,5,16,3301.76,2813.4,488.36,3275.79,3372.94,P0040,Electronics Product 40,Electronics,462,786,C03228,Nixon Ltd,OEM,Manufacturing,North Kristina,Austria,2019-10-11,1
20220677,323,3953,10,1,7,2,9,2551.64,1743.73,807.91,2609.81,2485.69,P0323,Sensors Product 323,Sensors,450,646,C03953,Fisher Inc,Fleet,Manufacturing,South Sonyaburgh,Germany,2024-05-12,1
20237920,108,1147,7,22,9,1,16,756.15,575.24,180.91,784.35,789.84,P0108,Aftertreatment Product 108,Aftertreatment,472,808,C01147,Sanders Ltd,Distributor,Manufacturing,Reynoldsmouth,Germany,2022-02-07,1
20245662,382,2460,5,46,6,2,7,2070.49,1475.75,594.74,2076.93,2152.74,P0382,Sensors Product 382,Sensors,460,927,C02460,Davis-Flores,OEM,Manufacturing,Beasleyfort,Italy,2022-09-15,1
20252161,278,4395,4,46,9,3,12,1682.85,1341.14,341.71,1663.78,1661.82,P0278,Aftertreatment Product 278,Aftertreatment,153,148,C04395,Perez-Alexander,Distributor,Manufacturing,Timothyhaven,Spain,2022-07-14,1
20248798,139,608,1,85,5,3,18,4706.02,2945.33,1760.69,4669.77,5149.67,P0139,Filtration Product 139,Filtration,167,1000,C00608,"Zimmerman, Ford and Martin",OEM,Automotive,West Melissa,Germany,2024-07-22,1
20246048,341,1580,5,69,4,4,19,3678.98,2815.64,863.34,3858.07,3603.22,P0341,Aftertreatment Product 341,Aftertreatment,113,675,C01580,Park-Hernandez,Distributor,Manufacturing,Hannahhaven,Poland,2019-11-09,1
20229153,317,3932,6,61,5,3,7,2562.7,2162.49,400.21,2571.29,2500.36,P0317,Cooling Systems Product 317,Cooling Systems,303,365,C03932,"Campbell, Cobb and Green",Fleet,Manufacturing,North Heather,Austria,2020-02-09,1
20232795,310,1552,2,16,1,4,17,1233.2,1062.74,170.46,1277.09,1225.94,P0310,Filtration Product 310,Filtration,299,806,C01552,Jones-White,OEM,Automotive,Andersonshire,Belgium,2017-07-23,1
20238913,134,1082,5,70,9,2,11,803.23,631.16,172.07,778.13,843.66,P0134,Fuel Systems Product 134,Fuel Systems,256,227,C01082,"Harris, Arnold and Hayes",Distributor,Transportation,Tammybury,France,2017-10-19,1
20258433,312,4307,7,28,8,5,20,250.62,152.27,98.35,256.72,241.78,P0312,Fuel Systems Product 312,Fuel Systems,67,419,C04307,King-Patterson,OEM,Manufacturing,Stewartmouth,Spain,2020-04-24,1
20254876,96,4870,2,84,5,3,18,249.89,167.29,82.6,247.83,271.38,P0096,Turbochargers Product 96,Turbochargers,72,549,C04870,"Miller, Blanchard and Carlson",Distributor,Automotive,Ashleyfurt,Germany,2026-07-11,1
20230385,450,1266,4,14,1,1,9,2677.29,1629.37,1047.92,2663.19,2863.17,P0450,Sensors Product 450,Sensors,333,866,C01266,Stevenson-Cameron,Distributor,Transportation,Port Jennifer,Austria,2022-05-12,1
20229599,382,439,4,67,6,5,4,1196.05,1032.16,163.89,1241.63,1304.09,P0382,Sensors Product 382,Sensors,460,927,C00439,Cooper-Blackwell,Distributor,Automotive,North Joanne,Netherlands,2021-08-12,1
20252352,203,2582,5,19,4,3,9,1995.45,1289.31,706.14,2063.33,2141.16,P0203,Turbochargers Product 203,Turbochargers,387,910,C02582,"Taylor, Moody and Cook",Fleet,Automotive,Ochoaburgh,Belgium,2021-11-09,1
20220961,350,4185,6,91,2,4,1,1253.74,881.98,371.76,1194.07,1277.77,P0350,Fuel Systems Product 350,Fuel Systems,378,846,C04185,Thompson and Sons,Fleet,Transportation,East Donnastad,Sweden,2025-10-12,1
20236396,120,1280,9,83,3,5,16,3553.18,2787.83,765.35,3494.38,3700.6,P0120,Cooling Systems Product 120,Cooling Systems,484,991,C01280,Gomez LLC,Distributor,Automotive,North Fernando,Netherlands,2026-07-06,1
20248688,174,1362,1,34,10,2,6,3460.35,3081.98,378.37,3408.41,3343.08,P0174,Turbochargers Product 174,Turbochargers,178,705,C01362,Martinez-Dawson,OEM,Manufacturing,Chasefort,Sweden,2024-03-26,1
20240268,277,4367,4,102,6,3,7,1356.39,1075.86,280.53,1327.91,1467.73,P0277,Filtration Product 277,Filtration,372,298,C04367,Lee-Hickman,Fleet,Manufacturing,Gregorytown,Austria,2026-04-12,1
20234857,166,1092,1,26,9,2,3,4912.14,3823.26,1088.88,4715.69,4900.23,P0166,Filtration Product 166,Filtration,399,723,C01092,"Rowe, Garrison and Camacho",OEM,Automotive,Sandersbury,Spain,2023-12-12,1
20245174,218,4270,1,97,4,5,7,3981.29,3412.55,568.74,3870.36,4158.61,P0218,Fuel Systems Product 218,Fuel Systems,416,430,C04270,Ward Group,Distributor,Manufacturing,Lake Scott,Poland,2021-10-31,1
20236763,440,738,1,112,9,3,16,2710.96,1696.02,1014.94,2794.91,2981.05,P0440,Sensors Product 440,Sensors,382,762,C00738,Gonzalez LLC,OEM,Automotive,East Andreborough,Poland,2018-07-23,1
20255709,398,4934,1,29,7,3,7,1463.22,936.41,526.81,1478.86,1511.0,P0398,Fuel Systems Product 398,Fuel Systems,493,797,C04934,Sanders Inc,Fleet,Manufacturing,Christopherstad,Germany,2020-02-09,1
20260533,366,2250,10,15,1,2,3,3003.39,2563.68,439.71,3017.5,3259.2,P0366,Sensors Product 366,Sensors,359,401,C02250,Wilson-Watts,OEM,Manufacturing,Port Craig,France,2023-05-19,1
20254929,8,1776,7,83,8,2,11,2213.97,1721.68,492.29,2308.59,2251.71,P0008,Turbochargers Product 8,Turbochargers,408,245,C01776,"Hall, Henry and Mcfarland",OEM,Transportation,East Timothy,Austria,2025-10-01,1
20259104,289,1485,2,103,9,2,7,2879.89,2365.55,514.34,2911.97,3087.93,P0289,Fuel Systems Product 289,Fuel Systems,169,373,C01485,"Jensen, Smith and Dixon",Fleet,Manufacturing,Port Erikburgh,Italy,2019-06-14,1
20224470,140,1657,5,60,2,4,13,2696.75,1704.56,992.19,2712.96,2918.69,P0140,Filtration Product 140,Filtration,197,391,C01657,Fox-West,Distributor,Transportation,Anthonyville,Belgium,2020-07-18,1
20259878,85,4986,6,11,1,5,16,4051.9,2877.03,1174.87,3981.86,4246.38,P0085,Filtration Product 85,Filtration,316,630,C04986,Mora LLC,OEM,Transportation,East Jesseland,Netherlands,2019-02-11,1
20220602,326,1479,2,24,7,4,15,2604.2,2275.77,328.43,2594.97,2816.54,P0326,Sensors Product 326,Sensors,428,355,C01479,"Yu, Brown and Cook",Distributor,Automotive,Connorport,Poland,2020-02-06,1
20246762,157,4942,8,80,10,4,7,2602.88,1744.55,858.33,2563.25,2740.24,P0157,Sensors Product 157,Sensors,259,276,C04942,"Douglas, Gutierrez and Vasquez",Fleet,Transportation,Lopezborough,Netherlands,2021-05-04,1
20241812,247,1116,5,52,6,1,12,1104.76,826.95,277.81,1092.84,1080.54,P0247,Aftertreatment Product 247,Aftertreatment,457,906,C01116,Hernandez Group,OEM,Transportation,Smithmouth,Germany,2018-11-18,1
20234719,384,1035,10,3,3,4,16,2541.23,2189.24,351.99,2424.41,2703.66,P0384,Filtration Product 384,Filtration,443,820,C01035,Wise PLC,Distributor,Automotive,Lake Anthonyport,France,2017-03-30,1
20240762,425,4204,7,66,4,1,12,3436.16,2651.77,784.39,3411.62,3657.33,P0425,Sensors Product 425,Sensors,236,818,C04204,Allen and Sons,Fleet,Manufacturing,Christyshire,Sweden,2018-08-08,1
20236543,217,3794,3,57,6,3,14,3881.72,3414.84,466.88,3901.98,3742.93,P0217,Turbochargers Product 217,Turbochargers,436,835,C03794,Rivas-Cruz,Distributor,Manufacturing,South Troy,Austria,2021-03-10,1
20235497,445,2586,6,106,1,5,16,2242.42,1865.8,376.62,2166.06,2378.07,P0445,Fuel Systems Product 445,Fuel Systems,236,412,C02586,Melton Ltd,OEM,Automotive,South Madeline,Austria,2023-06-12,1
20248143,249,587,5,73,6,1,12,4851.57,3442.27,1409.3,5021.87,5327.31,P0249,Fuel Systems Product 249,Fuel Systems,135,790,C00587,"Ross, Farrell and Owens",Fleet,Transportation,Deniseton,Germany,2022-09-04,1
20252008,336,1387,7,65,8,1,3,3572.16,2196.83,1375.33,3408.92,3862.32,P0336,Sensors Product 336,Sensors,121,848,C01387,Castro-Taylor,Fleet,Manufacturing,South Zacharyside,Austria,2016-08-31,1
20242414,385,2555,10,70,7,2,5,3494.3,2470.01,1024.29,3333.62,3449.14,P0385,Electronics Product 385,Electronics,385,231,C02555,"Odom, Stone and Norman",Distributor,Manufacturing,West Jonathan,Poland,2018-02-15,1
20251627,294,969,9,5,2,1,12,3039.78,1883.16,1156.62,3113.72,3277.79,P0294,Aftertreatment Product 294,Aftertreatment,75,306,C00969,"Olsen, Kennedy and Sandoval",Fleet,Transportation,Port Taylor,Belgium,2019-12-01,1
20259193,332,460,3,88,8,4,15,4021.61,2787.48,1234.13,3948.25,4129.87,P0332,Filtration Product 332,Filtration,298,534,C00460,"Valdez, Fitzgerald and Roy",Distributor,Automotive,Davenportland,Italy,2026-06-27,1
20237933,32,1853,9,23,2,5,19,647.2,390.2,257.0,670.19,694.15,P0032,Cooling Systems Product 32,Cooling Systems,124,192,C01853,Dunn-Miles,OEM,Transportation,West Anthony,Italy,2022-05-07,1
20220535,69,498,3,4,8,3,20,3412.47,2940.05,472.42,3343.0,3299.94,P0069,Cooling Systems Product 69,Cooling Systems,184,980,C00498,Moore-Monroe,OEM,Manufacturing,Sandraton,Italy,2020-04-18,1
20230466,102,1461,10,23,1,3,15,3993.88,3313.27,680.61,4185.93,3920.46,P0102,Electronics Product 102,Electronics,346,814,C01461,Wiggins-Martinez,OEM,Transportation,East Samantha,Spain,2025-04-28,1
20243700,101,3926,2,105,3,1,8,117.95,92.61,25.34,122.61,119.33,P0101,Turbochargers Product 101,Turbochargers,215,334,C03926,Long-Schmidt,OEM,Transportation,Vargasborough,Italy,2024-02-04,1
20220662,144,1665,6,47,6,3,2,4569.5,3657.0,912.5,4341.77,4859.16,P0144,Filtration Product 144,Filtration,322,362,C01665,"Arellano, Whitaker and Jones",OEM,Automotive,Lindseyland,Germany,2022-07-03,1
20231956,104,1525,3,81,10,1,16,2597.32,1860.18,737.14,2487.99,2695.24,P0104,Sensors Product 104,Sensors,395,283,C01525,"Velez, Ray and Craig",OEM,Manufacturing,Pughport,Germany,2018-01-21,1
20230899,461,4605,4,101,9,4,17,1613.5,1010.68,602.82,1542.51,1568.79,P0461,Fuel Systems Product 461,Fuel Systems,267,237,C04605,"Peters, Rhodes and Sherman",OEM,Automotive,Port Andrew,Poland,2021-03-07,1
20247235,328,2939,2,43,3,2,10,2666.77,1616.05,1050.72,2613.52,2897.09,P0328,Aftertreatment Product 328,Aftertreatment,344,838,C02939,Robbins-Thomas,OEM,Transportation,West Jacobville,Netherlands,2023-09-01,1
20245883,457,2409,1,70,3,4,8,4656.36,3847.64,808.72,4628.51,4595.78,P0457,Filtration Product 457,Filtration,213,262,C02409,"Santos, Conway and Cardenas",Fleet,Automotive,Johnsonside,Austria,2026-02-03,1
20223341,2,803,7,25,8,5,3,490.25,394.13,96.12,489.16,525.69,P0002,Aftertreatment Product 2,Aftertreatment,342,443,C00803,Osborn LLC,Distributor,Automotive,Jeffreyberg,Sweden,2018-03-30,1
20254895,258,1809,7,87,4,2,6,4652.83,3251.48,1401.35,4443.58,4443.14,P0258,Filtration Product 258,Filtration,160,553,C01809,Nash PLC,Distributor,Transportation,South Pamela,Germany,2025-02-18,1
20251992,177,4019,10,27,2,2,14,2422.12,1591.42,830.7,2428.34,2573.56,P0177,Turbochargers Product 177,Turbochargers,253,190,C04019,Turner-Phillips,Distributor,Manufacturing,New Paul,Italy,2022-08-28,1
20233383,490,1664,2,10,6,3,19,622.37,512.71,109.66,598.69,591.67,P0490,Filtration Product 490,Filtration,178,560,C01664,Hanna-Coleman,OEM,Transportation,Amandaside,Poland,2026-06-19,1
20235377,413,2204,4,106,4,4,7,1671.37,1085.57,585.8,1741.99,1657.07,P0413,Filtration Product 413,Filtration,249,343,C02204,Rivers and Sons,Distributor,Transportation,East Peter,Belgium,2018-10-14,1
20244223,360,754,1,31,4,5,2,2547.51,1597.32,950.19,2426.38,2459.24,P0360,Fuel Systems Product 360,Fuel Systems,421,830,C00754,"Glover, Kline and Curtis",Fleet,Automotive,Timothyfort,Germany,2025-05-08,1
20260781,239,4736,4,98,7,1,11,3766.21,3049.36,716.85,3632.94,4059.68,P0239,Fuel Systems Product 239,Fuel Systems,362,107,C04736,Castillo-Anthony,Distributor,Manufacturing,Wilsontown,Spain,2024-12-07,1
20243733,265,1640,4,90,2,5,4,4017.66,3291.81,725.85,3980.38,3966.36,P0265,Electronics Product 265,Electronics,174,523,C01640,Hernandez Group,OEM,Transportation,West Stephanie,Italy,2024-02-20,1
20249610,163,136,10,19,7,1,16,1802.08,1266.7,535.38,1810.36,1923.6,P0163,Sensors Product 163,Sensors,305,195,C00136,Osborn-Richards,Distributor,Automotive,Grahamside,Poland,2020-02-24,1
20254047,308,4827,4,120,9,4,18,2059.18,1421.52,637.66,2140.97,2226.71,P0308,Turbochargers Product 308,Turbochargers,154,702,C04827,Carney-Lee,OEM,Manufacturing,Woodton,Netherlands,2024-01-29,1
20232551,337,265,7,80,5,5,11,2910.57,2247.34,663.23,2941.8,2999.01,P0337,Fuel Systems Product 337,Fuel Systems,309,846,C00265,Smith-Watts,Distributor,Manufacturing,North Katie,Austria,2023-03-30,1
20256271,443,172,2,109,6,5,5,429.32,345.87,83.45,446.31,442.2,P0443,Cooling Systems Product 443,Cooling Systems,179,863,C00172,Johnson Group,OEM,Automotive,Tracychester,Austria,2017-10-20,1
20234722,425,1107,7,61,4,3,1,3745.79,3042.43,703.36,3650.4,3813.69,P0425,Sensors Product 425,Sensors,236,818,C01107,"Price, Nolan and Vasquez",OEM,Manufacturing,Juanberg,Belgium,2021-06-22,1
20251557,2,2499,4,2,10,5,19,884.57,743.99,140.58,856.91,890.15,P0002,Aftertreatment Product 2,Aftertreatment,342,443,C02499,"Wilson, Cortez and Nunez",Distributor,Transportation,Amandastad,Poland,2023-04-12,1
20258841,2,1688,9,16,9,3,16,2673.98,2259.42,414.56,2737.79,2671.13,P0002,Aftertreatment Product 2,Aftertreatment,342,443,C01688,"Jones, Alvarado and Parker",OEM,Manufacturing,North Whitneychester,Sweden,2020-07-28,1
20242720,251,3845,8,96,3,1,2,2618.0,2085.93,532.07,2648.18,2873.87,P0251,Sensors Product 251,Sensors,385,817,C03845,"Porter, Smith and Mercado",Distributor,Manufacturing,Pattersonland,Poland,2017-01-12,1
20233640,92,737,8,100,3,1,13,4433.17,3930.21,502.96,4255.85,4673.32,P0092,Electronics Product 92,Electronics,297,337,C00737,"Hampton, Scott and Taylor",OEM,Transportation,Lanefort,Poland,2022-03-06,1
20245113,493,673,7,5,9,2,12,4042.01,3124.6,917.41,4020.03,3885.7,P0493,Fuel Systems Product 493,Fuel Systems,201,213,C00673,"Davis, Smith and Wood",Fleet,Manufacturing,Lake Philip,Austria,2020-01-20,1
20242081,190,4730,7,83,2,5,17,557.49,354.0,203.49,552.44,536.65,P0190,Sensors Product 190,Sensors,92,951,C04730,Mcbride-Moore,OEM,Automotive,Wilkinsonstad,Austria,2024-12-22,1
20230193,237,2790,9,49,10,2,3,639.98,570.15,69.83,661.33,700.48,P0237,Sensors Product 237,Sensors,90,902,C02790,Salinas LLC,Fleet,Manufacturing,Davidfort,Sweden,2018-11-26,1
20253625,120,936,8,18,7,1,19,2877.62,2111.71,765.91,2811.17,2947.82,P0120,Cooling Systems Product 120,Cooling Systems,484,991,C00936,"Lara, Cohen and Rose",Distributor,Transportation,Sandrastad,Germany,2020-06-02,1
20253998,389,3983,10,120,9,4,9,1854.15,1246.62,607.53,1861.16,2004.13,P0389,Aftertreatment Product 389,Aftertreatment,339,386,C03983,Bennett-Williams,Distributor,Manufacturing,Phillipfort,Belgium,2017-12-11,1
20242465,156,2173,5,113,6,5,10,3390.49,3049.11,341.38,3401.7,3356.8,P0156,Sensors Product 156,Sensors,455,484,C02173,Smith PLC,Distributor,Manufacturing,North Katie,Netherlands,2023-11-18,1
20231133,309,935,7,7,7,4,15,926.22,798.71,127.51,905.17,1017.52,P0309,Filtration Product 309,Filtration,421,447,C00935,"Morrison, Nunez and Brown",Distributor,Transportation,Torresborough,Italy,2026-05-16,1
20236913,83,1012,6,23,5,3,20,1778.04,1300.08,477.96,1802.72,1867.99,P0083,Turbochargers Product 83,Turbochargers,419,367,C01012,"Pope, Strong and Johnson",OEM,Transportation,Jonesberg,Netherlands,2025-05-26,1
20245365,213,4592,9,107,1,5,5,792.08,576.99,215.09,811.52,823.67,P0213,Fuel Systems Product 213,Fuel Systems,382,243,C04592,Stevenson and Sons,Distributor,Transportation,South Joshuaberg,Belgium,2024-08-29,1
20234147,105,4059,7,32,4,5,20,982.1,713.81,268.29,993.66,1012.64,P0105,Filtration Product 105,Filtration,163,690,C04059,Reynolds-Thomas,Fleet,Transportation,West Andrew,Austria,2017-04-25,1
20258190,147,1093,5,5,6,1,6,4085.19,3328.78,756.41,4146.04,4265.27,P0147,Sensors Product 147,Sensors,54,359,C01093,Montgomery-Scott,Distributor,Transportation,New Donnamouth,Netherlands,2019-04-08,1
20244938,290,173,3,64,1,3,9,4112.75,3570.7,542.05,4227.44,4217.55,P0290,Fuel Systems Product 290,Fuel Systems,374,318,C00173,"Clark, Rivas and Lawrence",Distributor,Automotive,East Mariaport,Netherlands,2024-02-20,1
20259915,347,3076,10,5,7,1,14,4621.18,3286.33,1334.85,4515.93,4949.84,P0347,Sensors Product 347,Sensors,389,607,C03076,Murphy-Martinez,Distributor,Manufacturing,Jessicafort,Germany,2024-12-26,1
20248846,238,2012,8,114,7,1,6,2845.41,2453.84,391.57,2899.42,2733.49,P0238,Cooling Systems Product 238,Cooling Systems,440,655,C02012,"Smith, Meza and Curry",Distributor,Manufacturing,Lake Robert,Poland,2020-09-10,1
20229238,435,3015,1,29,3,3,4,4360.63,3871.61,489.02,4232.97,4239.72,P0435,Aftertreatment Product 435,Aftertreatment,175,492,C03015,"Livingston, Phillips and Hanson",Fleet,Transportation,Wayneland,Netherlands,2021-12-28,1
20225491,272,4805,8,36,10,5,2,3223.5,2807.9,415.6,3374.06,3456.11,P0272,Turbochargers Product 272,Turbochargers,361,817,C04805,Jones LLC,OEM,Transportation,South Derekton,Germany,2019-09-19,1
20259268,116,2690,9,115,5,2,13,613.8,503.52,110.28,611.09,625.39,P0116,Filtration Product 116,Filtration,308,352,C02690,Dean and Sons,Fleet,Transportation,Lake Janicefurt,Poland,2023-11-10,1
20235196,2,610,5,82,1,3,13,1725.45,1232.15,493.3,1725.54,1757.13,P0002,Aftertreatment Product 2,Aftertreatment,342,443,C00610,Mendoza PLC,Fleet,Automotive,Donovanland,Netherlands,2020-08-12,1
20239344,424,1934,7,23,5,1,8,3859.45,3125.06,734.39,3905.15,3783.75,P0424,Filtration Product 424,Filtration,265,363,C01934,Garcia LLC,Fleet,Automotive,West Williammouth,Italy,2019-04-07,1
20239913,460,3600,8,28,5,1,2,1635.34,1149.77,485.57,1646.01,1658.14,P0460,Cooling Systems Product 460,Cooling Systems,158,883,C03600,Lopez-Green,Distributor,Automotive,Yangton,Netherlands,2025-08-30,1
20235907,254,3934,6,43,6,3,3,4376.26,3667.55,708.71,4317.26,4770.44,P0254,Sensors Product 254,Sensors,174,101,C03934,Stokes Ltd,Fleet,Automotive,Joshuaberg,Italy,2026-03-21,1
20233415,400,2943,7,117,7,4,7,3513.2,2424.29,1088.91,3688.38,3482.69,P0400,Fuel Systems Product 400,Fuel Systems,344,103,C02943,"Clark, Key and Hudson",OEM,Manufacturing,South Ryanberg,Spain,2018-06-21,1
20225622,433,3953,10,94,3,3,2,3042.17,1853.44,1188.73,3125.74,3041.86,P0433,Turbochargers Product 433,Turbochargers,231,779,C03953,Fisher Inc,Fleet,Manufacturing,South Sonyaburgh,Germany,2024-05-12,1
20249608,115,759,2,78,1,5,17,744.13,542.93,201.2,716.21,749.72,P0115,Sensors Product 115,Sensors,200,659,C00759,"Obrien, Gomez and Sanders",Distributor,Manufacturing,Adamchester,Germany,2025-01-25,1
20258253,396,2906,4,41,8,5,2,373.32,314.62,58.7,369.77,387.8,P0396,Turbochargers Product 396,Turbochargers,351,349,C02906,Santana Group,OEM,Manufacturing,West Tamara,Belgium,2022-09-02,1
20233715,178,4982,1,90,2,1,16,2415.13,1900.14,514.99,2458.91,2426.92,P0178,Cooling Systems Product 178,Cooling Systems,363,448,C04982,White Inc,Fleet,Transportation,South Antoniomouth,Belgium,2023-03-14,1
20232734,308,3903,2,48,1,2,10,2190.08,1545.35,644.73,2250.91,2220.82,P0308,Turbochargers Product 308,Turbochargers,154,702,C03903,"Hernandez, Carter and Young",OEM,Automotive,Traceychester,Austria,2020-11-24,1
20243837,1,4918,8,1,9,3,8,1182.43,914.42,268.01,1185.31,1247.49,P0001,Cooling Systems Product 1,Cooling Systems,339,166,C04918,"Carter, Allen and Maynard",OEM,Automotive,North Davidstad,Germany,2022-01-17,1
20222188,293,2862,2,10,6,4,16,2308.41,1430.77,877.64,2247.74,2214.08,P0293,Sensors Product 293,Sensors,124,541,C02862,"Clay, Logan and Jones",Fleet,Transportation,South Brianburgh,Belgium,2025-06-28,1
20240266,245,3277,4,95,5,4,17,1834.14,1409.85,424.29,1875.71,1927.89,P0245,Sensors Product 245,Sensors,412,637,C03277,"Hernandez, Herrera and Dunn",Distributor,Transportation,Rachelburgh,Austria,2019-05-15,1
20256614,106,4333,2,10,7,4,13,2192.44,1673.27,519.17,2272.46,2130.82,P0106,Filtration Product 106,Filtration,289,517,C04333,Barnett-Knight,Distributor,Manufacturing,East Richard,France,2020-08-31,1
20254619,369,2901,6,102,10,5,16,3577.95,2931.05,646.9,3661.2,3922.85,P0369,Cooling Systems Product 369,Cooling Systems,129,206,C02901,Olson-Moore,OEM,Transportation,Stevensmouth,Poland,2017-03-24,1
20248498,450,4301,9,10,5,4,15,4386.9,3783.93,602.97,4600.2,4693.22,P0450,Sensors Product 450,Sensors,333,866,C04301,"Cooper, Harris and Simmons",Fleet,Manufacturing,New Ashleyland,Austria,2017-02-11,1
20249564,207,1987,8,41,9,1,11,4231.45,2630.96,1600.49,4323.12,4140.9,P0207,Filtration Product 207,Filtration,343,630,C01987,Blair-Clements,Distributor,Transportation,Mayview,Belgium,2021-02-20,1
20231013,220,524,10,73,8,4,1,1492.96,937.11,555.85,1524.37,1517.36,P0220,Filtration Product 220,Filtration,401,447,C00524,Poole-Knight,OEM,Transportation,Port Mariaport,Netherlands,2025-03-14,1
20241314,452,1667,4,46,5,2,18,3033.22,2391.81,641.41,3170.42,3088.57,P0452,Aftertreatment Product 452,Aftertreatment,397,753,C01667,Bradford LLC,OEM,Manufacturing,Shannontown,Belgium,2024-08-22,1
20225231,111,4121,7,110,1,2,1,170.57,128.37,42.2,178.88,174.28,P0111,Filtration Product 111,Filtration,249,946,C04121,Webb-Wilson,Fleet,Manufacturing,North Caleb,Sweden,2023-12-07,1
20244805,449,2441,8,113,1,3,12,1813.94,1126.94,687.0,1740.33,1953.42,P0449,Turbochargers Product 449,Turbochargers,466,253,C02441,"Nielsen, Boone and Roberts",Fleet,Automotive,East Johnnyberg,Spain,2017-12-11,1
20247358,68,748,9,16,1,3,10,2782.41,1753.69,1028.72,2667.37,2769.33,P0068,Filtration Product 68,Filtration,120,182,C00748,Holt-Tran,Distributor,Transportation,Port Brianville,Poland,2019-08-26,1
20226431,367,1677,1,67,10,3,14,3413.82,2210.52,1203.3,3399.75,3383.55,P0367,Sensors Product 367,Sensors,144,431,C01677,Salas Ltd,Distributor,Manufacturing,Lake Brittanytown,Italy,2021-11-08,1
20222118,183,2842,2,50,3,5,18,475.96,403.39,72.57,482.28,523.45,P0183,Fuel Systems Product 183,Fuel Systems,382,919,C02842,Lopez Inc,Fleet,Transportation,Hamiltonland,Italy,2017-02-11,1
20258378,132,75,5,35,1,5,19,3619.9,2671.67,948.23,3506.16,3959.93,P0132,Electronics Product 132,Electronics,363,596,C00075,Luna-Howell,Fleet,Manufacturing,North Brendamouth,Germany,2026-07-10,1
20221547,351,2660,3,72,8,3,15,345.34,307.84,37.5,360.57,340.97,P0351,Fuel Systems Product 351,Fuel Systems,369,435,C02660,Rivera LLC,Distributor,Automotive,Justintown,Sweden,2021-01-01,1
20237623,10,1551,8,117,1,1,11,4916.91,3569.92,1346.99,5069.41,4886.09,P0010,Fuel Systems Product 10,Fuel Systems,65,148,C01551,Franklin-Rodriguez,Distributor,Manufacturing,West Beth,Sweden,2022-06-17,1
20258490,414,4315,4,88,4,1,7,4492.7,3405.09,1087.61,4699.46,4883.4,P0414,Sensors Product 414,Sensors,165,177,C04315,Love-Lawrence,Fleet,Automotive,North John,Netherlands,2025-02-19,1
20247455,442,1920,10,25,1,5,11,1556.44,1174.67,381.77,1534.48,1605.69,P0442,Cooling Systems Product 442,Cooling Systems,330,163,C01920,Adams-Clark,Distributor,Manufacturing,New Brenthaven,Spain,2022-04-01,1
20231080,162,3715,1,41,7,5,15,3403.34,2858.38,544.96,3441.24,3423.09,P0162,Sensors Product 162,Sensors,284,405,C03715,"Brown, Dixon and Padilla",Fleet,Manufacturing,New Jordanstad,Spain,2024-08-28,1
20259260,18,4673,4,58,6,2,13,2042.38,1427.14,615.24,1964.56,1948.89,P0018,Electronics Product 18,Electronics,486,482,C04673,Smith LLC,Distributor,Automotive,Bakerchester,Spain,2023-03-26,1
20223441,413,4599,3,16,7,3,11,288.96,202.32,86.64,282.02,296.58,P0413,Filtration Product 413,Filtration,249,343,C04599,"Shepherd, White and Carrillo",Distributor,Automotive,Lake Loriberg,Netherlands,2018-05-15,1
20222318,146,3972,1,23,3,4,19,1793.67,1517.42,276.25,1782.17,1972.45,P0146,Fuel Systems Product 146,Fuel Systems,401,816,C03972,Hernandez-Kerr,Fleet,Transportation,Matthewland,Austria,2024-09-16,1
20233163,154,2041,10,8,10,1,6,2781.2,1896.76,884.44,2814.05,2653.06,P0154,Cooling Systems Product 154,Cooling Systems,279,445,C02041,Duarte Ltd,Fleet,Manufacturing,Lake Aaronmouth,Austria,2024-01-01,1
20221858,114,4061,3,48,4,2,6,2842.38,2241.23,601.15,2888.8,2973.02,P0114,Turbochargers Product 114,Turbochargers,261,467,C04061,Evans PLC,Fleet,Automotive,Pratttown,Austria,2025-02-19,1
20255685,275,2633,4,24,5,5,18,4861.73,3216.03,1645.7,4629.61,5290.77,P0275,Electronics Product 275,Electronics,69,802,C02633,Barajas-Johnson,Fleet,Transportation,Torresburgh,France,2020-08-07,1
20224864,269,3532,1,117,5,5,17,3015.4,2671.91,343.49,3065.26,3254.87,P0269,Filtration Product 269,Filtration,473,207,C03532,Mcmillan-Brown,Distributor,Automotive,Lopezborough,Netherlands,2022-10-25,1
20251460,335,4014,2,16,8,2,16,2168.56,1849.6,318.96,2257.27,2213.16,P0335,Cooling Systems Product 335,Cooling Systems,434,418,C04014,"Cobb, Russo and Brown",Distributor,Transportation,South Melissastad,Sweden,2017-04-28,1
20237116,349,502,3,42,1,3,7,1815.69,1265.33,550.36,1869.89,1908.5,P0349,Sensors Product 349,Sensors,433,706,C00502,Harrison-Wright,Distributor,Manufacturing,Moralesstad,Netherlands,2021-09-07,1
20239466,170,2939,3,17,9,5,15,1707.99,1075.47,632.52,1761.58,1764.11,P0170,Fuel Systems Product 170,Fuel Systems,339,713,C02939,Robbins-Thomas,OEM,Transportation,West Jacobville,Netherlands,2023-09-01,1
20242381,452,560,7,65,9,4,3,2988.38,2488.29,500.09,2908.76,3257.6,P0452,Aftertreatment Product 452,Aftertreatment,397,753,C00560,Perkins-Rodriguez,OEM,Transportation,Lake Charlesview,Germany,2022-10-18,1
20245288,288,1284,6,102,5,3,6,1590.17,1027.65,562.52,1657.99,1694.86,P0288,Sensors Product 288,Sensors,78,583,C01284,Nelson-Moore,OEM,Automotive,East Emily,France,2020-11-18,1
20220687,313,1721,9,101,2,2,9,1112.94,978.05,134.89,1156.11,1076.93,P0313,Cooling Systems Product 313,Cooling Systems,197,588,C01721,Hall Ltd,OEM,Manufacturing,Port David,Italy,2021-08-28,1
20226109,156,3137,7,69,6,2,13,733.83,521.62,212.21,753.3,709.87,P0156,Sensors Product 156,Sensors,455,484,C03137,Smith Inc,Fleet,Automotive,South Drew,Sweden,2018-11-16,1
20232465,22,2162,1,3,6,4,4,2936.23,2276.29,659.94,2834.85,2789.71,P0022,Fuel Systems Product 22,Fuel Systems,161,526,C02162,Murphy-Griffin,Fleet,Automotive,South Melanie,Germany,2022-05-17,1
20258381,132,3575,4,110,9,1,18,3187.18,2151.67,1035.51,3101.23,3067.85,P0132,Electronics Product 132,Electronics,363,596,C03575,Young-Davis,Distributor,Transportation,Newtonhaven,Germany,2021-08-21,1
20235082,418,69,1,55,5,5,12,2292.24,1679.88,612.36,2316.42,2496.83,P0418,Sensors Product 418,Sensors,65,522,C00069,Keith-Simmons,OEM,Transportation,Lake Monique,France,2026-07-02,1
20235259,453,3546,10,57,10,3,20,2343.17,2105.29,237.88,2393.49,2545.17,P0453,Aftertreatment Product 453,Aftertreatment,450,357,C03546,Parker-Patterson,Distributor,Manufacturing,East Shaun,Poland,2025-07-29,1
20257896,124,2424,10,112,5,5,6,4137.62,3561.61,576.01,4119.59,4313.27,P0124,Turbochargers Product 124,Turbochargers,212,315,C02424,Hickman-Cruz,Fleet,Manufacturing,Michelleside,Austria,2019-10-07,1
20226684,199,1913,10,27,8,3,12,2287.99,1815.96,472.03,2250.25,2474.57,P0199,Turbochargers Product 199,Turbochargers,174,399,C01913,Nelson-Warren,Fleet,Transportation,Port Brian,Netherlands,2025-11-11,1
20232970,21,4870,7,68,3,4,9,2577.81,2297.87,279.94,2704.78,2718.59,P0021,Turbochargers Product 21,Turbochargers,138,197,C04870,"Miller, Blanchard and Carlson",Distributor,Automotive,Ashleyfurt,Germany,2026-07-11,1
20255128,178,3990,3,6,5,3,2,1914.34,1179.54,734.8,1867.56,1952.21,P0178,Cooling Systems Product 178,Cooling Systems,363,448,C03990,Moore-Gonzales,Distributor,Transportation,East Carolynberg,Netherlands,2023-04-07,1
20252424,296,2091,2,87,9,5,1,1021.11,858.28,162.83,1062.43,1030.18,P0296,Electronics Product 296,Electronics,200,189,C02091,Rodgers Group,Distributor,Automotive,Mccannberg,Poland,2017-03-07,1
20253796,3,1232,10,18,1,2,3,905.13,773.56,131.57,912.82,885.42,P0003,Aftertreatment Product 3,Aftertreatment,441,811,C01232,"Adams, Hardy and Guerrero",Fleet,Manufacturing,North Glenn,Italy,2021-04-08,1
20238379,33,2961,10,47,2,4,10,4698.52,3613.15,1085.37,4544.13,4618.69,P0033,Sensors Product 33,Sensors,252,257,C02961,Gallegos and Sons,OEM,Automotive,Portertown,Netherlands,2017-03-30,1
20256130,196,2843,8,39,2,1,9,1245.61,1026.85,218.76,1302.75,1299.56,P0196,Filtration Product 196,Filtration,469,177,C02843,Wilson-Hunt,Distributor,Automotive,South Michaelland,France,2019-02-24,1
20249362,312,320,7,10,5,1,12,1217.51,850.64,366.87,1194.7,1179.31,P0312,Fuel Systems Product 312,Fuel Systems,67,419,C00320,Washington LLC,Distributor,Automotive,East Cynthia,Netherlands,2020-11-13,1
20247238,346,1271,4,73,5,3,3,3749.17,3373.55,375.62,3657.38,3808.29,P0346,Turbochargers Product 346,Turbochargers,129,780,C01271,"Faulkner, Sims and Pearson",OEM,Transportation,Natalieberg,Spain,2025-04-04,1
20222330,2,258,7,29,4,4,13,2243.16,1966.39,276.77,2331.35,2325.74,P0002,Aftertreatment Product 2,Aftertreatment,342,443,C00258,Jones LLC,Distributor,Manufacturing,Lake Edwardfurt,Sweden,2022-10-15,1
20228568,465,2918,8,58,4,2,2,2559.11,2164.59,394.52,2514.21,2622.48,P0465,Fuel Systems Product 465,Fuel Systems,52,135,C02918,"Miller, Morris and Murphy",OEM,Transportation,Bryanmouth,Netherlands,2024-08-18,1
20237694,344,4451,2,98,8,3,12,1323.75,1168.88,154.87,1282.2,1440.63,P0344,Cooling Systems Product 344,Cooling Systems,482,648,C04451,Collins and Sons,Distributor,Transportation,North James,Belgium,2020-04-19,1
20236663,445,4086,8,31,8,5,2,3232.42,2514.57,717.85,3242.46,3120.84,P0445,Fuel Systems Product 445,Fuel Systems,236,412,C04086,Hernandez-Carrillo,Fleet,Manufacturing,Clementsberg,Austria,2024-08-22,1
20253343,75,3086,10,36,9,4,2,423.87,324.51,99.36,413.62,466.08,P0075,Electronics Product 75,Electronics,51,323,C03086,Gardner LLC,Fleet,Automotive,Port Caitlin,Austria,2025-08-31,1
20254394,411,848,5,81,10,1,3,3839.58,2673.24,1166.34,3861.4,3760.86,P0411,Turbochargers Product 411,Turbochargers,451,439,C00848,Wood Group,Distributor,Manufacturing,Christineshire,Poland,2022-03-03,1
20247992,150,4645,4,81,10,3,12,1063.45,694.4,369.05,1111.05,1047.94,P0150,Sensors Product 150,Sensors,296,856,C04645,Lee-Herrera,Fleet,Manufacturing,Tammyview,Austria,2017-12-03,1
20242525,253,475,5,49,6,3,8,3288.85,2373.08,915.77,3429.74,3343.57,P0253,Aftertreatment Product 253,Aftertreatment,370,818,C00475,Padilla-Kirk,Fleet,Transportation,Timothyton,Netherlands,2017-12-05,1
20256657,232,203,3,23,3,4,12,2158.77,1629.68,529.09,2120.26,2154.26,P0232,Aftertreatment Product 232,Aftertreatment,485,876,C00203,Diaz LLC,Fleet,Transportation,Combsburgh,Sweden,2018-02-27,1
20226862,442,3234,8,114,6,2,1,3941.18,2688.6,1252.58,3934.62,4118.75,P0442,Cooling Systems Product 442,Cooling Systems,330,163,C03234,"Guerrero, Marshall and Bartlett",Distributor,Transportation,East Justin,Sweden,2023-11-16,1
20231343,404,3499,10,23,9,1,2,2023.79,1753.37,270.42,2054.8,2151.27,P0404,Fuel Systems Product 404,Fuel Systems,366,655,C03499,Romero-Taylor,Distributor,Manufacturing,Kennethtown,Netherlands,2022-06-06,1
20252626,253,3012,6,21,9,2,6,1705.65,1252.6,453.05,1635.97,1815.11,P0253,Aftertreatment Product 253,Aftertreatment,370,818,C03012,Simpson-Porter,Fleet,Transportation,South David,Spain,2023-02-07,1
20236443,382,1454,10,12,7,5,10,917.01,675.71,241.3,923.76,935.0,P0382,Sensors Product 382,Sensors,460,927,C01454,Brown-Krueger,Fleet,Manufacturing,Lake Ryan,Spain,2020-01-11,1
20227006,271,2584,9,69,5,3,8,2351.55,1600.09,751.46,2445.93,2336.21,P0271,Turbochargers Product 271,Turbochargers,236,400,C02584,Hall-Stevens,OEM,Automotive,Jennifershire,France,2022-08-02,1
20243092,107,2155,3,86,8,1,1,2633.55,2014.92,618.63,2720.56,2707.69,P0107,Filtration Product 107,Filtration,112,196,C02155,Ward-Small,Fleet,Transportation,Kaylaside,Italy,2018-05-24,1
20258570,451,4088,4,119,6,4,20,3176.6,2148.65,1027.95,3193.11,3334.27,P0451,Fuel Systems Product 451,Fuel Systems,211,626,C04088,Cook LLC,Fleet,Automotive,Hugheschester,Poland,2023-03-17,1
20224161,146,4402,10,104,2,4,6,4071.15,3017.02,1054.13,3893.73,4118.89,P0146,Fuel Systems Product 146,Fuel Systems,401,816,C04402,"Miller, Espinoza and Martin",OEM,Automotive,North Tyler,Poland,2021-11-03,1
20250149,131,4133,9,85,7,1,18,1271.49,796.58,474.91,1210.97,1259.89,P0131,Turbochargers Product 131,Turbochargers,475,212,C04133,"Santos, Garcia and Vazquez",Fleet,Transportation,Mariaport,Spain,2018-12-02,1
20222711,201,2811,1,74,7,2,5,634.51,388.56,245.95,646.68,662.58,P0201,Filtration Product 201,Filtration,170,784,C02811,"Chaney, Crane and Morgan",Fleet,Manufacturing,Port John,Belgium,2022-12-02,1
20252264,208,1971,4,50,6,3,9,3227.43,2540.26,687.17,3089.31,3391.57,P0208,Sensors Product 208,Sensors,403,983,C01971,Hall Group,Distributor,Automotive,Johnathanborough,Netherlands,2019-09-04,1
20242900,78,3813,3,79,3,5,17,695.74,559.55,136.19,688.1,665.03,P0078,Turbochargers Product 78,Turbochargers,353,157,C03813,Porter Group,Fleet,Manufacturing,North Brandyberg,France,2023-05-23,1
20239837,150,2563,6,89,6,2,1,3551.92,3038.61,513.31,3525.36,3887.04,P0150,Sensors Product 150,Sensors,296,856,C02563,"Conrad, Ryan and Chang",Fleet,Manufacturing,Port Jamesview,Spain,2024-06-21,1
20252671,360,2354,4,110,7,1,13,2193.07,1852.84,340.23,2243.14,2296.31,P0360,Fuel Systems Product 360,Fuel Systems,421,830,C02354,"Mccall, Cowan and Evans",Fleet,Automotive,Camposport,France,2023-06-23,1
20241845,36,2122,4,5,4,5,6,3147.68,1906.91,1240.77,3291.64,2994.69,P0036,Electronics Product 36,Electronics,480,345,C02122,Torres LLC,Distributor,Manufacturing,South Sheilaton,Spain,2016-08-07,1
20223161,197,1340,10,29,5,4,11,4774.58,3681.71,1092.87,4904.55,4618.98,P0197,Electronics Product 197,Electronics,396,888,C01340,Reed-Smith,Distributor,Manufacturing,Port Jeffery,Poland,2022-03-16,1
20257606,279,3345,1,77,9,4,10,621.67,545.38,76.29,596.69,666.59,P0279,Turbochargers Product 279,Turbochargers,196,110,C03345,Lester-Alvarez,Fleet,Automotive,East Arielfurt,France,2025-01-01,1
20231780,422,4482,8,36,7,3,11,3503.14,2224.97,1278.17,3482.14,3792.32,P0422,Turbochargers Product 422,Turbochargers,496,520,C04482,"Smith, Vargas and Fowler",OEM,Transportation,Hernandezside,Belgium,2026-02-05,1
20254173,460,3662,9,99,8,2,12,410.75,261.95,148.8,427.22,391.05,P0460,Cooling Systems Product 460,Cooling Systems,158,883,C03662,Robinson-Castaneda,Distributor,Transportation,Lake Tammyborough,Spain,2018-06-01,1
20223586,59,1565,8,71,3,4,11,3407.18,2412.75,994.43,3455.62,3664.54,P0059,Sensors Product 59,Sensors,456,535,C01565,Kaufman PLC,Fleet,Manufacturing,South Pamela,Italy,2020-01-06,1
20235738,457,2459,5,11,7,3,17,354.81,273.71,81.1,355.16,377.61,P0457,Filtration Product 457,Filtration,213,262,C02459,"Snyder, Weber and Drake",OEM,Transportation,New Virginia,Sweden,2019-04-17,1
20232785,469,4185,7,118,2,2,5,4240.81,3193.44,1047.37,4257.37,4418.41,P0469,Turbochargers Product 469,Turbochargers,275,157,C04185,Thompson and Sons,Fleet,Transportation,East Donnastad,Sweden,2025-10-12,1
20244877,71,1930,3,100,4,1,7,4123.49,3565.29,558.2,4194.53,4111.78,P0071,Fuel Systems Product 71,Fuel Systems,497,663,C01930,Thomas Inc,Distributor,Transportation,Tracyland,Poland,2023-08-18,1
20226159,154,1740,3,53,3,3,17,2354.66,1869.37,485.29,2271.19,2335.15,P0154,Cooling Systems Product 154,Cooling Systems,279,445,C01740,Reyes-Brown,Distributor,Transportation,Palmerland,Belgium,2018-10-07,1
20236338,16,659,7,38,4,4,16,3085.57,2684.65,400.92,3047.39,3162.9,P0016,Turbochargers Product 16,Turbochargers,269,629,C00659,Beltran-Sawyer,Distributor,Manufacturing,West Joshua,Poland,2024-03-25,1
20226730,64,290,10,104,9,1,15,1463.24,1258.27,204.97,1430.03,1411.31,P0064,Cooling Systems Product 64,Cooling Systems,430,732,C00290,"Mccoy, Elliott and Bennett",OEM,Automotive,Robertmouth,Germany,2018-11-07,1
20234646,177,4889,7,35,1,2,16,1727.78,1513.51,214.27,1798.74,1698.94,P0177,Turbochargers Product 177,Turbochargers,253,190,C04889,"Ryan, Reeves and Nelson",Fleet,Transportation,Elizabethbury,Sweden,2016-08-14,1
20223647,320,1253,8,82,1,1,19,3855.0,3316.5,538.5,3995.68,4099.9,P0320,Fuel Systems Product 320,Fuel Systems,332,371,C01253,"Williams, Williams and Huynh",OEM,Automotive,Johnsonview,Germany,2024-11-23,1
20234270,281,1280,10,115,2,1,7,2393.08,1669.31,723.77,2507.37,2630.62,P0281,Fuel Systems Product 281,Fuel Systems,223,797,C01280,Gomez LLC,Distributor,Automotive,North Fernando,Netherlands,2026-07-06,1
20255918,227,2912,1,28,6,4,12,1850.23,1604.58,245.65,1818.91,1972.76,P0227,Cooling Systems Product 227,Cooling Systems,263,315,C02912,Turner-Lee,Distributor,Transportation,West Carolyn,Poland,2025-01-20,1
20239773,335,4582,5,110,9,1,6,2198.35,1524.15,674.2,2201.77,2279.31,P0335,Cooling Systems Product 335,Cooling Systems,434,418,C04582,Miller and Sons,Distributor,Transportation,Hornfort,Germany,2018-12-16,1
20227268,499,4522,3,21,4,2,2,2522.56,1601.61,920.95,2521.65,2449.68,P0499,Turbochargers Product 499,Turbochargers,82,373,C04522,Jones Group,Fleet,Transportation,South Mikaylaton,Germany,2026-02-08,1
20224302,160,385,8,84,5,3,7,1792.8,1336.3,456.5,1741.49,1836.23,P0160,Turbochargers Product 160,Turbochargers,251,984,C00385,Sloan-King,Distributor,Automotive,Josephhaven,Poland,2018-08-14,1
20226258,340,2613,2,40,1,3,14,1744.36,1108.78,635.58,1700.11,1914.34,P0340,Aftertreatment Product 340,Aftertreatment,182,184,C02613,"Key, Gomez and Baker",OEM,Transportation,South Peter,Spain,2019-07-25,1
20253003,199,258,2,30,10,5,14,2951.56,2315.26,636.3,2945.02,3060.31,P0199,Turbochargers Product 199,Turbochargers,174,399,C00258,Jones LLC,Distributor,Manufacturing,Lake Edwardfurt,Sweden,2022-10-15,1
20233248,45,4740,8,114,7,4,10,1391.1,1066.98,324.12,1391.87,1468.6,P0045,Aftertreatment Product 45,Aftertreatment,192,571,C04740,Davis and Sons,OEM,Automotive,Harmonmouth,Spain,2017-02-26,1
20221361,37,2574,3,72,2,4,17,4787.61,4181.87,605.74,4883.18,5131.97,P0037,Fuel Systems Product 37,Fuel Systems,205,436,C02574,Vincent LLC,Distributor,Manufacturing,Cameronfurt,Austria,2016-11-12,1
20251240,230,1848,2,11,1,5,5,846.91,590.77,256.14,855.6,890.56,P0230,Sensors Product 230,Sensors,356,451,C01848,Martinez-Kim,OEM,Transportation,Lake Jerry,Netherlands,2020-05-27,1
20245796,373,1787,3,70,5,2,8,4623.4,4017.07,606.33,4411.8,4805.23,P0373,Aftertreatment Product 373,Aftertreatment,170,200,C01787,Wallace Group,Distributor,Transportation,Bennettshire,Italy,2026-05-24,1
20233049,433,3329,3,52,2,4,16,4853.63,3913.12,940.51,4808.23,5133.18,P0433,Turbochargers Product 433,Turbochargers,231,779,C03329,Ortiz-Anderson,OEM,Manufacturing,Melaniemouth,Spain,2019-04-05,1
20237008,316,4688,1,95,6,3,6,4370.72,3256.16,1114.56,4478.2,4198.94,P0316,Aftertreatment Product 316,Aftertreatment,412,807,C04688,Lopez LLC,OEM,Manufacturing,East Kyle,Germany,2018-08-19,1
20235322,483,133,10,16,4,1,19,2104.82,1654.26,450.56,2038.37,2228.4,P0483,Cooling Systems Product 483,Cooling Systems,190,504,C00133,Harrington and Sons,Fleet,Manufacturing,East William,Belgium,2025-08-25,1
20252271,47,4949,9,48,9,1,19,3119.23,1982.54,1136.69,3148.09,3013.38,P0047,Aftertreatment Product 47,Aftertreatment,487,629,C04949,Murphy and Sons,Fleet,Automotive,North Emmatown,Netherlands,2019-09-27,1
20227610,102,1174,5,50,2,4,4,4141.51,2615.82,1525.69,4265.06,4083.41,P0102,Electronics Product 102,Electronics,346,814,C01174,"Mann, Ellis and Estrada",OEM,Manufacturing,North Jesseborough,Austria,2024-05-10,1
20229943,225,4304,3,2,4,1,6,4513.92,3660.6,853.32,4604.33,4550.03,P0225,Fuel Systems Product 225,Fuel Systems,143,174,C04304,Shea Ltd,Fleet,Manufacturing,Collinsfort,Belgium,2023-08-11,1
20228312,38,1965,8,3,8,5,20,4958.5,4253.8,704.7,5129.51,5357.48,P0038,Cooling Systems Product 38,Cooling Systems,192,521,C01965,Miller-Smith,Fleet,Automotive,Daltonborough,Spain,2017-09-08,1
20232333,311,4784,9,100,6,1,8,2627.47,1793.12,834.35,2542.94,2840.97,P0311,Sensors Product 311,Sensors,256,601,C04784,Beasley-Ortiz,Fleet,Transportation,Wardbury,Belgium,2017-03-10,1
20230129,426,843,1,53,8,2,14,3228.13,2746.75,481.38,3351.02,3156.22,P0426,Turbochargers Product 426,Turbochargers,67,778,C00843,Rivera-Griffin,OEM,Automotive,West Amandaview,Belgium,2026-07-19,1
20236229,449,887,4,66,1,2,10,1836.83,1338.21,498.62,1814.58,1981.06,P0449,Turbochargers Product 449,Turbochargers,466,253,C00887,"Smith, Stevens and Collins",OEM,Transportation,New Ianland,Austria,2018-12-06,1
20252448,257,2252,8,79,1,4,20,1533.72,985.56,548.16,1564.84,1577.66,P0257,Aftertreatment Product 257,Aftertreatment,264,443,C02252,"Preston, Li and Perez",Fleet,Automotive,New William,Poland,2021-07-28,1
20250060,225,3359,9,100,7,4,5,1549.3,952.62,596.68,1555.87,1696.65,P0225,Fuel Systems Product 225,Fuel Systems,143,174,C03359,Haynes-Greene,Fleet,Transportation,Port Lauren,Germany,2025-04-02,1
20245868,278,1926,9,112,3,3,3,2061.79,1550.91,510.88,2126.49,2121.87,P0278,Aftertreatment Product 278,Aftertreatment,153,148,C01926,Estes-Jimenez,OEM,Automotive,Port Jenniferville,Belgium,2024-03-28,1
20236653,287,2089,2,105,1,1,4,3978.12,2923.95,1054.17,3820.56,4322.87,P0287,Electronics Product 287,Electronics,63,884,C02089,Hayden and Sons,Fleet,Transportation,Port Shawn,Italy,2026-01-01,1
20257031,339,355,4,56,10,1,15,1802.0,1566.49,235.51,1720.45,1908.94,P0339,Cooling Systems Product 339,Cooling Systems,290,786,C00355,Garza Inc,Fleet,Manufacturing,North Aaron,France,2016-11-30,1
20240866,251,4252,6,53,5,4,12,1861.19,1507.72,353.47,1877.74,1955.11,P0251,Sensors Product 251,Sensors,385,817,C04252,Horton-Hall,OEM,Automotive,Port Williamburgh,Spain,2025-09-10,1
20225016,434,2715,7,68,7,2,20,4844.22,3425.96,1418.26,4912.86,4953.18,P0434,Sensors Product 434,Sensors,70,783,C02715,"Diaz, Bennett and Davis",Distributor,Manufacturing,South Melanieville,Italy,2020-07-10,1
20260505,322,3632,5,18,3,4,20,4396.79,3278.18,1118.61,4266.93,4234.27,P0322,Fuel Systems Product 322,Fuel Systems,145,993,C03632,Warren-Bell,Fleet,Automotive,New Christophermouth,France,2018-09-09,1
20228662,299,1658,4,24,2,1,4,2556.6,1851.42,705.18,2513.48,2759.61,P0299,Sensors Product 299,Sensors,234,391,C01658,Knox LLC,Distributor,Transportation,Phamview,Netherlands,2023-08-08,1
20228218,221,3150,8,62,10,2,18,277.37,186.52,90.85,287.05,272.17,P0221,Cooling Systems Product 221,Cooling Systems,468,573,C03150,Wright Inc,OEM,Transportation,North Erinville,Sweden,2020-09-14,1
20221059,123,852,7,93,10,3,14,2579.68,2133.95,445.73,2474.83,2621.42,P0123,Cooling Systems Product 123,Cooling Systems,147,719,C00852,"Alvarado, Frank and Larson",OEM,Manufacturing,South Lauren,Italy,2024-01-28,1
20251222,221,2547,1,35,2,3,3,2322.35,1491.75,830.6,2315.01,2235.0,P0221,Cooling Systems Product 221,Cooling Systems,468,573,C02547,"Stewart, Phillips and Morgan",Distributor,Transportation,Aliceshire,Spain,2024-06-30,1
20236999,98,3730,6,51,10,5,12,3797.02,3266.5,530.52,3775.39,4021.38,P0098,Filtration Product 98,Filtration,94,362,C03730,Diaz Ltd,OEM,Manufacturing,South Christopherville,Spain,2023-02-04,1
20223396,472,2910,3,36,1,2,5,2506.48,1597.49,908.99,2597.48,2425.89,P0472,Aftertreatment Product 472,Aftertreatment,267,714,C02910,Weber and Sons,Distributor,Automotive,East Kellyfurt,Sweden,2019-02-14,1
20229718,488,1177,4,67,4,5,4,678.39,445.35,233.04,669.64,689.32,P0488,Filtration Product 488,Filtration,167,240,C01177,Wright-Horton,Fleet,Transportation,Valeriehaven,France,2018-07-27,1
20228559,304,1374,1,53,2,2,10,4000.85,2748.31,1252.54,3898.36,4263.48,P0304,Turbochargers Product 304,Turbochargers,379,394,C01374,Williams and Sons,OEM,Manufacturing,Crystalland,France,2019-01-10,1
20240656,348,4797,4,50,10,5,9,2046.8,1647.14,399.66,2147.66,2197.4,P0348,Electronics Product 348,Electronics,355,293,C04797,Rodriguez and Sons,OEM,Automotive,Dodsonmouth,Spain,2017-12-24,1
20248615,447,836,6,38,4,5,11,3716.47,2977.41,739.06,3640.13,4055.81,P0447,Turbochargers Product 447,Turbochargers,304,314,C00836,"White, Weber and Armstrong",Distributor,Manufacturing,Darleneville,Spain,2017-11-25,1
20220415,37,918,7,42,1,5,10,4217.75,3128.69,1089.06,4370.73,4099.17,P0037,Fuel Systems Product 37,Fuel Systems,205,436,C00918,Williams Inc,Distributor,Transportation,Port Wesley,Belgium,2018-03-13,1
20245172,407,3486,2,2,10,1,7,1770.45,1412.15,358.3,1747.3,1767.93,P0407,Aftertreatment Product 407,Aftertreatment,268,118,C03486,Lozano-Ruiz,Fleet,Transportation,Ashleyborough,Germany,2021-01-25,1
20255694,419,1893,4,44,2,5,8,237.92,184.27,53.65,249.49,251.14,P0419,Aftertreatment Product 419,Aftertreatment,52,624,C01893,Taylor Ltd,Distributor,Transportation,Phillipsfurt,France,2022-05-31,1
20221591,124,3947,10,38,8,2,20,774.51,660.31,114.2,785.74,828.39,P0124,Turbochargers Product 124,Turbochargers,212,315,C03947,"Adams, White and Jones",OEM,Automotive,Silvaland,Spain,2017-04-15,1
20242040,467,3304,3,64,1,4,20,1514.78,1042.23,472.55,1452.62,1495.99,P0467,Aftertreatment Product 467,Aftertreatment,451,174,C03304,Jenkins Inc,OEM,Manufacturing,North Glen,Italy,2020-06-05,1
20220847,50,3097,10,96,6,2,2,292.04,241.43,50.61,290.82,277.95,P0050,Filtration Product 50,Filtration,178,770,C03097,"Ruiz, Allen and Davidson",Fleet,Manufacturing,Anthonyport,Poland,2020-07-08,1
20221073,427,3335,10,77,8,2,5,3522.3,2617.21,905.09,3588.86,3654.42,P0427,Sensors Product 427,Sensors,314,409,C03335,Smith-Hicks,Distributor,Transportation,Ashleychester,Italy,2023-10-06,1
20260748,237,587,3,40,6,4,20,2169.51,1799.58,369.93,2134.0,2217.89,P0237,Sensors Product 237,Sensors,90,902,C00587,"Ross, Farrell and Owens",Fleet,Transportation,Deniseton,Germany,2022-09-04,1
20225734,161,3452,9,98,7,3,10,4961.98,4405.28,556.7,5123.11,4841.7,P0161,Turbochargers Product 161,Turbochargers,413,546,C03452,Duran PLC,Distributor,Automotive,West Michael,Poland,2024-11-16,1
20242974,36,3735,3,4,1,1,19,4243.9,3196.91,1046.99,4331.46,4067.03,P0036,Electronics Product 36,Electronics,480,345,C03735,Matthews Ltd,OEM,Automotive,Moniqueborough,Germany,2020-05-07,1
20224285,205,1177,3,3,5,2,5,3014.32,2395.89,618.43,3091.51,3140.73,P0205,Sensors Product 205,Sensors,355,908,C01177,Wright-Horton,Fleet,Transportation,Valeriehaven,France,2018-07-27,1
20230097,38,3652,7,85,6,5,2,1834.55,1182.2,652.35,1814.91,1963.62,P0038,Cooling Systems Product 38,Cooling Systems,192,521,C03652,Hernandez LLC,OEM,Automotive,New Ashley,Sweden,2025-03-19,1
20244021,293,620,10,59,8,4,9,1902.79,1165.44,737.35,1969.99,2038.25,P0293,Sensors Product 293,Sensors,124,541,C00620,Hall-Herrera,Fleet,Manufacturing,Port Daniel,Poland,2020-10-14,1
20253127,204,2395,1,114,7,4,19,368.67,307.96,60.71,366.28,368.64,P0204,Filtration Product 204,Filtration,430,301,C02395,"Schneider, Powers and Hensley",Fleet,Manufacturing,Lake Adamberg,Netherlands,2024-07-28,1
20256067,198,3135,1,40,10,1,7,455.98,347.07,108.91,471.88,456.44,P0198,Sensors Product 198,Sensors,323,911,C03135,Thomas-Kelley,Distributor,Automotive,Lopezburgh,France,2025-03-16,1
20247504,332,3667,9,106,10,3,14,3274.21,2167.32,1106.89,3151.43,3138.87,P0332,Filtration Product 332,Filtration,298,534,C03667,Fernandez-Campbell,Distributor,Automotive,Whitemouth,Belgium,2019-04-18,1
20248776,140,351,7,10,1,1,15,2695.52,1824.41,871.11,2650.01,2770.81,P0140,Filtration Product 140,Filtration,197,391,C00351,"Hayes, Patton and Foster",OEM,Manufacturing,Scottberg,Germany,2017-05-06,1
20246188,113,2542,6,117,6,1,16,1265.7,910.29,355.41,1228.36,1218.97,P0113,Sensors Product 113,Sensors,459,151,C02542,"Murray, Young and Hicks",Distributor,Transportation,Arthurbury,Netherlands,2026-08-01,1
20236250,301,254,1,83,5,3,3,1663.49,1456.02,207.47,1737.72,1611.33,P0301,Electronics Product 301,Electronics,269,697,C00254,"Snyder, Barr and Mata",Fleet,Transportation,South Steven,Austria,2019-07-12,1
20227655,329,1799,4,76,2,2,5,4036.4,3621.34,415.06,3880.82,4385.65,P0329,Turbochargers Product 329,Turbochargers,261,982,C01799,"Blake, Macias and Michael",Fleet,Manufacturing,Houseville,Spain,2023-10-25,1
20250886,241,4033,4,49,3,5,11,1369.17,845.16,524.01,1331.85,1480.21,P0241,Sensors Product 241,Sensors,348,470,C04033,Williams PLC,OEM,Manufacturing,Port David,Italy,2025-06-27,1
20222652,352,3219,7,102,4,5,5,4373.87,2997.06,1376.81,4239.82,4412.73,P0352,Filtration Product 352,Filtration,317,686,C03219,Butler-James,Fleet,Manufacturing,Lake Kennethside,Belgium,2019-05-10,1
20242792,365,3447,3,74,2,4,9,2147.79,1490.6,657.19,2083.9,2336.26,P0365,Aftertreatment Product 365,Aftertreatment,222,506,C03447,Jones Ltd,Fleet,Manufacturing,Carterfort,Sweden,2022-08-17,1
20240686,184,2530,8,89,8,1,18,2044.02,1744.98,299.04,2107.75,1973.14,P0184,Turbochargers Product 184,Turbochargers,387,773,C02530,Hutchinson-Smith,OEM,Automotive,Willisland,Belgium,2017-02-15,1
20252310,197,1297,5,56,4,2,12,1850.45,1269.51,580.94,1773.92,1845.0,P0197,Electronics Product 197,Electronics,396,888,C01297,"Johnson, Glenn and Peterson",OEM,Automotive,Port Matthew,Austria,2022-05-13,1
20227496,436,3728,3,28,2,1,6,3101.68,1999.8,1101.88,3149.91,3355.11,P0436,Filtration Product 436,Filtration,182,285,C03728,Reed Inc,OEM,Transportation,Sarahhaven,Italy,2020-01-10,1
20242846,228,4231,6,98,9,2,20,2104.39,1828.45,275.94,2024.12,2146.63,P0228,Filtration Product 228,Filtration,197,732,C04231,Davis-Herrera,Fleet,Transportation,Grantside,France,2022-07-18,1
20255923,65,3902,8,105,10,2,17,3096.04,2208.69,887.35,3250.2,3123.7,P0065,Filtration Product 65,Filtration,144,887,C03902,"James, Ford and Thompson",OEM,Automotive,Port Edwin,Germany,2018-11-07,1
20229906,120,3050,7,40,4,5,15,4140.66,3101.39,1039.27,4147.42,4430.43,P0120,Cooling Systems Product 120,Cooling Systems,484,991,C03050,"Owens, Martin and King",Fleet,Transportation,Lake Anthonyburgh,Sweden,2017-12-04,1
20257542,422,2283,5,69,5,5,2,1380.01,875.06,504.95,1354.2,1499.09,P0422,Turbochargers Product 422,Turbochargers,496,520,C02283,"Mann, Andrews and Blackwell",Distributor,Transportation,North Gregory,Belgium,2018-07-22,1
20258341,488,3941,8,86,5,5,14,449.47,397.74,51.73,442.85,439.04,P0488,Filtration Product 488,Filtration,167,240,C03941,Chavez LLC,Fleet,Automotive,Clarkview,Germany,2017-08-31,1
20242745,326,615,10,102,8,1,16,2029.74,1325.53,704.21,1977.32,2078.91,P0326,Sensors Product 326,Sensors,428,355,C00615,Velasquez-Hawkins,Fleet,Manufacturing,Walshhaven,Netherlands,2024-02-23,1
20224950,87,1577,4,44,6,2,7,3521.32,2326.66,1194.66,3607.73,3798.75,P0087,Turbochargers Product 87,Turbochargers,199,502,C01577,"Whitney, Garner and Wade",Fleet,Transportation,Garciatown,Sweden,2021-12-01,1
20258321,146,979,3,113,1,5,2,1100.41,811.21,289.2,1049.08,1097.33,P0146,Fuel Systems Product 146,Fuel Systems,401,816,C00979,Wheeler LLC,Fleet,Transportation,South Brandi,Italy,2016-09-15,1
20256767,81,228,9,117,3,4,2,3991.16,2422.57,1568.59,3939.28,4133.01,P0081,Cooling Systems Product 81,Cooling Systems,246,679,C00228,Barton-Mills,Distributor,Transportation,East Debrastad,Belgium,2023-02-17,1
20234588,77,1440,6,90,1,3,7,3973.45,3569.25,404.2,3781.27,4158.16,P0077,Filtration Product 77,Filtration,270,390,C01440,Roberts-Hernandez,Distributor,Transportation,New Micheleton,Netherlands,2018-07-19,1
20247160,447,1941,7,11,6,5,10,2434.75,1609.77,824.98,2345.14,2349.09,P0447,Turbochargers Product 447,Turbochargers,304,314,C01941,"Palmer, Tate and Miller",Fleet,Manufacturing,Grossview,Austria,2023-05-12,1
20222506,193,4216,9,60,7,1,8,3986.22,2400.01,1586.21,4068.84,4016.43,P0193,Turbochargers Product 193,Turbochargers,376,442,C04216,"Warren, Odom and Morales",Fleet,Automotive,Woodwardmouth,Germany,2019-10-18,1
20259484,291,3244,9,27,6,1,20,4218.28,2690.45,1527.83,4045.36,4107.69,P0291,Cooling Systems Product 291,Cooling Systems,130,620,C03244,Howard-Torres,Fleet,Manufacturing,Robertmouth,Germany,2018-11-23,1
20251615,153,111,1,29,4,2,7,2779.18,1972.59,806.59,2777.51,2653.15,P0153,Electronics Product 153,Electronics,190,922,C00111,Doyle-Marshall,Distributor,Automotive,New Bruce,Poland,2023-02-13,1
20255013,126,3034,8,65,8,3,11,3230.07,2200.81,1029.26,3259.48,3311.92,P0126,Cooling Systems Product 126,Cooling Systems,302,414,C03034,Dudley Ltd,Fleet,Manufacturing,Robinville,Italy,2022-06-25,1
20221167,55,3704,4,36,5,2,15,184.76,123.73,61.03,180.13,186.85,P0055,Fuel Systems Product 55,Fuel Systems,389,928,C03704,"Bryant, Spears and Ford",OEM,Transportation,Higginsview,Poland,2017-08-28,1
20252891,115,3036,1,7,7,4,7,917.86,719.62,198.24,874.07,1005.27,P0115,Sensors Product 115,Sensors,200,659,C03036,James-Blair,OEM,Manufacturing,Kristafort,Netherlands,2025-06-21,1
20236905,94,2643,1,81,6,2,9,600.96,407.44,193.52,601.99,643.8,P0094,Aftertreatment Product 94,Aftertreatment,214,964,C02643,Weber-Reid,Fleet,Transportation,New Jeffrey,Germany,2017-05-26,1
20227850,328,1986,10,104,10,3,13,2604.2,2095.82,508.38,2476.37,2860.6,P0328,Aftertreatment Product 328,Aftertreatment,344,838,C01986,Nichols-Watkins,Fleet,Transportation,New Benjaminport,Sweden,2018-01-07,1
20254180,496,2508,3,75,4,4,17,3293.02,2467.53,825.49,3324.18,3280.37,P0496,Cooling Systems Product 496,Cooling Systems,116,953,C02508,"Bruce, Proctor and Vang",Fleet,Manufacturing,Port Teresaton,Sweden,2022-12-31,1
20254708,441,4440,8,45,3,5,4,394.89,337.56,57.33,382.44,417.42,P0441,Electronics Product 441,Electronics,161,670,C04440,Johnson-Hale,Fleet,Transportation,Shannonport,Italy,2025-07-01,1
20237718,482,2438,4,20,10,1,8,4192.49,3233.83,958.66,4152.76,4366.45,P0482,Sensors Product 482,Sensors,192,982,C02438,Holmes-Hughes,Fleet,Manufacturing,New Justinfort,Belgium,2022-10-04,1
20224863,52,270,2,6,4,3,8,4885.78,2973.21,1912.57,5080.9,4795.78,P0052,Fuel Systems Product 52,Fuel Systems,458,683,C00270,Gregory PLC,Distributor,Automotive,Rodriguezshire,France,2022-02-22,1
20222843,368,4790,6,113,2,2,7,4835.25,3799.6,1035.65,5019.33,5021.63,P0368,Turbochargers Product 368,Turbochargers,140,695,C04790,Gonzales-Gordon,Fleet,Automotive,Lake Carl,France,2020-01-30,1
20258029,114,1862,3,51,9,4,2,1720.09,1266.92,453.17,1656.3,1751.84,P0114,Turbochargers Product 114,Turbochargers,261,467,C01862,"Sanders, Logan and Lang",Distributor,Transportation,West Biancabury,Spain,2023-11-08,1
20244562,159,3730,5,44,2,1,11,4050.11,2870.08,1180.03,3892.04,4089.43,P0159,Filtration Product 159,Filtration,180,372,C03730,Diaz Ltd,OEM,Manufacturing,South Christopherville,Spain,2023-02-04,1
20255432,285,2525,9,74,9,4,5,389.24,277.37,111.87,389.63,383.48,P0285,Turbochargers Product 285,Turbochargers,252,155,C02525,Smith-Mitchell,Fleet,Transportation,Porterview,Belgium,2022-06-15,1
20242652,156,2163,1,117,5,2,19,2429.41,1958.95,470.46,2504.86,2523.43,P0156,Sensors Product 156,Sensors,455,484,C02163,Brooks-Montoya,Fleet,Automotive,Lake Alice,Austria,2019-09-09,1
20257052,366,2023,5,119,10,2,2,4935.43,3101.5,1833.93,4882.25,5122.59,P0366,Sensors Product 366,Sensors,359,401,C02023,"Sanders, Fuller and James",Fleet,Transportation,Port Nancymouth,Netherlands,2020-02-27,1
20245907,168,859,6,88,10,1,16,4116.18,3135.96,980.22,4107.91,4268.37,P0168,Fuel Systems Product 168,Fuel Systems,192,876,C00859,"Delgado, Moore and Hoffman",OEM,Manufacturing,Evanville,Sweden,2025-07-28,1
20225071,486,4034,6,119,4,1,7,2252.84,1984.05,268.79,2333.02,2321.39,P0486,Cooling Systems Product 486,Cooling Systems,127,865,C04034,Holland-Jones,OEM,Automotive,Brownshire,Belgium,2017-02-15,1
20246575,145,623,1,26,7,5,7,2359.47,1736.9,622.57,2410.5,2355.62,P0145,Turbochargers Product 145,Turbochargers,254,255,C00623,Brady Group,Distributor,Manufacturing,Matthewburgh,Netherlands,2016-11-27,1
20235811,45,2714,1,96,5,2,9,1870.39,1649.15,221.24,1903.87,1983.03,P0045,Aftertreatment Product 45,Aftertreatment,192,571,C02714,Galvan-Washington,Fleet,Manufacturing,South Michael,Belgium,2016-10-13,1
20230005,141,4021,7,79,10,5,19,3664.06,3150.56,513.5,3508.95,3837.9,P0141,Aftertreatment Product 141,Aftertreatment,150,465,C04021,Fields PLC,OEM,Transportation,South Shelley,Belgium,2017-04-10,1
20224395,318,3953,5,8,10,3,9,3453.81,2654.75,799.06,3625.04,3445.44,P0318,Sensors Product 318,Sensors,407,237,C03953,Fisher Inc,Fleet,Manufacturing,South Sonyaburgh,Germany,2024-05-12,1
20244469,284,1177,9,38,10,3,17,2778.66,1816.58,962.08,2649.23,2660.07,P0284,Cooling Systems Product 284,Cooling Systems,378,813,C01177,Wright-Horton,Fleet,Transportation,Valeriehaven,France,2018-07-27,1
20260982,218,4960,7,66,5,2,10,1831.3,1575.79,255.51,1809.71,1782.57,P0218,Fuel Systems Product 218,Fuel Systems,416,430,C04960,Cardenas-Moore,Distributor,Transportation,Harrischester,Belgium,2021-07-15,1
20240799,91,4897,5,58,5,2,9,1679.69,1277.21,402.48,1755.86,1670.9,P0091,Aftertreatment Product 91,Aftertreatment,132,595,C04897,Hill LLC,Distributor,Transportation,Lanceville,Belgium,2026-04-13,1
20233112,153,4810,5,101,3,4,18,254.03,162.93,91.1,257.85,262.43,P0153,Electronics Product 153,Electronics,190,922,C04810,Sanchez Group,Fleet,Automotive,Leside,Sweden,2024-08-01,1
20255662,220,4639,3,117,9,1,11,2012.63,1263.62,749.01,2029.75,2057.39,P0220,Filtration Product 220,Filtration,401,447,C04639,Wright Group,Fleet,Transportation,Elliottberg,Spain,2020-01-15,1
20255198,491,4044,8,49,4,4,14,623.52,405.98,217.54,651.66,685.18,P0491,Filtration Product 491,Filtration,377,254,C04044,"Griffith, Bradford and Anderson",Fleet,Automotive,West Alexandriaton,Spain,2025-09-12,1
20253588,298,4400,2,100,1,5,20,1625.65,1177.79,447.86,1675.26,1576.28,P0298,Sensors Product 298,Sensors,292,933,C04400,Reynolds-Cross,OEM,Transportation,West Philip,Italy,2017-08-28,1
20241261,220,3352,1,110,6,4,1,1869.12,1201.5,667.62,1872.21,1777.84,P0220,Filtration Product 220,Filtration,401,447,C03352,"Elliott, Kim and Beasley",Fleet,Manufacturing,Annaport,Italy,2023-04-20,1
20237379,99,4781,7,9,2,3,3,4950.58,3260.86,1689.72,4745.28,5381.61,P0099,Fuel Systems Product 99,Fuel Systems,88,252,C04781,"Booker, Goodwin and Morgan",Fleet,Automotive,West Phillip,Austria,2025-06-19,1
20228095,369,2291,1,103,7,2,18,1814.49,1371.69,442.8,1764.52,1987.73,P0369,Cooling Systems Product 369,Cooling Systems,129,206,C02291,Hart-Mclaughlin,Fleet,Transportation,Williamsport,Sweden,2018-03-11,1
20248229,275,3818,5,83,9,5,1,3466.43,2201.29,1265.14,3412.28,3593.99,P0275,Electronics Product 275,Electronics,69,802,C03818,Kelly-Hamilton,Fleet,Automotive,South Michaelbury,Austria,2022-02-12,1
20256415,175,2184,6,15,1,5,6,4877.62,3836.3,1041.32,5094.02,4817.33,P0175,Aftertreatment Product 175,Aftertreatment,234,137,C02184,"Aguirre, Johnson and Hoover",Distributor,Automotive,Joneshaven,Italy,2016-09-17,1
20228943,150,1002,2,88,9,4,2,3940.63,2980.57,960.06,3795.15,3944.71,P0150,Sensors Product 150,Sensors,296,856,C01002,"Ramos, Campbell and Johnson",OEM,Transportation,New Raymond,Sweden,2023-06-21,1
20254032,180,1326,10,116,6,3,10,3565.37,2995.81,569.56,3626.39,3662.03,P0180,Filtration Product 180,Filtration,163,558,C01326,Oliver-Coleman,OEM,Automotive,West Randy,Germany,2023-03-24,1
20226212,91,4524,5,117,1,1,7,2273.88,1547.98,725.9,2167.36,2354.65,P0091,Aftertreatment Product 91,Aftertreatment,132,595,C04524,Reyes and Sons,Distributor,Automotive,Port Robin,Italy,2023-05-29,1
20260944,204,3803,10,65,1,1,8,2143.56,1420.19,723.37,2130.09,2286.04,P0204,Filtration Product 204,Filtration,430,301,C03803,Smith Group,Fleet,Automotive,Port Ian,Netherlands,2025-08-03,1
20233645,115,4491,8,93,6,2,19,1582.98,1147.95,435.03,1645.6,1631.23,P0115,Sensors Product 115,Sensors,200,659,C04491,"Martin, Novak and Bowman",Distributor,Transportation,South Phillipborough,Belgium,2020-07-20,1
20251072,277,46,2,26,1,4,4,4600.23,3342.14,1258.09,4769.66,4936.84,P0277,Filtration Product 277,Filtration,372,298,C00046,Johnston and Sons,Distributor,Manufacturing,Raymondside,France,2023-04-07,1
20226470,463,1573,5,43,7,3,14,2822.17,2334.43,487.74,2750.38,2726.16,P0463,Sensors Product 463,Sensors,387,229,C01573,Moreno-Smith,OEM,Manufacturing,North Janet,Belgium,2021-06-17,1
20256856,3,4543,5,20,8,2,6,2660.45,2262.48,397.97,2656.45,2800.1,P0003,Aftertreatment Product 3,Aftertreatment,441,811,C04543,"Deleon, Hicks and Sweeney",OEM,Transportation,Lindaview,France,2018-01-06,1
20221029,454,4865,10,53,4,3,20,3086.76,2511.56,575.2,3051.55,3094.28,P0454,Cooling Systems Product 454,Cooling Systems,141,632,C04865,"Murphy, Carter and Sandoval",Distributor,Transportation,Gentryton,Belgium,2019-06-18,1
20260740,461,934,3,49,8,1,19,3095.27,2172.42,922.85,2953.42,3402.38,P0461,Fuel Systems Product 461,Fuel Systems,267,237,C00934,Velasquez-Hughes,Distributor,Manufacturing,Lopezbury,Sweden,2025-05-04,1
20259317,310,1801,9,97,6,1,16,4745.92,3512.35,1233.57,4865.95,4577.67,P0310,Filtration Product 310,Filtration,299,806,C01801,Garner LLC,OEM,Transportation,Lake Patricia,Italy,2020-08-20,1
20258261,261,3526,7,50,6,3,8,2770.36,2154.81,615.55,2876.13,2823.54,P0261,Turbochargers Product 261,Turbochargers,231,310,C03526,"Harrison, English and Sullivan",Distributor,Transportation,Haneyburgh,Poland,2021-12-13,1
20234763,305,463,3,34,1,2,18,2116.77,1799.23,317.54,2154.28,2057.81,P0305,Turbochargers Product 305,Turbochargers,461,501,C00463,"West, Patel and Williams",Distributor,Automotive,Manningville,Sweden,2020-03-14,1
20260565,153,3944,9,34,7,2,1,3555.65,2137.25,1418.4,3561.53,3740.49,P0153,Electronics Product 153,Electronics,190,922,C03944,Rogers-Sweeney,Distributor,Automotive,East Zachary,France,2023-01-14,1
20235986,198,2951,3,84,2,2,19,2820.85,2096.64,724.21,2938.42,2757.78,P0198,Sensors Product 198,Sensors,323,911,C02951,Reed-Burton,Fleet,Manufacturing,Rileyfurt,Poland,2016-09-15,1
20245082,481,2220,9,120,9,3,9,2030.69,1488.47,542.22,1945.14,1986.43,P0481,Electronics Product 481,Electronics,85,133,C02220,Tate Group,OEM,Transportation,New Cynthia,Sweden,2020-12-02,1
20245797,136,4027,7,112,2,2,2,2357.17,2000.42,356.75,2376.98,2531.11,P0136,Cooling Systems Product 136,Cooling Systems,216,619,C04027,Edwards-Butler,Fleet,Automotive,West Melinda,Netherlands,2026-07-24,1
20260496,308,4353,2,54,2,2,20,2578.74,1608.9,969.84,2493.2,2480.56,P0308,Turbochargers Product 308,Turbochargers,154,702,C04353,Ramsey LLC,Fleet,Manufacturing,Port Cathy,Netherlands,2019-09-27,1
20253500,417,2010,4,50,9,1,9,3793.65,2381.61,1412.04,3623.74,3678.47,P0417,Fuel Systems Product 417,Fuel Systems,346,907,C02010,"Mcdowell, Garcia and Berry",OEM,Manufacturing,Lake Kathychester,Poland,2024-02-05,1
20226780,433,1899,6,22,1,3,9,1312.81,961.68,351.13,1366.38,1331.94,P0433,Turbochargers Product 433,Turbochargers,231,779,C01899,"Shah, Lopez and Griffin",OEM,Automotive,Zhangside,Belgium,2017-01-04,1
20256109,403,3786,2,55,1,3,19,3253.73,2547.28,706.45,3357.09,3158.32,P0403,Fuel Systems Product 403,Fuel Systems,144,701,C03786,Rodriguez-Johnston,Fleet,Transportation,Port Tyler,Belgium,2025-08-23,1
20239016,261,4052,10,55,4,5,8,730.96,496.96,234.0,759.49,775.59,P0261,Turbochargers Product 261,Turbochargers,231,310,C04052,"Chandler, White and Meza",Fleet,Manufacturing,South Miaport,Belgium,2018-11-24,1
20240357,315,3203,5,73,8,5,19,3055.07,2501.76,553.31,3123.83,3006.08,P0315,Cooling Systems Product 315,Cooling Systems,222,841,C03203,Mayo-Escobar,Fleet,Manufacturing,Proctorfort,France,2018-08-19,1
20229046,108,1331,1,52,10,3,5,2425.94,2163.69,262.25,2356.78,2470.49,P0108,Aftertreatment Product 108,Aftertreatment,472,808,C01331,Henson Group,OEM,Transportation,Kaitlynbury,Italy,2020-03-09,1
20233636,50,1651,10,97,10,5,11,3523.23,2140.42,1382.81,3519.75,3416.61,P0050,Filtration Product 50,Filtration,178,770,C01651,Valdez-Brown,Distributor,Manufacturing,West Brandon,Italy,2018-07-06,1
20242709,61,1606,3,114,10,5,7,4145.3,3394.7,750.6,4218.99,4040.99,P0061,Turbochargers Product 61,Turbochargers,365,974,C01606,"Friedman, Hudson and Taylor",Fleet,Automotive,New Stephanieside,Germany,2023-02-21,1
20238613,64,477,3,8,4,3,1,2638.68,1583.65,1055.03,2512.51,2597.62,P0064,Cooling Systems Product 64,Cooling Systems,430,732,C00477,Boyd-Reynolds,Distributor,Manufacturing,Matthewville,France,2017-08-30,1
20220396,359,621,1,2,10,3,10,1034.71,816.09,218.62,1033.34,1076.27,P0359,Filtration Product 359,Filtration,54,841,C00621,Rios-Stewart,Distributor,Automotive,Vaughanview,Spain,2025-04-08,1
20253371,371,3895,7,69,3,4,5,1609.63,1419.08,190.55,1642.99,1740.79,P0371,Cooling Systems Product 371,Cooling Systems,109,912,C03895,Shah-Brown,Fleet,Manufacturing,North Francisco,Belgium,2022-11-19,1
20230274,145,3526,10,107,6,5,14,3625.08,2720.99,904.09,3478.95,3625.72,P0145,Turbochargers Product 145,Turbochargers,254,255,C03526,"Harrison, English and Sullivan",Distributor,Transportation,Haneyburgh,Poland,2021-12-13,1
20240053,493,2167,7,24,10,3,7,4995.76,3361.82,1633.94,5042.27,4865.27,P0493,Fuel Systems Product 493,Fuel Systems,201,213,C02167,Higgins Group,Fleet,Manufacturing,East Jamesside,Poland,2026-06-30,1
20257910,141,578,2,58,2,3,16,2396.68,1639.3,757.38,2375.4,2392.46,P0141,Aftertreatment Product 141,Aftertreatment,150,465,C00578,"West, Lozano and Hicks",OEM,Manufacturing,Port Markstad,Spain,2023-04-18,1
20249739,161,1630,8,83,1,2,18,1327.45,1029.69,297.76,1284.04,1442.24,P0161,Turbochargers Product 161,Turbochargers,413,546,C01630,Payne Inc,OEM,Automotive,Wilsonhaven,Netherlands,2018-11-28,1
20241391,365,799,10,45,7,4,16,4609.82,3705.07,904.75,4403.26,4814.26,P0365,Aftertreatment Product 365,Aftertreatment,222,506,C00799,Ortiz-Mccullough,Distributor,Automotive,West Jerome,Belgium,2025-02-21,1
20231059,154,4682,3,64,10,4,7,4525.85,3995.35,530.5,4313.46,4897.6,P0154,Cooling Systems Product 154,Cooling Systems,279,445,C04682,"Oliver, Smith and Howard",OEM,Manufacturing,Lake Mary,France,2024-12-26,1
20238725,259,3067,7,21,10,5,18,3208.65,2003.07,1205.58,3217.18,3349.43,P0259,Turbochargers Product 259,Turbochargers,420,350,C03067,"Maddox, Lutz and Frank",Distributor,Automotive,Stoneton,France,2024-06-05,1
20250406,360,4232,8,59,5,1,6,2403.72,1480.16,923.56,2508.88,2479.95,P0360,Fuel Systems Product 360,Fuel Systems,421,830,C04232,Campbell-Tyler,Distributor,Automotive,Port Jerryberg,Spain,2025-11-26,1
20256063,487,87,2,81,5,5,5,2440.4,2143.71,296.69,2353.14,2488.33,P0487,Turbochargers Product 487,Turbochargers,77,981,C00087,Gomez-Young,OEM,Transportation,North Kevinview,Poland,2018-05-10,1
20231567,398,4140,1,53,5,3,18,2539.64,2078.54,461.1,2559.48,2719.76,P0398,Fuel Systems Product 398,Fuel Systems,493,797,C04140,"Hernandez, Baker and Watson",Distributor,Transportation,Lake Margaretstad,Italy,2017-03-09,1
20224582,320,1752,4,34,7,4,18,695.15,445.91,249.24,685.94,734.33,P0320,Fuel Systems Product 320,Fuel Systems,332,371,C01752,Marshall PLC,Distributor,Transportation,North Catherineside,Italy,2025-04-16,1
20260751,449,2425,2,101,9,2,17,4174.58,3104.18,1070.4,4170.03,4130.9,P0449,Turbochargers Product 449,Turbochargers,466,253,C02425,Rodriguez-Baker,OEM,Transportation,Ashleyhaven,Spain,2017-03-25,1
20241261,268,2859,5,108,7,2,13,554.18,447.13,107.05,538.81,585.87,P0268,Sensors Product 268,Sensors,491,116,C02859,Cunningham and Sons,Fleet,Manufacturing,Freemantown,Germany,2025-08-30,1
20223096,416,4519,1,76,7,4,10,2614.43,2288.39,326.04,2646.32,2819.42,P0416,Electronics Product 416,Electronics,125,422,C04519,"Wilson, Mann and Francis",Fleet,Automotive,Hensonside,Belgium,2025-04-10,1
20227335,15,110,2,56,8,2,12,3998.55,3241.65,756.9,4150.04,4204.2,P0015,Cooling Systems Product 15,Cooling Systems,361,538,C00110,Perez and Sons,OEM,Transportation,Meganstad,Italy,2018-02-07,1
20221365,199,1630,10,87,6,4,20,3915.35,3500.44,414.91,4079.88,3761.96,P0199,Turbochargers Product 199,Turbochargers,174,399,C01630,Payne Inc,OEM,Automotive,Wilsonhaven,Netherlands,2018-11-28,1
20223152,149,437,6,21,3,2,1,4794.12,3917.18,876.94,4683.55,5025.67,P0149,Sensors Product 149,Sensors,441,408,C00437,"Smith, Hahn and Clark",Fleet,Manufacturing,Jennifermouth,Austria,2016-11-05,1
20246723,409,4404,6,36,8,2,14,2267.65,1420.58,847.07,2344.12,2412.5,P0409,Aftertreatment Product 409,Aftertreatment,58,859,C04404,Frye Group,OEM,Automotive,Lake Vanessa,Belgium,2017-11-11,1
20239484,148,4660,1,7,3,1,14,2738.99,2389.82,349.17,2790.4,2983.88,P0148,Filtration Product 148,Filtration,128,603,C04660,"Andrews, Riddle and Taylor",Distributor,Manufacturing,Shieldsside,Austria,2026-05-20,1
20225720,357,3290,5,75,3,4,11,4814.72,3741.52,1073.2,4595.96,5035.21,P0357,Turbochargers Product 357,Turbochargers,388,710,C03290,Shea and Sons,OEM,Transportation,Williamsonland,Sweden,2017-05-09,1
20252423,279,4422,5,94,3,3,19,1180.61,955.68,224.93,1174.9,1254.5,P0279,Turbochargers Product 279,Turbochargers,196,110,C04422,Thompson PLC,Fleet,Manufacturing,Reedstad,Italy,2023-07-02,1
20250133,246,1709,4,36,6,3,10,2912.65,2377.77,534.88,2913.15,2874.46,P0246,Cooling Systems Product 246,Cooling Systems,60,416,C01709,Wagner-Jones,OEM,Automotive,Lake Annmouth,Germany,2020-07-26,1
20221485,228,3782,7,46,9,1,20,1516.26,1051.67,464.59,1590.9,1472.78,P0228,Filtration Product 228,Filtration,197,732,C03782,Porter Inc,Distributor,Manufacturing,West Leah,Austria,2021-10-23,1
20224510,48,1368,10,4,9,4,11,4053.23,2527.64,1525.59,4081.98,4231.38,P0048,Electronics Product 48,Electronics,394,857,C01368,Rivera-Osborne,Fleet,Automotive,Garyview,Netherlands,2019-12-29,1
20242948,382,986,6,100,8,4,11,3461.99,2490.42,971.57,3302.81,3340.75,P0382,Sensors Product 382,Sensors,460,927,C00986,"Merritt, Callahan and Carr",Fleet,Transportation,North Josephmouth,Sweden,2022-10-27,1
20223388,272,3269,6,91,3,3,19,3012.38,2568.02,444.36,3026.29,3128.37,P0272,Turbochargers Product 272,Turbochargers,361,817,C03269,Peterson Ltd,Fleet,Transportation,Teresatown,Austria,2022-07-25,1
20257349,332,821,5,69,1,4,8,239.27,158.24,81.03,249.29,233.71,P0332,Filtration Product 332,Filtration,298,534,C00821,Blackwell Ltd,OEM,Manufacturing,Lake Nancyland,Italy,2026-05-22,1
20228607,426,139,1,18,9,3,17,610.86,527.33,83.53,608.71,624.55,P0426,Turbochargers Product 426,Turbochargers,67,778,C00139,Webster-Pope,Distributor,Automotive,Terryberg,Netherlands,2019-07-05,1
20238069,281,3532,8,21,6,5,15,3673.18,3070.34,602.84,3768.13,3955.78,P0281,Fuel Systems Product 281,Fuel Systems,223,797,C03532,Mcmillan-Brown,Distributor,Automotive,Lopezborough,Netherlands,2022-10-25,1
20227836,57,419,9,117,2,3,19,627.69,510.09,117.6,608.88,681.73,P0057,Filtration Product 57,Filtration,182,606,C00419,"Curry, Brock and May",Distributor,Manufacturing,East Michaelchester,Austria,2017-10-11,1
20259567,50,123,9,45,8,4,9,1366.6,1018.08,348.52,1326.65,1447.52,P0050,Filtration Product 50,Filtration,178,770,C00123,Schneider-Wilson,Distributor,Transportation,New Robert,Austria,2020-10-18,1
20237298,266,3182,1,85,1,5,18,2972.93,2396.25,576.68,2833.07,2841.9,P0266,Aftertreatment Product 266,Aftertreatment,134,114,C03182,Green Group,Fleet,Automotive,New Brianbury,Austria,2023-09-28,1
20225403,68,2871,4,108,2,2,2,2355.4,2028.61,326.79,2415.02,2308.79,P0068,Filtration Product 68,Filtration,120,182,C02871,Price Ltd,OEM,Manufacturing,South Charlesmouth,Austria,2024-04-21,1
20240226,235,2249,9,45,8,1,19,2891.95,2398.47,493.48,3017.29,3028.09,P0235,Aftertreatment Product 235,Aftertreatment,401,732,C02249,Thomas LLC,Fleet,Transportation,Brianshire,France,2020-05-07,1
20258355,279,1547,10,21,8,5,18,1881.62,1558.04,323.58,1894.93,1941.73,P0279,Turbochargers Product 279,Turbochargers,196,110,C01547,"Sanders, Marks and Collins",Fleet,Manufacturing,Fuentesmouth,France,2023-09-13,1
20240610,100,2830,6,64,8,1,12,763.72,679.58,84.14,742.58,823.85,P0100,Cooling Systems Product 100,Cooling Systems,266,465,C02830,Cantrell Inc,Distributor,Transportation,West Rebeccaton,Spain,2022-11-06,1
20259956,297,1137,1,12,7,1,6,4466.85,3691.44,775.41,4313.54,4433.27,P0297,Electronics Product 297,Electronics,158,281,C01137,"Jones, Olson and Barrett",Distributor,Automotive,Jasonland,Belgium,2020-09-02,1
20225404,67,3004,2,23,6,2,10,338.76,219.8,118.96,335.45,336.7,P0067,Turbochargers Product 67,Turbochargers,160,257,C03004,Lane Ltd,Fleet,Transportation,Amandastad,Sweden,2017-12-16,1
20240970,435,3557,9,56,3,4,3,2462.22,1892.0,570.22,2516.86,2664.11,P0435,Aftertreatment Product 435,Aftertreatment,175,492,C03557,Velazquez-Bradford,Fleet,Manufacturing,Penaville,Germany,2018-01-29,1
20224250,356,1374,10,111,1,5,9,3713.59,2329.88,1383.71,3609.38,3651.31,P0356,Filtration Product 356,Filtration,250,324,C01374,Williams and Sons,OEM,Manufacturing,Crystalland,France,2019-01-10,1
20241758,113,4463,2,60,7,3,17,3959.19,3379.79,579.4,4101.72,4051.35,P0113,Sensors Product 113,Sensors,459,151,C04463,Rowland and Sons,Fleet,Transportation,Bakerfurt,Sweden,2023-09-22,1
20247944,176,1759,6,79,2,5,14,3920.35,3165.38,754.97,4019.61,3864.84,P0176,Aftertreatment Product 176,Aftertreatment,119,257,C01759,Williams-Myers,Fleet,Transportation,Williamberg,Germany,2024-09-02,1
20259959,496,689,8,38,2,1,13,2754.14,2380.75,373.39,2797.96,2761.01,P0496,Cooling Systems Product 496,Cooling Systems,116,953,C00689,"Burton, Bailey and Bates",OEM,Automotive,Garciachester,Italy,2020-04-14,1
20234334,494,385,5,44,7,4,13,4768.51,3569.53,1198.98,4844.87,5230.73,P0494,Turbochargers Product 494,Turbochargers,491,324,C00385,Sloan-King,Distributor,Automotive,Josephhaven,Poland,2018-08-14,1
20252355,491,2856,2,107,9,4,6,3540.29,2802.53,737.76,3389.82,3365.11,P0491,Filtration Product 491,Filtration,377,254,C02856,Walls-Zhang,Distributor,Transportation,Johnfort,Netherlands,2024-11-26,1
20230177,6,190,9,109,7,5,8,1613.54,1416.19,197.35,1561.71,1666.05,P0006,Cooling Systems Product 6,Cooling Systems,345,257,C00190,"Anthony, Olsen and Johnson",Distributor,Transportation,Woodsside,Italy,2024-10-23,1
20226749,155,630,6,62,9,3,16,916.77,562.34,354.43,913.18,951.28,P0155,Fuel Systems Product 155,Fuel Systems,406,343,C00630,King-Francis,Fleet,Manufacturing,South Michaelborough,Sweden,2023-12-06,1
20228287,302,1279,9,65,6,4,9,930.13,765.31,164.82,922.93,915.59,P0302,Aftertreatment Product 302,Aftertreatment,269,636,C01279,Cordova-Shields,Distributor,Transportation,Port Jasonborough,Netherlands,2024-10-25,1
20248584,429,4542,2,45,2,2,17,4660.73,3166.63,1494.1,4539.78,4994.89,P0429,Aftertreatment Product 429,Aftertreatment,463,540,C04542,"Thomas, Wilson and Hunter",Fleet,Manufacturing,Ericafort,Netherlands,2017-08-10,1
20249510,149,1650,9,99,2,4,1,4346.17,3785.04,561.13,4514.77,4351.7,P0149,Sensors Product 149,Sensors,441,408,C01650,Smith-Hensley,OEM,Automotive,South Peterbury,Sweden,2019-06-24,1
20227881,48,3408,9,106,5,5,16,810.87,659.92,150.95,835.93,863.08,P0048,Electronics Product 48,Electronics,394,857,C03408,Olson-Lopez,OEM,Manufacturing,Oliviamouth,Sweden,2020-08-05,1
20223907,195,327,10,79,5,2,9,2297.9,1706.12,591.78,2267.54,2521.09,P0195,Fuel Systems Product 195,Fuel Systems,417,373,C00327,Smith-Cantrell,Fleet,Manufacturing,Howardtown,Germany,2025-03-18,1
20239154,352,1109,1,97,8,2,9,883.65,530.62,353.03,887.05,886.31,P0352,Filtration Product 352,Filtration,317,686,C01109,"Moreno, Hoffman and Hansen",Fleet,Automotive,North Brenda,Belgium,2022-06-30,1
20224360,48,4623,9,3,7,5,20,1094.65,728.2,366.45,1081.38,1199.68,P0048,Electronics Product 48,Electronics,394,857,C04623,Levine-Ramirez,OEM,Automotive,Port Robert,Sweden,2024-07-11,1
20223564,57,1436,7,85,3,3,1,3009.81,2022.39,987.42,3009.19,3145.83,P0057,Filtration Product 57,Filtration,182,606,C01436,Evans Inc,Fleet,Manufacturing,Jacobsport,Italy,2024-09-09,1
20223077,264,4680,8,74,8,1,9,2848.75,2443.95,404.8,2924.21,2990.48,P0264,Electronics Product 264,Electronics,85,333,C04680,Lewis-Odom,Fleet,Manufacturing,Ruizside,Germany,2018-06-29,1
20246583,179,1803,10,81,8,4,17,4423.14,3756.66,666.48,4507.94,4291.46,P0179,Sensors Product 179,Sensors,202,270,C01803,"Taylor, Bolton and Summers",Distributor,Manufacturing,Port Jenniferstad,France,2022-03-25,1
20239217,331,2791,9,13,1,3,14,3054.29,2416.55,637.74,3121.4,3024.05,P0331,Cooling Systems Product 331,Cooling Systems,438,820,C02791,Howard-Manning,Fleet,Transportation,Lake Taylorbury,Spain,2019-10-18,1
20240716,337,2144,4,108,9,2,9,2402.07,1707.23,694.84,2376.75,2299.92,P0337,Fuel Systems Product 337,Fuel Systems,309,846,C02144,Chavez-Reyes,OEM,Manufacturing,East Bradley,France,2020-12-16,1
20260047,477,352,10,29,7,1,6,553.15,442.08,111.07,558.54,563.19,P0477,Aftertreatment Product 477,Aftertreatment,143,204,C00352,Diaz Inc,Distributor,Transportation,Griffinberg,Spain,2016-10-08,1
20232015,97,29,4,48,5,3,15,4529.36,3469.53,1059.83,4316.0,4872.07,P0097,Turbochargers Product 97,Turbochargers,328,510,C00029,Yoder and Sons,OEM,Automotive,Hornborough,France,2018-03-01,1
20233134,476,3199,1,75,5,1,11,4642.18,4031.86,610.32,4693.18,4811.73,P0476,Sensors Product 476,Sensors,212,959,C03199,"Johnson, Smith and Kaiser",OEM,Automotive,South Raymondstad,France,2022-05-11,1
20242459,282,2508,1,108,8,5,20,2165.55,1679.03,486.52,2163.92,2324.24,P0282,Sensors Product 282,Sensors,228,207,C02508,"Bruce, Proctor and Vang",Fleet,Manufacturing,Port Teresaton,Sweden,2022-12-31,1
20252279,132,1117,7,30,1,4,7,764.75,664.8,99.95,801.7,769.26,P0132,Electronics Product 132,Electronics,363,596,C01117,Howard-Brown,Fleet,Automotive,Acostaview,Italy,2024-03-15,1
20229712,22,2310,3,102,9,4,17,2148.6,1886.41,262.19,2162.45,2154.46,P0022,Fuel Systems Product 22,Fuel Systems,161,526,C02310,"Melendez, Thompson and Shaw",Fleet,Automotive,Rhondastad,Spain,2017-02-12,1
20239567,99,4228,9,29,3,1,1,3960.21,3467.13,493.08,3781.39,4250.43,P0099,Fuel Systems Product 99,Fuel Systems,88,252,C04228,Hardy-Wells,OEM,Transportation,Sheafurt,Germany,2024-07-03,1
20248669,454,4569,1,105,10,3,4,4343.65,3325.2,1018.45,4525.14,4765.34,P0454,Cooling Systems Product 454,Cooling Systems,141,632,C04569,Wilson Ltd,Fleet,Automotive,Dawnmouth,Poland,2025-03-02,1
20222382,381,1072,10,89,7,3,4,4161.04,3003.23,1157.81,4054.81,4026.34,P0381,Filtration Product 381,Filtration,81,103,C01072,"Gibson, Ferguson and Fernandez",OEM,Transportation,Boothfurt,Poland,2025-03-21,1
20231210,426,111,7,102,8,1,4,4291.49,3440.58,850.91,4342.94,4424.87,P0426,Turbochargers Product 426,Turbochargers,67,778,C00111,Doyle-Marshall,Distributor,Automotive,New Bruce,Poland,2023-02-13,1
20226776,316,4270,10,55,4,3,16,317.54,271.38,46.16,317.36,323.96,P0316,Aftertreatment Product 316,Aftertreatment,412,807,C04270,Ward Group,Distributor,Manufacturing,Lake Scott,Poland,2021-10-31,1
20228249,311,156,2,86,2,4,6,2115.69,1401.15,714.54,2157.02,2254.95,P0311,Sensors Product 311,Sensors,256,601,C00156,"Taylor, Reed and Barnes",Fleet,Manufacturing,Jacobborough,Germany,2023-10-18,1
20229598,95,3977,1,65,1,2,10,4574.13,3834.4,739.73,4476.5,5011.6,P0095,Aftertreatment Product 95,Aftertreatment,466,868,C03977,Olson-Smith,Fleet,Automotive,Sarahmouth,Belgium,2018-11-24,1
20250211,68,1727,5,28,1,1,16,713.21,625.02,88.19,677.55,721.53,P0068,Filtration Product 68,Filtration,120,182,C01727,Fisher-Taylor,Fleet,Transportation,East Brian,Germany,2017-12-03,1
20226351,14,2168,1,14,8,5,6,2764.93,2165.59,599.34,2869.49,2665.08,P0014,Electronics Product 14,Electronics,120,660,C02168,"Collins, Bailey and Frye",Fleet,Manufacturing,New Angela,Spain,2023-08-29,1
20237339,319,2111,5,119,2,5,2,2608.2,2263.32,344.88,2534.24,2520.64,P0319,Aftertreatment Product 319,Aftertreatment,233,504,C02111,"Marshall, Ewing and Hansen",Fleet,Automotive,West Brentstad,Poland,2021-09-22,1
20234517,101,4431,2,10,2,5,9,927.53,556.81,370.72,951.47,953.24,P0101,Turbochargers Product 101,Turbochargers,215,334,C04431,"Bailey, Young and Lawrence",OEM,Automotive,Kevinburgh,Belgium,2021-09-22,1
20240380,285,4435,1,112,10,4,20,4118.04,2914.94,1203.1,3985.37,4103.71,P0285,Turbochargers Product 285,Turbochargers,252,155,C04435,Mueller Ltd,Fleet,Transportation,Port Tracyland,Italy,2018-03-22,1
20236838,463,158,1,1,5,2,15,428.46,347.93,80.53,430.8,462.31,P0463,Sensors Product 463,Sensors,387,229,C00158,Caldwell-Jimenez,OEM,Manufacturing,Melissamouth,Sweden,2019-01-30,1
20232327,103,2755,2,34,9,2,20,4000.5,3573.3,427.2,3912.88,3806.45,P0103,Turbochargers Product 103,Turbochargers,153,188,C02755,Gibson LLC,Distributor,Manufacturing,New Robert,Poland,2026-04-12,1
20241111,291,405,4,42,7,5,10,4744.08,4045.68,698.4,4789.85,4656.9,P0291,Cooling Systems Product 291,Cooling Systems,130,620,C00405,"Perez, Jacobson and Matthews",Fleet,Automotive,Seanshire,Spain,2018-04-05,1
20260055,448,3175,6,85,3,3,17,1470.84,896.81,574.03,1494.5,1600.95,P0448,Cooling Systems Product 448,Cooling Systems,64,439,C03175,Richmond-Floyd,OEM,Manufacturing,North Kevin,Italy,2018-11-08,1
20234205,338,1728,5,17,7,3,3,1325.46,1064.83,260.63,1312.73,1342.54,P0338,Electronics Product 338,Electronics,279,674,C01728,Spencer LLC,Distributor,Automotive,West Lori,Belgium,2025-08-13,1
20229007,80,4235,9,7,6,2,13,3007.86,1928.72,1079.14,3062.44,2936.4,P0080,Aftertreatment Product 80,Aftertreatment,365,577,C04235,Castillo-Wells,Distributor,Automotive,Josephside,Spain,2021-02-09,1
20228955,416,4799,6,52,1,1,2,3287.53,2705.31,582.22,3402.25,3130.74,P0416,Electronics Product 416,Electronics,125,422,C04799,Williams-Ramsey,OEM,Transportation,East Cynthiaside,Austria,2018-11-30,1
20252212,177,1012,6,17,7,3,2,2690.77,2153.18,537.59,2727.37,2574.94,P0177,Turbochargers Product 177,Turbochargers,253,190,C01012,"Pope, Strong and Johnson",OEM,Transportation,Jonesberg,Netherlands,2025-05-26,1
20255302,426,1309,1,92,7,2,8,2017.52,1613.8,403.72,2046.04,2158.17,P0426,Turbochargers Product 426,Turbochargers,67,778,C01309,Thomas PLC,Distributor,Transportation,West Annaville,Spain,2017-05-18,1
20252590,87,303,4,28,9,2,13,1443.83,1093.03,350.8,1378.31,1437.82,P0087,Turbochargers Product 87,Turbochargers,199,502,C00303,"Gray, Reyes and Mitchell",OEM,Automotive,Higginsshire,Austria,2026-06-13,1
20243600,401,4573,1,1,1,5,19,708.7,428.07,280.63,686.09,733.49,P0401,Electronics Product 401,Electronics,66,264,C04573,Jones-Lozano,OEM,Automotive,East Debbieland,Sweden,2020-05-18,1
20227377,210,3155,8,75,9,5,7,4901.65,4401.61,500.04,4673.51,5113.73,P0210,Sensors Product 210,Sensors,381,886,C03155,Holloway LLC,OEM,Automotive,Fernandezfort,Poland,2017-01-09,1
20223443,123,966,9,50,5,5,15,3666.79,3085.27,581.52,3768.32,3745.32,P0123,Cooling Systems Product 123,Cooling Systems,147,719,C00966,"Martinez, Schroeder and Fitzpatrick",Fleet,Automotive,Jamesland,Sweden,2019-01-02,1
20245934,16,4107,8,57,2,2,16,4258.19,2954.19,1304.0,4138.04,4558.73,P0016,Turbochargers Product 16,Turbochargers,269,629,C04107,"Gallagher, Schmidt and Rollins",Fleet,Automotive,Clarkberg,Poland,2019-03-29,1
20251434,74,434,7,119,1,5,15,1009.24,805.32,203.92,1037.86,1085.36,P0074,Sensors Product 74,Sensors,140,914,C00434,Cooper PLC,OEM,Automotive,East Charlesmouth,Italy,2023-08-29,1
20257421,2,1744,2,18,4,3,4,3239.55,2173.41,1066.14,3117.71,3432.63,P0002,Aftertreatment Product 2,Aftertreatment,342,443,C01744,Miller Group,OEM,Automotive,Gentrytown,Germany,2024-01-09,1
20240921,339,930,6,13,5,3,3,304.8,225.95,78.85,309.22,315.35,P0339,Cooling Systems Product 339,Cooling Systems,290,786,C00930,"Nelson, Frederick and Davenport",Fleet,Transportation,Lake Abigail,Poland,2017-02-14,1
20238565,49,3194,6,116,3,4,14,4795.39,3784.74,1010.65,4713.97,5271.36,P0049,Electronics Product 49,Electronics,139,685,C03194,Roth-Adkins,OEM,Manufacturing,Jonesburgh,Belgium,2019-06-20,1
20247750,418,1555,6,102,3,4,4,4557.6,3729.83,827.77,4340.0,4550.78,P0418,Sensors Product 418,Sensors,65,522,C01555,Little-Murray,Distributor,Manufacturing,Meganton,Italy,2018-01-02,1
20238493,239,4904,10,14,1,2,3,435.88,325.77,110.11,429.29,439.92,P0239,Fuel Systems Product 239,Fuel Systems,362,107,C04904,Ward-Thompson,Distributor,Automotive,Timothyhaven,Austria,2025-10-05,1
20253027,321,963,7,82,7,1,1,247.77,184.28,63.49,238.14,260.88,P0321,Cooling Systems Product 321,Cooling Systems,340,488,C00963,"Perkins, Whitehead and Lamb",OEM,Transportation,West Josephside,Netherlands,2017-06-21,1
20237691,383,3761,5,94,5,5,5,4319.85,2859.25,1460.6,4283.97,4412.54,P0383,Electronics Product 383,Electronics,446,491,C03761,Bray Group,Fleet,Manufacturing,Lesliemouth,Germany,2024-12-31,1
20243438,431,4333,5,75,2,5,20,1326.46,867.27,459.19,1335.13,1396.73,P0431,Fuel Systems Product 431,Fuel Systems,367,503,C04333,Barnett-Knight,Distributor,Manufacturing,East Richard,France,2020-08-31,1
20234841,417,2179,6,45,2,1,12,4209.37,3156.24,1053.13,4169.23,4553.41,P0417,Fuel Systems Product 417,Fuel Systems,346,907,C02179,"Alexander, Rocha and Waters",OEM,Automotive,New Emily,Belgium,2023-03-20,1
20249427,140,4642,6,63,6,5,18,4420.15,3681.43,738.72,4519.69,4543.15,P0140,Filtration Product 140,Filtration,197,391,C04642,Smith-Mcgrath,OEM,Manufacturing,Zhangshire,Sweden,2021-05-22,1
20229742,146,3232,9,66,9,4,9,4793.37,3696.31,1097.06,4945.77,4867.61,P0146,Fuel Systems Product 146,Fuel Systems,401,816,C03232,Garner and Sons,OEM,Manufacturing,South Alexmouth,Germany,2021-02-26,1
20237637,213,487,7,69,8,4,11,1056.92,669.41,387.51,1090.24,1052.14,P0213,Fuel Systems Product 213,Fuel Systems,382,243,C00487,"Rodriguez, Fuller and Valencia",OEM,Manufacturing,North Joseton,Poland,2018-10-06,1
20236651,433,4026,6,111,7,1,6,4820.63,4161.92,658.71,4828.9,4812.17,P0433,Turbochargers Product 433,Turbochargers,231,779,C04026,Bennett-Flores,OEM,Transportation,South Madeline,Poland,2022-02-05,1
20252144,158,4452,6,18,2,5,5,3611.38,2498.97,1112.41,3670.8,3725.4,P0158,Filtration Product 158,Filtration,101,235,C04452,Zimmerman-Higgins,OEM,Manufacturing,Robertberg,Austria,2024-03-27,1
20229692,354,3131,7,118,4,3,8,836.45,705.07,131.38,798.82,884.66,P0354,Sensors Product 354,Sensors,291,182,C03131,Frazier and Sons,Fleet,Manufacturing,Lake James,Italy,2018-06-04,1
20221171,142,2216,10,43,2,4,20,4725.3,3695.71,1029.59,4901.63,5077.77,P0142,Sensors Product 142,Sensors,199,694,C02216,"Fisher, Price and Myers",Distributor,Transportation,Port Lauren,France,2022-03-26,1
20242464,271,3616,5,34,3,1,7,588.44,526.51,61.93,589.78,633.02,P0271,Turbochargers Product 271,Turbochargers,236,400,C03616,Gomez Group,Fleet,Automotive,Gabriellachester,Netherlands,2020-02-19,1
20245325,345,4509,2,32,8,3,7,1178.6,804.57,374.03,1130.59,1131.77,P0345,Electronics Product 345,Electronics,104,632,C04509,"Becker, Galloway and Hester",Distributor,Transportation,Lake Ryan,Poland,2023-06-04,1
20252593,304,3330,2,35,5,5,12,3428.88,2607.24,821.64,3453.01,3726.79,P0304,Turbochargers Product 304,Turbochargers,379,394,C03330,Bennett Ltd,OEM,Manufacturing,Moniqueborough,Germany,2017-04-02,1
20256676,362,4643,6,57,4,1,6,3695.0,2674.22,1020.78,3784.67,3581.84,P0362,Filtration Product 362,Filtration,404,144,C04643,"Kirk, Gentry and Scott",OEM,Manufacturing,Johnsonfort,France,2024-04-05,1
20224822,135,2001,3,106,3,4,1,3290.01,2535.61,754.4,3437.76,3139.73,P0135,Turbochargers Product 135,Turbochargers,137,641,C02001,Salazar-Young,Fleet,Transportation,West Kathrynburgh,Sweden,2022-06-22,1
20249522,473,757,4,85,2,3,8,4735.14,3327.77,1407.37,4849.99,4676.81,P0473,Aftertreatment Product 473,Aftertreatment,413,797,C00757,"Carter, Hansen and Mccarthy",Fleet,Transportation,New Lisabury,Germany,2021-02-19,1
20249468,24,829,1,25,5,2,9,2178.2,1388.36,789.84,2148.54,2093.89,P0024,Aftertreatment Product 24,Aftertreatment,382,526,C00829,"Gardner, Jennings and Melendez",Distributor,Manufacturing,Lake Jonathanton,Spain,2025-08-26,1
20242668,389,684,5,89,6,2,9,2314.21,1869.21,445.0,2222.73,2396.61,P0389,Aftertreatment Product 389,Aftertreatment,339,386,C00684,Tucker Ltd,Distributor,Automotive,Popeshire,Netherlands,2018-11-02,1
20222469,402,539,4,47,2,4,14,174.03,127.39,46.64,177.03,178.13,P0402,Sensors Product 402,Sensors,229,502,C00539,Johnson-Shaw,OEM,Automotive,Deborahside,Poland,2018-10-25,1
20229760,235,996,9,81,6,4,13,3125.69,2255.6,870.09,3128.83,2980.09,P0235,Aftertreatment Product 235,Aftertreatment,401,732,C00996,Miller Ltd,Distributor,Transportation,New Kathleen,Spain,2023-03-04,1
20225567,345,3067,3,73,2,2,8,4204.61,3196.88,1007.73,4285.42,4427.31,P0345,Electronics Product 345,Electronics,104,632,C03067,"Maddox, Lutz and Frank",Distributor,Automotive,Stoneton,France,2024-06-05,1
20223190,360,3935,1,42,1,3,11,565.88,436.25,129.63,592.88,559.35,P0360,Fuel Systems Product 360,Fuel Systems,421,830,C03935,Hill-Owen,Distributor,Transportation,Lake Juanchester,Poland,2026-07-30,1
20234947,165,3626,9,26,9,5,1,4582.02,2953.16,1628.86,4622.05,4953.44,P0165,Turbochargers Product 165,Turbochargers,126,845,C03626,Guerrero-Anderson,Fleet,Manufacturing,East Travis,Austria,2018-12-17,1
20244335,44,4154,7,78,10,2,4,4404.13,3702.75,701.38,4479.24,4282.98,P0044,Electronics Product 44,Electronics,254,373,C04154,"Ross, Fuentes and Obrien",Fleet,Automotive,Lake Roseville,Italy,2022-02-04,1
20260607,293,2115,1,20,1,2,11,4469.38,3829.31,640.07,4493.04,4418.43,P0293,Sensors Product 293,Sensors,124,541,C02115,Thomas-Sellers,OEM,Manufacturing,Port Mark,Belgium,2025-12-13,1
20250140,77,2453,10,61,1,4,8,3560.33,2735.08,825.25,3581.48,3747.73,P0077,Filtration Product 77,Filtration,270,390,C02453,Mason-Ruiz,Distributor,Transportation,Savannahtown,Sweden,2019-06-20,1
20252032,302,4851,3,116,2,3,12,2259.88,1673.22,586.66,2308.24,2167.9,P0302,Aftertreatment Product 302,Aftertreatment,269,636,C04851,"Huynh, Perez and Gomez",Distributor,Manufacturing,South Marvin,Germany,2019-07-08,1
20258871,267,4875,8,16,1,1,5,2725.89,2046.14,679.75,2799.32,2740.77,P0267,Turbochargers Product 267,Turbochargers,306,322,C04875,"Johnson, Powell and Collins",OEM,Automotive,Stephanieside,Spain,2021-05-31,1
20241659,434,4331,10,10,10,1,6,3595.2,2724.04,871.16,3436.08,3682.31,P0434,Sensors Product 434,Sensors,70,783,C04331,Martin Ltd,Distributor,Transportation,Lake Shane,Italy,2026-06-28,1
20236239,180,2375,5,36,7,5,14,2800.37,2213.87,586.5,2708.79,2773.66,P0180,Filtration Product 180,Filtration,163,558,C02375,Powers-Combs,Distributor,Automotive,South Jeffrey,Italy,2018-07-13,1
20239042,477,3437,9,97,2,1,3,2799.52,2161.15,638.37,2771.02,2783.9,P0477,Aftertreatment Product 477,Aftertreatment,143,204,C03437,"Grant, Berg and Valenzuela",OEM,Transportation,East Shawnborough,Poland,2017-02-10,1
20231006,452,4058,4,3,10,2,6,1337.39,1109.15,228.24,1307.72,1465.27,P0452,Aftertreatment Product 452,Aftertreatment,397,753,C04058,Franklin-Francis,Distributor,Automotive,Banksmouth,Poland,2023-03-03,1
20241802,242,1777,5,22,5,3,17,3934.97,3256.54,678.43,4105.45,4213.74,P0242,Aftertreatment Product 242,Aftertreatment,231,167,C01777,James Ltd,Distributor,Transportation,Michelebury,Germany,2023-01-29,1
20230462,126,913,2,9,10,3,19,3375.61,2078.22,1297.39,3252.65,3330.89,P0126,Cooling Systems Product 126,Cooling Systems,302,414,C00913,Wright PLC,Distributor,Automotive,Melissaland,Poland,2017-04-15,1
20260834,146,2358,8,60,4,5,18,499.36,326.83,172.53,518.49,482.43,P0146,Fuel Systems Product 146,Fuel Systems,401,816,C02358,"Gonzalez, Moreno and Torres",Distributor,Transportation,Port Joshuaside,Spain,2019-08-06,1
20240136,489,4037,5,114,1,4,11,3935.19,3084.82,850.37,4110.19,3747.26,P0489,Cooling Systems Product 489,Cooling Systems,159,158,C04037,Jimenez and Sons,OEM,Manufacturing,Millermouth,Spain,2017-04-06,1
20250483,81,3153,8,26,3,4,16,3473.93,2218.79,1255.14,3626.35,3629.92,P0081,Cooling Systems Product 81,Cooling Systems,246,679,C03153,"Taylor, Villa and Vega",Fleet,Transportation,West Brandonborough,Austria,2017-06-21,1
20220482,352,4133,8,12,3,4,18,2041.33,1772.72,268.61,2018.04,2131.16,P0352,Filtration Product 352,Filtration,317,686,C04133,"Santos, Garcia and Vazquez",Fleet,Transportation,Mariaport,Spain,2018-12-02,1
20220751,314,2852,6,2,10,4,20,4049.02,3601.48,447.54,4230.45,4245.18,P0314,Sensors Product 314,Sensors,460,598,C02852,Leach-Maldonado,Fleet,Transportation,Jenkinsview,Austria,2022-02-07,1
20254273,404,4176,5,77,3,1,11,4731.89,3366.44,1365.45,4588.51,4925.16,P0404,Fuel Systems Product 404,Fuel Systems,366,655,C04176,Griffin-Green,OEM,Manufacturing,Careyberg,Spain,2024-11-29,1
20225978,23,2569,4,101,7,3,16,2964.65,2459.64,505.01,3069.5,2857.34,P0023,Filtration Product 23,Filtration,188,256,C02569,Bryan-Ramos,Fleet,Manufacturing,Mendezfort,Spain,2026-02-27,1
20225330,150,3399,6,7,1,3,2,599.0,538.48,60.52,576.46,598.04,P0150,Sensors Product 150,Sensors,296,856,C03399,Bautista Inc,Fleet,Transportation,East Jacqueline,Netherlands,2019-01-11,1
20227552,79,4603,5,28,7,1,9,4641.16,3027.8,1613.36,4670.54,5065.39,P0079,Fuel Systems Product 79,Fuel Systems,182,426,C04603,"Simpson, Hickman and Robertson",Fleet,Transportation,Port Coreybury,Italy,2020-08-10,1
20226652,333,561,7,104,10,1,17,527.92,335.29,192.63,524.81,543.93,P0333,Aftertreatment Product 333,Aftertreatment,409,194,C00561,Hardin-Stewart,Fleet,Transportation,East Karachester,Poland,2022-01-31,1
20246562,134,2752,3,20,10,3,11,4110.52,2934.37,1176.15,3917.56,4509.68,P0134,Fuel Systems Product 134,Fuel Systems,256,227,C02752,Lambert LLC,Fleet,Manufacturing,Leeburgh,Sweden,2021-07-23,1
20221725,24,1600,10,90,6,1,8,711.35,577.15,134.2,699.98,705.27,P0024,Aftertreatment Product 24,Aftertreatment,382,526,C01600,"Martin, Bennett and Pham",Distributor,Transportation,Brennantown,Belgium,2025-07-16,1
20239905,303,258,1,36,8,5,17,1483.51,964.73,518.78,1554.45,1629.63,P0303,Filtration Product 303,Filtration,472,223,C00258,Jones LLC,Distributor,Manufacturing,Lake Edwardfurt,Sweden,2022-10-15,1
20257311,213,946,2,109,5,3,16,1777.79,1451.87,325.92,1753.81,1881.9,P0213,Fuel Systems Product 213,Fuel Systems,382,243,C00946,Simpson Group,Fleet,Manufacturing,Christopherbury,Germany,2024-10-09,1
20248090,453,2109,8,80,8,3,6,2098.35,1340.86,757.49,2001.41,2240.88,P0453,Aftertreatment Product 453,Aftertreatment,450,357,C02109,Ruiz-Wilkinson,Fleet,Transportation,Kellybury,Austria,2024-06-28,1
20234282,439,5,10,74,4,3,17,4125.59,3145.49,980.1,4182.15,4305.54,P0439,Filtration Product 439,Filtration,399,853,C00005,"Mcneil, Ortiz and Reyes",Fleet,Automotive,Angelamouth,Austria,2023-07-03,1
20227149,367,2838,4,106,6,3,13,2440.6,1507.05,933.55,2535.52,2387.68,P0367,Sensors Product 367,Sensors,144,431,C02838,Simmons LLC,OEM,Manufacturing,Matthewborough,Sweden,2025-04-01,1
20245910,262,2485,2,98,4,1,6,3811.59,3298.56,513.03,3856.88,3662.19,P0262,Fuel Systems Product 262,Fuel Systems,206,497,C02485,Ochoa Ltd,OEM,Automotive,Riceburgh,France,2026-04-14,1
20234086,297,3298,8,102,4,3,9,2167.26,1425.98,741.28,2059.68,2190.4,P0297,Electronics Product 297,Electronics,158,281,C03298,Graham PLC,OEM,Manufacturing,New Thomas,Germany,2018-07-11,1
20222907,248,418,6,28,10,5,6,3352.29,2059.68,1292.61,3210.57,3660.9,P0248,Electronics Product 248,Electronics,231,1000,C00418,Fitzpatrick-Hamilton,Distributor,Manufacturing,Keithville,Germany,2021-05-27,1
20254456,456,3280,2,3,6,2,3,2122.15,1562.38,559.77,2149.23,2332.54,P0456,Sensors Product 456,Sensors,174,742,C03280,Dawson-Alvarez,Distributor,Manufacturing,Port Kimberlychester,Germany,2016-08-07,1
20253170,338,1298,5,22,1,1,20,2787.02,2498.57,288.45,2854.5,2761.87,P0338,Electronics Product 338,Electronics,279,674,C01298,Thomas PLC,OEM,Transportation,Perkinsland,Austria,2016-12-11,1
20243027,71,3385,5,101,5,3,4,4451.15,3914.7,536.45,4358.94,4393.27,P0071,Fuel Systems Product 71,Fuel Systems,497,663,C03385,White Inc,Distributor,Transportation,East Erin,Poland,2019-11-16,1
20238018,210,115,9,82,5,1,11,1945.98,1247.18,698.8,2018.15,2064.29,P0210,Sensors Product 210,Sensors,381,886,C00115,"Bauer, Luna and Nichols",Fleet,Manufacturing,Jenkinsland,Sweden,2018-06-04,1
20256660,124,489,8,65,4,2,13,4142.64,3016.22,1126.42,4010.7,4485.45,P0124,Turbochargers Product 124,Turbochargers,212,315,C00489,Cruz-Gilbert,OEM,Transportation,Kellyton,Germany,2023-09-27,1
20233831,496,3460,1,69,4,4,4,3430.98,2422.51,1008.47,3443.66,3757.67,P0496,Cooling Systems Product 496,Cooling Systems,116,953,C03460,Walker PLC,OEM,Automotive,Bradburgh,France,2022-05-22,1
20255538,88,2161,5,21,2,5,10,1379.88,1062.75,317.13,1360.01,1430.11,P0088,Filtration Product 88,Filtration,423,129,C02161,Hunt-Guerrero,Fleet,Automotive,West Sue,Belgium,2024-03-21,1
20246244,10,4008,9,71,2,3,9,2768.76,2429.08,339.68,2650.67,2663.94,P0010,Fuel Systems Product 10,Fuel Systems,65,148,C04008,"Cole, Roberson and Smith",Distributor,Automotive,North Cody,Poland,2022-12-14,1
20246041,91,2684,6,33,4,1,18,4988.85,3159.4,1829.45,4984.15,4778.64,P0091,Aftertreatment Product 91,Aftertreatment,132,595,C02684,Walker Group,Fleet,Manufacturing,North Deniseborough,Sweden,2021-07-27,1
20246505,446,2936,4,20,7,1,8,4138.11,3098.35,1039.76,4182.83,4378.45,P0446,Fuel Systems Product 446,Fuel Systems,211,595,C02936,Summers and Sons,Distributor,Transportation,Alyssafurt,France,2021-08-15,1
20244521,88,1999,6,86,2,3,13,3034.7,1858.09,1176.61,2913.22,3117.11,P0088,Filtration Product 88,Filtration,423,129,C01999,"Moss, Walker and Banks",Distributor,Automotive,Jacksonburgh,Italy,2019-04-25,1
20255024,202,167,5,37,2,1,5,1833.85,1582.05,251.8,1866.32,1890.8,P0202,Turbochargers Product 202,Turbochargers,235,182,C00167,Dodson-Davis,OEM,Automotive,Villegasmouth,Spain,2025-12-24,1
20226664,258,1381,9,69,9,3,9,3179.07,1940.31,1238.76,3115.9,3119.83,P0258,Filtration Product 258,Filtration,160,553,C01381,Diaz and Sons,Fleet,Transportation,North Gloriaburgh,Belgium,2018-08-24,1
20242343,393,237,5,27,5,3,4,4446.04,3966.21,479.83,4294.31,4819.07,P0393,Cooling Systems Product 393,Cooling Systems,344,957,C00237,Stephens-Johnson,Fleet,Automotive,Jonesstad,France,2023-03-22,1
20222976,129,3006,8,65,6,5,2,1067.05,859.45,207.6,1016.63,1068.48,P0129,Cooling Systems Product 129,Cooling Systems,371,337,C03006,"Jones, Vargas and Jefferson",Fleet,Automotive,Port Lorihaven,Sweden,2017-07-01,1
20229657,310,3958,8,53,1,1,12,486.6,404.0,82.6,500.29,534.83,P0310,Filtration Product 310,Filtration,299,806,C03958,"Chung, Norris and Mills",Fleet,Automotive,North Robert,France,2023-01-30,1
20258381,288,883,8,5,9,2,19,2166.74,1899.07,267.67,2078.41,2277.23,P0288,Sensors Product 288,Sensors,78,583,C00883,Taylor-Randall,OEM,Manufacturing,Lake Mary,Austria,2018-03-01,1
20249163,312,1552,4,54,3,1,19,344.13,259.24,84.89,327.58,349.36,P0312,Fuel Systems Product 312,Fuel Systems,67,419,C01552,Jones-White,OEM,Automotive,Andersonshire,Belgium,2017-07-23,1
20251599,450,2286,5,33,9,2,5,4903.36,3350.84,1552.52,4705.41,4881.57,P0450,Sensors Product 450,Sensors,333,866,C02286,Love Ltd,Distributor,Manufacturing,East Jenniferfort,Spain,2023-04-10,1
20249865,355,566,2,55,7,1,19,452.23,323.49,128.74,437.61,457.63,P0355,Electronics Product 355,Electronics,166,924,C00566,"Davis, Wilson and Mcneil",Distributor,Transportation,Millershire,Germany,2017-01-13,1
20244805,327,3547,1,29,2,5,16,635.63,570.06,65.57,662.79,646.74,P0327,Electronics Product 327,Electronics,109,522,C03547,Grant-Khan,Fleet,Transportation,Christinaville,Spain,2016-09-20,1
20236694,371,2718,7,56,10,1,12,3199.73,2639.36,560.37,3138.48,3214.77,P0371,Cooling Systems Product 371,Cooling Systems,109,912,C02718,"Gomez, Perez and Palmer",OEM,Manufacturing,North Scottberg,Italy,2021-10-09,1
20243247,377,903,10,76,8,2,10,3990.43,2613.36,1377.07,4075.66,4270.94,P0377,Electronics Product 377,Electronics,179,258,C00903,"Carpenter, Fischer and Byrd",OEM,Automotive,Elizabethmouth,Austria,2024-10-23,1
20225460,70,4583,10,12,4,5,14,4600.1,3887.07,713.03,4495.72,4956.79,P0070,Turbochargers Product 70,Turbochargers,115,117,C04583,Taylor LLC,Distributor,Manufacturing,Lake Allenberg,Germany,2021-11-04,1
20242050,216,1715,9,58,3,3,6,3019.82,2615.2,404.62,2976.37,3018.15,P0216,Cooling Systems Product 216,Cooling Systems,366,240,C01715,Cruz-Rodriguez,Fleet,Manufacturing,West Gary,Austria,2021-12-21,1
20252657,104,511,1,14,1,3,1,4070.85,2583.18,1487.67,3874.66,4156.77,P0104,Sensors Product 104,Sensors,395,283,C00511,Bishop Inc,Distributor,Automotive,Lake Davidton,Italy,2021-01-21,1
20230394,171,1964,4,110,1,2,5,222.32,157.8,64.52,217.9,213.0,P0171,Cooling Systems Product 171,Cooling Systems,353,541,C01964,Phillips-Myers,OEM,Transportation,West Thomas,Poland,2018-09-08,1
20254619,446,39,6,22,8,2,5,2909.0,1919.36,989.64,2778.8,3157.92,P0446,Fuel Systems Product 446,Fuel Systems,211,595,C00039,Rosales Inc,Fleet,Automotive,West Lindaland,Italy,2025-10-24,1
20223338,444,3511,4,61,8,3,9,569.01,412.95,156.06,594.59,605.04,P0444,Sensors Product 444,Sensors,216,648,C03511,Hernandez-Kim,OEM,Automotive,Lake Jessicaside,Italy,2019-10-30,1
20223425,485,4846,6,57,5,2,12,344.92,289.29,55.63,358.51,351.72,P0485,Aftertreatment Product 485,Aftertreatment,458,554,C04846,"Howard, Rodriguez and Herrera",Fleet,Manufacturing,North Paul,Germany,2024-01-24,1
20230743,273,851,1,8,7,3,20,1292.02,1029.86,262.16,1313.55,1313.7,P0273,Electronics Product 273,Electronics,359,829,C00851,Barajas-Brown,Distributor,Automotive,North Cynthiaville,Poland,2023-07-22,1
20244684,242,2398,4,10,10,4,4,2420.85,1491.63,929.22,2518.31,2494.8,P0242,Aftertreatment Product 242,Aftertreatment,231,167,C02398,"Torres, Mullins and Davis",OEM,Transportation,North Stephen,Germany,2023-07-09,1
20238205,267,4119,7,87,1,1,6,2376.79,1921.73,455.06,2486.92,2340.05,P0267,Turbochargers Product 267,Turbochargers,306,322,C04119,Wilkinson-Williamson,Fleet,Transportation,New Markview,Belgium,2018-04-25,1
20239156,491,1505,9,18,6,2,10,802.75,511.98,290.77,811.42,860.14,P0491,Filtration Product 491,Filtration,377,254,C01505,Smith-Thomas,OEM,Manufacturing,South Maria,Italy,2023-07-09,1
20254344,370,1511,9,25,4,3,14,1419.26,1004.63,414.63,1411.3,1528.29,P0370,Cooling Systems Product 370,Cooling Systems,487,266,C01511,Spencer-Garcia,Fleet,Transportation,South Heather,Austria,2019-12-21,1
20239742,333,4456,5,48,1,3,4,1726.55,1271.81,454.74,1744.62,1852.38,P0333,Aftertreatment Product 333,Aftertreatment,409,194,C04456,"Casey, Willis and Lewis",OEM,Automotive,Samanthabury,Sweden,2019-01-29,1
20227508,475,928,3,78,7,1,13,2174.71,1817.36,357.35,2220.05,2102.93,P0475,Cooling Systems Product 475,Cooling Systems,469,481,C00928,Jenkins-Hernandez,Fleet,Manufacturing,Greenhaven,Germany,2017-03-20,1
20242850,60,2105,3,64,6,5,12,4575.18,3876.36,698.82,4682.32,4742.41,P0060,Cooling Systems Product 60,Cooling Systems,86,746,C02105,Hernandez-Bowen,Fleet,Transportation,Port Shelly,Poland,2020-01-03,1
20225094,309,4158,10,41,9,2,10,1358.65,1172.33,186.32,1330.61,1297.24,P0309,Filtration Product 309,Filtration,421,447,C04158,Wallace-Stewart,Fleet,Transportation,Tuckerborough,Poland,2025-08-14,1
20233389,270,2850,5,57,6,3,16,3052.67,2329.34,723.33,3116.65,3263.38,P0270,Filtration Product 270,Filtration,334,441,C02850,Adams and Sons,Fleet,Automotive,Port Kristie,Austria,2021-07-30,1
20233973,370,1697,5,100,8,2,10,2514.81,2112.53,402.28,2437.64,2707.5,P0370,Cooling Systems Product 370,Cooling Systems,487,266,C01697,Wong PLC,Distributor,Transportation,Andersonhaven,Spain,2022-03-29,1
20260594,250,998,4,42,3,5,3,4577.99,3308.36,1269.63,4657.37,4442.12,P0250,Filtration Product 250,Filtration,54,887,C00998,Conner-Norton,Distributor,Automotive,North Samuel,Sweden,2020-10-20,1
20222739,304,340,5,2,9,3,16,4315.1,3623.14,691.96,4278.47,4541.25,P0304,Turbochargers Product 304,Turbochargers,379,394,C00340,Johnson-Hernandez,Distributor,Manufacturing,West Madisonstad,Poland,2020-12-03,1
20255231,483,2683,3,88,7,3,11,1044.58,639.81,404.77,1013.45,1071.68,P0483,Cooling Systems Product 483,Cooling Systems,190,504,C02683,Baldwin Ltd,OEM,Automotive,North Brianburgh,France,2025-12-03,1
20245837,367,4669,6,67,7,3,10,772.85,553.41,219.44,776.46,779.76,P0367,Sensors Product 367,Sensors,144,431,C04669,"Flores, Kelley and Morales",Distributor,Manufacturing,Stevenfort,Austria,2024-08-15,1
20221048,242,1662,4,58,2,3,8,1728.7,1317.84,410.86,1763.29,1785.17,P0242,Aftertreatment Product 242,Aftertreatment,231,167,C01662,"Freeman, Peterson and Flores",Fleet,Manufacturing,New Ashleyside,Italy,2026-02-27,1
20227775,368,2492,9,19,7,3,4,4659.49,2817.36,1842.13,4587.99,4782.26,P0368,Turbochargers Product 368,Turbochargers,140,695,C02492,Brown-Williamson,OEM,Manufacturing,East Jennifer,Sweden,2025-08-19,1
20225157,305,2373,5,6,9,1,6,1635.47,1037.56,597.91,1563.26,1694.98,P0305,Turbochargers Product 305,Turbochargers,461,501,C02373,Mejia-Scott,OEM,Automotive,North Angela,Belgium,2017-12-22,1
20228859,150,4713,2,42,4,3,13,4224.17,2809.18,1414.99,4231.22,4493.38,P0150,Sensors Product 150,Sensors,296,856,C04713,"Parker, Matthews and Elliott",Fleet,Transportation,South Anthony,Spain,2024-11-08,1
20240332,268,2693,2,76,6,2,1,1737.18,1216.28,520.9,1758.62,1788.32,P0268,Sensors Product 268,Sensors,491,116,C02693,"Mccoy, Willis and Hahn",Fleet,Transportation,East Ivan,Belgium,2023-10-25,1
20234372,361,4057,9,23,9,2,14,3141.98,2049.97,1092.01,3207.31,3111.69,P0361,Turbochargers Product 361,Turbochargers,486,137,C04057,Morgan and Sons,Distributor,Automotive,Mendozatown,Spain,2018-04-21,1
20253805,222,4798,5,48,9,2,13,3667.37,2804.78,862.59,3786.96,3813.35,P0222,Cooling Systems Product 222,Cooling Systems,375,952,C04798,Woods Group,Distributor,Automotive,South Robert,Austria,2022-08-28,1
20254347,155,4251,4,39,1,1,6,111.75,96.45,15.3,115.27,115.85,P0155,Fuel Systems Product 155,Fuel Systems,406,343,C04251,Costa-Rivers,Fleet,Manufacturing,North Jacqueline,Poland,2018-06-24,1
20259390,440,1764,1,21,1,1,20,1658.92,1010.7,648.22,1640.42,1729.16,P0440,Sensors Product 440,Sensors,382,762,C01764,"Dean, Hall and Myers",Fleet,Automotive,Robinsonborough,France,2019-12-22,1
20261037,231,2285,8,62,10,1,15,3145.71,2304.23,841.48,3129.49,3449.36,P0231,Fuel Systems Product 231,Fuel Systems,293,699,C02285,"Taylor, Jones and Mejia",Distributor,Automotive,East Eric,France,2022-11-25,1
20252336,318,3885,9,92,2,3,6,1828.72,1394.77,433.95,1817.34,1900.23,P0318,Sensors Product 318,Sensors,407,237,C03885,"Martinez, Leblanc and Williams",OEM,Transportation,New Davidview,Austria,2018-12-03,1
20220976,352,3756,6,51,10,5,3,4063.75,2616.45,1447.3,3960.8,4037.74,P0352,Filtration Product 352,Filtration,317,686,C03756,"Villegas, Schneider and Shaffer",Fleet,Transportation,North Steven,Sweden,2024-06-15,1
20256015,416,4099,5,21,5,1,19,2251.2,1628.58,622.62,2249.12,2177.98,P0416,Electronics Product 416,Electronics,125,422,C04099,Long and Sons,OEM,Transportation,Davisville,Italy,2017-08-04,1
20232014,326,1247,6,38,10,5,20,1776.09,1580.05,196.04,1721.44,1818.42,P0326,Sensors Product 326,Sensors,428,355,C01247,"Wolfe, Brown and Carter",Distributor,Transportation,Shawside,Belgium,2019-04-14,1
20230464,458,1674,2,113,7,2,18,963.37,812.38,150.99,925.78,986.91,P0458,Sensors Product 458,Sensors,64,799,C01674,"Green, Reed and Smith",Fleet,Manufacturing,Graceberg,Poland,2021-09-15,1
20241368,165,2718,9,42,10,4,3,3418.48,3001.78,416.7,3347.1,3548.09,P0165,Turbochargers Product 165,Turbochargers,126,845,C02718,"Gomez, Perez and Palmer",OEM,Manufacturing,North Scottberg,Italy,2021-10-09,1
20221075,55,374,3,17,2,2,20,1385.44,1234.54,150.9,1433.85,1354.29,P0055,Fuel Systems Product 55,Fuel Systems,389,928,C00374,"Kelly, Torres and Smith",Distributor,Transportation,Lake Jeffreychester,Belgium,2022-02-28,1
20250785,439,4211,1,69,2,1,7,4599.95,3867.67,732.28,4766.83,4604.93,P0439,Filtration Product 439,Filtration,399,853,C04211,Knight Group,Distributor,Automotive,Gregoryland,Netherlands,2017-05-19,1
20236242,368,2079,5,113,6,3,13,2160.87,1308.34,852.53,2203.93,2139.35,P0368,Turbochargers Product 368,Turbochargers,140,695,C02079,Wilson Ltd,Distributor,Manufacturing,East Debramouth,Netherlands,2025-08-27,1
20230159,77,702,2,21,8,2,11,312.35,206.14,106.21,303.78,312.28,P0077,Filtration Product 77,Filtration,270,390,C00702,Edwards-Smith,Fleet,Automotive,West Katherineberg,Belgium,2018-02-20,1
20227655,253,35,10,48,4,2,10,2191.94,1841.59,350.35,2195.24,2284.14,P0253,Aftertreatment Product 253,Aftertreatment,370,818,C00035,Rhodes PLC,Fleet,Automotive,Lake Kevin,Poland,2025-08-04,1
20223202,236,1371,8,74,8,2,10,3595.05,2640.91,954.14,3572.57,3507.74,P0236,Turbochargers Product 236,Turbochargers,115,148,C01371,"Porter, Adams and Rivas",Distributor,Manufacturing,Warnerport,Spain,2021-04-08,1
20247248,17,1930,6,61,3,1,5,515.45,353.26,162.19,526.84,520.79,P0017,Electronics Product 17,Electronics,160,200,C01930,Thomas Inc,Distributor,Transportation,Tracyland,Poland,2023-08-18,1
20220649,49,1940,7,119,8,4,1,1464.45,923.92,540.53,1489.42,1560.19,P0049,Electronics Product 49,Electronics,139,685,C01940,Lee LLC,Distributor,Transportation,Larryhaven,Spain,2026-03-29,1
20250062,404,4265,5,7,8,3,20,223.79,150.65,73.14,219.24,245.58,P0404,Fuel Systems Product 404,Fuel Systems,366,655,C04265,Bennett Group,Distributor,Manufacturing,Monicastad,Sweden,2020-10-30,1
20249251,434,36,10,3,8,3,5,2317.53,1697.98,619.55,2366.17,2307.33,P0434,Sensors Product 434,Sensors,70,783,C00036,Gardner-Clark,Distributor,Manufacturing,South John,Belgium,2025-03-10,1
20227663,172,3012,4,94,6,2,6,408.99,276.62,132.37,396.18,412.67,P0172,Filtration Product 172,Filtration,326,911,C03012,Simpson-Porter,Fleet,Transportation,South David,Spain,2023-02-07,1
20220973,486,4154,10,95,4,1,16,2378.35,1738.21,640.14,2414.88,2566.51,P0486,Cooling Systems Product 486,Cooling Systems,127,865,C04154,"Ross, Fuentes and Obrien",Fleet,Automotive,Lake Roseville,Italy,2022-02-04,1
20241222,301,2362,6,74,8,4,2,3966.4,2780.13,1186.27,4105.11,4045.16,P0301,Electronics Product 301,Electronics,269,697,C02362,"Patterson, Bradley and Miller",Fleet,Transportation,North Savannahton,Austria,2017-06-13,1
20239854,344,2403,6,24,7,2,5,2678.43,2059.76,618.67,2687.36,2797.39,P0344,Cooling Systems Product 344,Cooling Systems,482,648,C02403,Peters LLC,Fleet,Automotive,New Edwardborough,Spain,2021-11-01,1
20244272,497,3940,8,95,1,3,16,4796.3,3729.46,1066.84,4658.02,5000.11,P0497,Electronics Product 497,Electronics,217,126,C03940,Johnson-Wells,Fleet,Automotive,Clayland,Poland,2023-07-31,1
20224986,424,1550,8,36,10,1,16,225.3,192.81,32.49,231.28,232.28,P0424,Filtration Product 424,Filtration,265,363,C01550,"Harrison, Velasquez and Mercado",Fleet,Transportation,Hollandbury,Italy,2020-08-19,1
20247415,239,3999,10,96,8,3,4,205.19,141.28,63.91,214.0,199.26,P0239,Fuel Systems Product 239,Fuel Systems,362,107,C03999,"Shaw, Mann and King",Fleet,Manufacturing,Schneiderburgh,Austria,2023-08-06,1
20243707,84,4639,9,85,4,5,11,2743.24,1852.86,890.38,2708.87,2629.5,P0084,Cooling Systems Product 84,Cooling Systems,69,892,C04639,Wright Group,Fleet,Transportation,Elliottberg,Spain,2020-01-15,1
20233600,397,1283,8,118,10,3,8,4752.13,3317.15,1434.98,4757.99,5191.73,P0397,Fuel Systems Product 397,Fuel Systems,173,384,C01283,"Braun, Diaz and Blair",Distributor,Automotive,North Henryton,Italy,2021-08-31,1
20256762,288,1412,10,55,6,2,3,3950.81,2662.73,1288.08,3805.14,4029.54,P0288,Sensors Product 288,Sensors,78,583,C01412,Rivera-Porter,Fleet,Transportation,Wilsonberg,Austria,2024-06-10,1
20235851,65,1624,9,101,4,5,3,374.27,244.11,130.16,371.48,410.6,P0065,Filtration Product 65,Filtration,144,887,C01624,Hansen-Donovan,OEM,Transportation,Kellyhaven,Netherlands,2023-02-21,1
20241817,349,4191,2,94,3,5,1,3813.6,2805.68,1007.92,3977.18,3893.99,P0349,Sensors Product 349,Sensors,433,706,C04191,Gray-Blankenship,Fleet,Manufacturing,Murrayshire,France,2023-12-13,1
20235348,211,69,10,40,9,5,5,3394.91,2500.58,894.33,3531.37,3694.9,P0211,Sensors Product 211,Sensors,246,215,C00069,Keith-Simmons,OEM,Transportation,Lake Monique,France,2026-07-02,1
20251441,391,1786,9,27,7,3,4,1932.7,1411.43,521.27,2001.78,2098.32,P0391,Sensors Product 391,Sensors,448,870,C01786,Becker-Wise,OEM,Transportation,Christinaborough,Belgium,2019-07-30,1
20235709,139,1798,5,1,10,4,17,3054.21,2270.14,784.07,3042.02,3338.42,P0139,Filtration Product 139,Filtration,167,1000,C01798,"Myers, Wheeler and Hurst",Distributor,Transportation,Haleside,Austria,2018-06-02,1
20226460,430,471,3,104,2,5,10,515.58,317.69,197.89,522.5,500.99,P0430,Fuel Systems Product 430,Fuel Systems,294,461,C00471,Smith LLC,OEM,Manufacturing,Diazbury,Poland,2022-05-18,1
20222697,317,4756,10,57,4,1,19,4080.99,2891.12,1189.87,3990.97,4010.1,P0317,Cooling Systems Product 317,Cooling Systems,303,365,C04756,"Luna, Green and Moore",Distributor,Automotive,Moorefort,Sweden,2023-06-22,1
20228865,479,2754,6,74,4,1,20,2914.2,2056.02,858.18,2795.8,2799.92,P0479,Sensors Product 479,Sensors,332,781,C02754,"Ray, Wright and Williams",Fleet,Automotive,Johnnyville,Spain,2021-05-15,1
20250134,58,446,1,31,4,4,10,3032.38,2127.41,904.97,3111.87,3129.11,P0058,Sensors Product 58,Sensors,250,741,C00446,Keith Ltd,OEM,Transportation,Martinezmouth,Poland,2025-04-07,1
20222564,239,1430,4,13,2,4,8,2162.68,1737.51,425.17,2135.26,2062.92,P0239,Fuel Systems Product 239,Fuel Systems,362,107,C01430,Nelson Ltd,Distributor,Transportation,New Tanyafurt,Poland,2023-02-14,1
20248458,13,4258,2,69,2,1,19,650.08,486.54,163.54,680.21,651.84,P0013,Turbochargers Product 13,Turbochargers,289,541,C04258,Burgess-Trevino,OEM,Automotive,Hineshaven,Italy,2023-07-13,1
20242894,246,4771,6,22,1,5,13,4677.92,3146.1,1531.82,4796.38,5027.69,P0246,Cooling Systems Product 246,Cooling Systems,60,416,C04771,Reynolds Ltd,OEM,Manufacturing,Port Davidside,Netherlands,2018-06-12,1
20239050,168,1090,6,7,10,4,10,1181.94,793.94,388.0,1128.48,1142.24,P0168,Fuel Systems Product 168,Fuel Systems,192,876,C01090,"Brown, Rowland and Day",OEM,Transportation,North Carolynborough,Italy,2026-01-29,1
20240261,199,2668,8,36,5,1,7,3426.56,2816.42,610.14,3391.05,3255.9,P0199,Turbochargers Product 199,Turbochargers,174,399,C02668,Callahan-Gutierrez,OEM,Manufacturing,South Bonnie,Italy,2026-01-26,1
20224260,374,1471,4,54,7,4,20,4215.14,3392.91,822.23,4379.56,4246.52,P0374,Fuel Systems Product 374,Fuel Systems,138,940,C01471,Woods-Williams,Distributor,Automotive,Kevinfurt,Netherlands,2024-07-25,1
20225319,275,3420,7,82,1,4,12,2366.76,1576.07,790.69,2410.54,2412.45,P0275,Electronics Product 275,Electronics,69,802,C03420,"Hunter, Manning and Bender",Distributor,Automotive,Christophermouth,Germany,2020-05-18,1
20225525,407,1306,5,48,2,4,2,2883.61,2371.89,511.72,2930.45,2768.97,P0407,Aftertreatment Product 407,Aftertreatment,268,118,C01306,Estrada and Sons,OEM,Transportation,Buchananfort,Spain,2024-05-22,1
20225092,282,1209,2,28,3,1,10,2100.74,1719.51,381.23,2167.52,1997.15,P0282,Sensors Product 282,Sensors,228,207,C01209,Jones-Greer,Distributor,Transportation,Rachelside,Poland,2024-02-13,1
20243009,371,971,6,18,1,3,13,1083.06,735.48,347.58,1064.64,1152.12,P0371,Cooling Systems Product 371,Cooling Systems,109,912,C00971,Robertson Group,OEM,Automotive,Lake Jared,Spain,2022-07-14,1
20249755,61,3261,4,10,10,2,8,3353.69,2309.05,1044.64,3465.05,3685.15,P0061,Turbochargers Product 61,Turbochargers,365,974,C03261,Rice-Williams,OEM,Manufacturing,Deannamouth,France,2019-11-04,1
20249628,259,4228,4,96,9,3,6,1438.94,1009.29,429.65,1474.92,1552.06,P0259,Turbochargers Product 259,Turbochargers,420,350,C04228,Hardy-Wells,OEM,Transportation,Sheafurt,Germany,2024-07-03,1
20256113,31,4921,3,65,5,3,13,1654.81,1150.56,504.25,1607.13,1795.06,P0031,Sensors Product 31,Sensors,178,855,C04921,Barnett Inc,Distributor,Automotive,Benjaminmouth,Netherlands,2023-11-24,1
20233883,170,4164,7,62,3,5,19,3304.74,2232.9,1071.84,3156.86,3395.51,P0170,Fuel Systems Product 170,Fuel Systems,339,713,C04164,"Rowe, Harris and Moreno",Distributor,Automotive,Port Saraland,Austria,2021-04-04,1
20254322,348,4322,5,112,1,3,19,3098.83,2766.34,332.49,3144.37,3302.08,P0348,Electronics Product 348,Electronics,355,293,C04322,"Martinez, Jackson and Petty",OEM,Manufacturing,South Sharon,Italy,2026-04-25,1
20252302,149,3441,6,100,3,5,2,2713.04,2055.42,657.62,2759.4,2626.28,P0149,Sensors Product 149,Sensors,441,408,C03441,Beltran-Dunn,Distributor,Transportation,Wuport,Spain,2016-09-09,1
20248928,206,4713,8,81,5,4,2,1129.67,853.26,276.41,1096.4,1087.48,P0206,Filtration Product 206,Filtration,61,486,C04713,"Parker, Matthews and Elliott",Fleet,Transportation,South Anthony,Spain,2024-11-08,1
20260948,371,4488,2,114,10,5,8,3363.61,2096.89,1266.72,3419.24,3331.75,P0371,Cooling Systems Product 371,Cooling Systems,109,912,C04488,Santos-Gomez,OEM,Automotive,Brittneystad,Austria,2024-03-15,1
20224071,483,1982,2,106,4,4,14,1107.54,788.13,319.41,1113.08,1162.9,P0483,Cooling Systems Product 483,Cooling Systems,190,504,C01982,Manning-Hill,OEM,Manufacturing,Dylanchester,France,2022-02-02,1
20227723,167,2369,3,88,7,1,2,201.17,140.69,60.48,201.75,201.42,P0167,Fuel Systems Product 167,Fuel Systems,235,341,C02369,"Bush, Morris and Lawrence",Distributor,Manufacturing,Strongmouth,Italy,2017-01-28,1
20260982,246,176,8,59,6,1,6,3590.35,2361.06,1229.29,3766.88,3545.73,P0246,Cooling Systems Product 246,Cooling Systems,60,416,C00176,"Hanson, Conley and Wood",Fleet,Automotive,Annetteside,Belgium,2017-04-16,1
20231038,238,4362,2,55,10,1,9,2435.67,1965.44,470.23,2361.3,2396.36,P0238,Cooling Systems Product 238,Cooling Systems,440,655,C04362,Moore-Johnson,OEM,Automotive,Veronicaburgh,Poland,2025-01-07,1
20222442,262,4016,6,50,3,5,17,3813.37,3221.04,592.33,3899.13,4161.67,P0262,Fuel Systems Product 262,Fuel Systems,206,497,C04016,Paul-Mendoza,Fleet,Transportation,Emilyview,Belgium,2023-12-29,1
20222398,129,4240,5,80,6,1,3,2681.35,1843.42,837.93,2672.37,2624.91,P0129,Cooling Systems Product 129,Cooling Systems,371,337,C04240,Montoya Inc,OEM,Automotive,Port Mikeshire,Italy,2021-05-15,1
20248166,85,1767,5,96,5,4,8,2498.64,2243.67,254.97,2618.68,2508.31,P0085,Filtration Product 85,Filtration,316,630,C01767,Chavez-Smith,Fleet,Manufacturing,East Trevortown,Netherlands,2025-09-17,1
20251272,310,958,2,3,10,4,20,3406.48,2410.92,995.56,3397.48,3458.57,P0310,Filtration Product 310,Filtration,299,806,C00958,Fisher-Reed,Distributor,Manufacturing,West Williamside,France,2023-09-06,1
20239727,91,4579,10,53,2,5,13,4576.76,3666.18,910.58,4682.92,4740.56,P0091,Aftertreatment Product 91,Aftertreatment,132,595,C04579,Elliott-Hernandez,Fleet,Manufacturing,South Linda,Poland,2023-06-08,1
20227407,240,3457,8,114,2,5,5,1568.2,1374.57,193.63,1509.9,1659.33,P0240,Turbochargers Product 240,Turbochargers,89,780,C03457,"Williams, Figueroa and Jackson",OEM,Automotive,Fraziershire,Austria,2022-01-28,1
20228524,357,4409,6,14,9,1,8,1357.61,1219.06,138.55,1346.11,1433.47,P0357,Turbochargers Product 357,Turbochargers,388,710,C04409,Patterson-Sandoval,Fleet,Manufacturing,Port Jamesburgh,Sweden,2024-11-15,1
20230917,163,1213,9,40,4,5,4,3273.34,2338.69,934.65,3118.65,3519.03,P0163,Sensors Product 163,Sensors,305,195,C01213,Benitez PLC,Distributor,Transportation,Michaelland,Netherlands,2020-07-13,1
20229447,151,1279,4,33,10,3,2,3926.72,3085.61,841.11,3875.53,3992.18,P0151,Turbochargers Product 151,Turbochargers,88,627,C01279,Cordova-Shields,Distributor,Transportation,Port Jasonborough,Netherlands,2024-10-25,1
20243925,236,1182,8,60,3,5,10,4562.77,2820.69,1742.08,4462.99,4864.23,P0236,Turbochargers Product 236,Turbochargers,115,148,C01182,"Villa, Patton and Austin",Distributor,Automotive,Leachhaven,Poland,2023-06-07,1
20249955,163,2667,3,90,6,2,12,1552.9,1178.47,374.43,1582.2,1534.15,P0163,Sensors Product 163,Sensors,305,195,C02667,Cohen-Arnold,Distributor,Transportation,West Kathleen,Germany,2016-10-23,1
20243134,458,4680,9,17,3,4,19,3405.71,2967.21,438.5,3567.94,3403.13,P0458,Sensors Product 458,Sensors,64,799,C04680,Lewis-Odom,Fleet,Manufacturing,Ruizside,Germany,2018-06-29,1
20228800,366,51,3,95,6,4,18,2977.44,2050.8,926.64,2876.72,2857.05,P0366,Sensors Product 366,Sensors,359,401,C00051,Davis Ltd,Distributor,Automotive,Port Brittany,Sweden,2023-08-05,1
20228724,19,1554,3,17,3,1,18,1381.78,1022.06,359.72,1336.87,1363.78,P0019,Filtration Product 19,Filtration,481,705,C01554,"Nunez, Riggs and Roman",OEM,Transportation,Williamberg,Belgium,2023-06-11,1
20239666,192,2102,9,94,3,1,7,2329.33,1441.1,888.23,2369.66,2545.76,P0192,Sensors Product 192,Sensors,76,900,C02102,"Hanson, Morales and Morris",Distributor,Manufacturing,East Kelsey,Poland,2025-04-26,1
20228829,415,1929,4,86,5,3,2,2822.04,2299.22,522.82,2685.53,2720.39,P0415,Fuel Systems Product 415,Fuel Systems,482,931,C01929,"Hill, Spencer and Dixon",Fleet,Transportation,North Rebeccaport,Italy,2025-08-08,1
20235730,250,1446,10,77,2,4,6,2220.3,1809.9,410.4,2290.65,2166.29,P0250,Filtration Product 250,Filtration,54,887,C01446,Perry-Mitchell,OEM,Manufacturing,Elizabethside,France,2020-11-23,1
20252376,455,256,10,44,4,5,13,2564.81,2140.85,423.96,2673.4,2537.31,P0455,Fuel Systems Product 455,Fuel Systems,304,983,C00256,Smith-Bailey,OEM,Manufacturing,Lake Edwinview,Spain,2018-12-20,1
20229637,241,4928,6,99,10,2,19,4921.28,4407.33,513.95,4743.75,5193.42,P0241,Sensors Product 241,Sensors,348,470,C04928,Lindsey-Hodges,OEM,Automotive,Stevensonview,France,2025-01-05,1
20220257,187,618,2,115,5,1,16,3461.0,2263.02,1197.98,3360.21,3425.94,P0187,Fuel Systems Product 187,Fuel Systems,253,517,C00618,Simmons-Payne,OEM,Manufacturing,South Gregory,Italy,2016-12-04,1
20259720,477,675,4,49,6,5,19,2937.91,1871.43,1066.48,2843.2,2988.38,P0477,Aftertreatment Product 477,Aftertreatment,143,204,C00675,"Luna, Gonzalez and Underwood",Fleet,Automotive,Port Nicholasbury,France,2018-08-27,1
20224430,232,3141,3,74,4,4,15,442.71,327.18,115.53,420.81,481.91,P0232,Aftertreatment Product 232,Aftertreatment,485,876,C03141,"Mills, Kelley and White",Distributor,Transportation,Victoriabury,France,2025-07-10,1
20226583,341,4882,9,65,10,3,14,4700.0,2978.32,1721.68,4796.58,5148.78,P0341,Aftertreatment Product 341,Aftertreatment,113,675,C04882,Randolph-Rivera,OEM,Transportation,East Cynthia,Italy,2019-06-25,1
20254165,491,4038,8,72,7,4,18,1555.9,1114.91,440.99,1606.83,1678.49,P0491,Filtration Product 491,Filtration,377,254,C04038,Burch and Sons,Distributor,Manufacturing,Lake Paul,Netherlands,2019-12-29,1
20257330,6,4491,3,5,6,1,2,2900.59,2477.48,423.11,3007.24,3098.67,P0006,Cooling Systems Product 6,Cooling Systems,345,257,C04491,"Martin, Novak and Bowman",Distributor,Transportation,South Phillipborough,Belgium,2020-07-20,1
20235068,423,2044,8,72,2,3,12,3658.9,3015.04,643.86,3699.35,3625.98,P0423,Fuel Systems Product 423,Fuel Systems,466,114,C02044,Greer Inc,Distributor,Manufacturing,West Jenniferland,Belgium,2024-11-07,1
20247730,391,737,3,76,3,4,18,1987.83,1691.44,296.39,2068.78,1966.37,P0391,Sensors Product 391,Sensors,448,870,C00737,"Hampton, Scott and Taylor",OEM,Transportation,Lanefort,Poland,2022-03-06,1
20253644,171,3336,8,35,1,2,17,1410.25,1266.78,143.47,1477.34,1531.49,P0171,Cooling Systems Product 171,Cooling Systems,353,541,C03336,"Montgomery, Chen and Ortiz",OEM,Transportation,North Philip,Poland,2019-01-14,1
20243857,141,3083,3,23,7,4,5,1087.21,895.08,192.13,1108.43,1041.88,P0141,Aftertreatment Product 141,Aftertreatment,150,465,C03083,Hicks-Collins,Fleet,Manufacturing,Lake Jason,Sweden,2020-04-04,1
20259185,250,4367,1,48,4,1,7,3948.4,2501.27,1447.13,3795.49,4325.25,P0250,Filtration Product 250,Filtration,54,887,C04367,Lee-Hickman,Fleet,Manufacturing,Gregorytown,Austria,2026-04-12,1
20221035,125,2551,1,32,6,3,2,388.31,345.93,42.38,382.26,374.7,P0125,Turbochargers Product 125,Turbochargers,437,990,C02551,"Mathews, Brown and Whitehead",Distributor,Manufacturing,Sotoport,Austria,2026-03-12,1
20236747,14,251,4,119,4,3,19,635.9,518.88,117.02,613.29,690.95,P0014,Electronics Product 14,Electronics,120,660,C00251,"Gonzalez, Rios and Lee",Fleet,Transportation,Port Gina,Italy,2018-07-25,1
20241249,76,1775,7,99,2,5,20,3645.8,2845.65,800.15,3747.49,3670.43,P0076,Aftertreatment Product 76,Aftertreatment,498,375,C01775,Gonzalez-Martinez,Fleet,Transportation,Davisbury,France,2024-12-31,1
20243660,63,3175,3,34,1,3,16,2969.38,2284.07,685.31,2843.89,2844.59,P0063,Turbochargers Product 63,Turbochargers,500,640,C03175,Richmond-Floyd,OEM,Manufacturing,North Kevin,Italy,2018-11-08,1
20224183,143,1333,4,104,10,4,15,4492.32,3149.71,1342.61,4333.57,4383.24,P0143,Sensors Product 143,Sensors,313,410,C01333,Mays Group,Distributor,Automotive,New Gary,Netherlands,2022-11-22,1
20259973,462,176,3,98,2,3,10,3388.68,2431.14,957.54,3274.42,3305.16,P0462,Aftertreatment Product 462,Aftertreatment,254,132,C00176,"Hanson, Conley and Wood",Fleet,Automotive,Annetteside,Belgium,2017-04-16,1
20228045,49,3815,5,71,4,5,12,3515.63,2139.49,1376.14,3357.03,3387.57,P0049,Electronics Product 49,Electronics,139,685,C03815,Rogers-Bailey,Fleet,Automotive,Tammyview,Sweden,2022-01-08,1
20242294,104,2362,4,62,8,1,7,4298.41,3204.5,1093.91,4085.28,4097.57,P0104,Sensors Product 104,Sensors,395,283,C02362,"Patterson, Bradley and Miller",Fleet,Transportation,North Savannahton,Austria,2017-06-13,1
20256537,330,3456,10,17,5,5,16,285.42,239.07,46.35,287.27,304.22,P0330,Electronics Product 330,Electronics,71,949,C03456,Floyd-Bailey,Fleet,Transportation,Ryanmouth,Poland,2018-05-03,1
20233498,54,3494,4,54,2,2,17,2078.96,1278.58,800.38,1980.16,2021.22,P0054,Electronics Product 54,Electronics,301,825,C03494,"Martinez, Conley and Morgan",Distributor,Automotive,Shannonmouth,Austria,2020-01-08,1
20240808,122,4885,9,51,9,4,1,1563.46,1095.22,468.24,1519.76,1571.38,P0122,Electronics Product 122,Electronics,164,537,C04885,Wallace-Collier,Distributor,Transportation,East Michael,Poland,2018-01-13,1
20233448,281,2755,1,72,4,1,17,2668.37,1667.93,1000.44,2771.74,2560.26,P0281,Fuel Systems Product 281,Fuel Systems,223,797,C02755,Gibson LLC,Distributor,Manufacturing,New Robert,Poland,2026-04-12,1
20252591,307,4928,2,111,5,2,10,4667.13,3864.37,802.76,4783.02,5004.47,P0307,Fuel Systems Product 307,Fuel Systems,324,670,C04928,Lindsey-Hodges,OEM,Automotive,Stevensonview,France,2025-01-05,1
20250313,122,2210,10,114,3,4,6,2627.04,1883.86,743.18,2611.22,2852.92,P0122,Electronics Product 122,Electronics,164,537,C02210,Peterson PLC,Distributor,Automotive,West Jean,Netherlands,2020-02-25,1
20222686,479,903,9,44,10,1,15,4999.11,4475.64,523.47,5187.48,5110.56,P0479,Sensors Product 479,Sensors,332,781,C00903,"Carpenter, Fischer and Byrd",OEM,Automotive,Elizabethmouth,Austria,2024-10-23,1
20233181,148,3676,9,110,1,3,18,2397.25,1593.82,803.43,2490.75,2344.94,P0148,Filtration Product 148,Filtration,128,603,C03676,Nelson-Patel,Distributor,Transportation,East Vickieside,Poland,2020-03-24,1
20246214,312,4443,9,20,3,3,3,4631.42,2881.58,1749.84,4858.08,4952.07,P0312,Fuel Systems Product 312,Fuel Systems,67,419,C04443,Trujillo LLC,Distributor,Automotive,New Jessica,Belgium,2019-09-06,1
20232960,480,414,1,118,3,4,13,2755.29,1972.02,783.27,2759.18,3007.33,P0480,Sensors Product 480,Sensors,154,854,C00414,Best PLC,Fleet,Manufacturing,Garymouth,Belgium,2019-03-10,1
20234316,41,80,7,33,9,4,12,3706.3,2893.57,812.73,3764.59,3891.98,P0041,Fuel Systems Product 41,Fuel Systems,90,256,C00080,Shaw-Watson,Distributor,Automotive,West Ashleyborough,France,2017-06-02,1
20248305,358,926,3,60,9,3,12,2968.41,2246.53,721.88,2848.88,2965.14,P0358,Electronics Product 358,Electronics,297,764,C00926,Moss Ltd,Distributor,Manufacturing,Port Kaylamouth,Austria,2022-09-24,1
20237306,106,315,9,41,7,1,12,1764.25,1567.96,196.29,1752.94,1749.7,P0106,Filtration Product 106,Filtration,289,517,C00315,Fernandez and Sons,OEM,Automotive,Sanchezton,Poland,2026-04-24,1
20260445,187,2257,2,81,8,3,3,4618.63,3778.56,840.07,4569.54,4454.3,P0187,Fuel Systems Product 187,Fuel Systems,253,517,C02257,Hall-Scott,Distributor,Automotive,Dianeville,Belgium,2024-05-11,1
20256754,40,2952,5,79,1,5,17,2629.88,2047.59,582.29,2548.75,2618.9,P0040,Electronics Product 40,Electronics,462,786,C02952,"Reilly, Harper and Franklin",Distributor,Automotive,Jimeneztown,Belgium,2016-09-29,1
20230820,96,4154,4,15,7,1,6,4971.14,4342.94,628.2,4839.2,5192.12,P0096,Turbochargers Product 96,Turbochargers,72,549,C04154,"Ross, Fuentes and Obrien",Fleet,Automotive,Lake Roseville,Italy,2022-02-04,1
20234352,333,2577,7,71,4,4,8,3416.75,2573.87,842.88,3406.27,3611.38,P0333,Aftertreatment Product 333,Aftertreatment,409,194,C02577,Galvan Ltd,Distributor,Automotive,Marciaside,Belgium,2025-04-21,1
20250320,331,3195,7,44,10,3,18,505.71,407.57,98.14,505.05,506.32,P0331,Cooling Systems Product 331,Cooling Systems,438,820,C03195,Powell LLC,OEM,Manufacturing,West Adamburgh,France,2017-07-13,1
20224895,62,2267,7,21,4,2,11,1366.45,1074.77,291.68,1359.3,1491.95,P0062,Sensors Product 62,Sensors,425,477,C02267,Berg Ltd,OEM,Manufacturing,East Jennifer,Germany,2024-12-07,1
20235204,183,2365,10,74,2,5,6,1719.02,1352.76,366.26,1658.28,1721.94,P0183,Fuel Systems Product 183,Fuel Systems,382,919,C02365,Watson Group,Fleet,Automotive,West Larry,Netherlands,2023-05-13,1
20229453,208,613,6,52,6,2,12,925.37,695.89,229.48,929.64,959.5,P0208,Sensors Product 208,Sensors,403,983,C00613,Curtis Inc,Distributor,Manufacturing,Lake Joannetown,Netherlands,2023-06-16,1
20257886,95,1444,2,99,1,5,1,3619.69,2820.24,799.45,3521.4,3563.03,P0095,Aftertreatment Product 95,Aftertreatment,466,868,C01444,Calderon-Tapia,Fleet,Transportation,Jefferyhaven,Belgium,2020-05-01,1
20249620,394,3833,6,88,7,3,16,2581.45,2206.94,374.51,2597.45,2612.44,P0394,Sensors Product 394,Sensors,430,463,C03833,"Vasquez, Washington and Peterson",OEM,Automotive,North Alexis,Sweden,2019-11-13,1
20255589,314,2775,8,33,7,4,8,515.5,376.77,138.73,532.97,524.43,P0314,Sensors Product 314,Sensors,460,598,C02775,Barnes LLC,OEM,Automotive,Donnashire,Sweden,2022-11-13,1
20233109,285,4402,1,82,3,5,13,283.52,224.7,58.82,287.06,306.28,P0285,Turbochargers Product 285,Turbochargers,252,155,C04402,"Miller, Espinoza and Martin",OEM,Automotive,North Tyler,Poland,2021-11-03,1
20223142,387,880,3,40,7,2,11,4425.9,3766.15,659.75,4572.26,4402.92,P0387,Fuel Systems Product 387,Fuel Systems,99,119,C00880,"Kennedy, Burton and Howard",OEM,Automotive,Williamston,Spain,2019-08-02,1
20220669,17,4689,7,85,6,3,12,2479.76,2099.16,380.6,2448.53,2564.61,P0017,Electronics Product 17,Electronics,160,200,C04689,Myers PLC,Fleet,Transportation,Scottbury,Italy,2022-01-04,1
20258719,315,926,3,120,2,2,3,1703.63,1345.56,358.07,1659.09,1648.05,P0315,Cooling Systems Product 315,Cooling Systems,222,841,C00926,Moss Ltd,Distributor,Manufacturing,Port Kaylamouth,Austria,2022-09-24,1
20227786,414,3750,8,70,7,3,10,2607.43,2235.53,371.9,2736.29,2860.02,P0414,Sensors Product 414,Sensors,165,177,C03750,Castro-Brown,OEM,Automotive,Georgeland,Sweden,2018-10-18,1
20246185,55,1405,9,45,10,1,5,4043.34,2451.35,1591.99,4140.06,3899.75,P0055,Fuel Systems Product 55,Fuel Systems,389,928,C01405,Lindsey-Boyer,Distributor,Transportation,South Joseph,France,2017-04-03,1
20241843,174,1489,7,111,5,3,7,2703.46,2183.58,519.88,2722.93,2622.51,P0174,Turbochargers Product 174,Turbochargers,178,705,C01489,Cox LLC,Fleet,Transportation,Gabrielahaven,Netherlands,2016-12-04,1
20260162,478,601,5,59,3,1,2,4237.77,2695.38,1542.39,4375.02,4259.48,P0478,Filtration Product 478,Filtration,181,926,C00601,Guzman Group,OEM,Manufacturing,North Tiffanyside,Netherlands,2025-06-04,1
20223647,374,1738,4,32,10,1,2,4996.85,3424.69,1572.16,4788.62,5069.76,P0374,Fuel Systems Product 374,Fuel Systems,138,940,C01738,"Mcguire, Gregory and Glover",Fleet,Automotive,East Juanhaven,Sweden,2022-01-21,1
20257287,405,3130,10,26,1,4,15,2346.91,1957.17,389.74,2262.59,2454.15,P0405,Cooling Systems Product 405,Cooling Systems,129,167,C03130,"Thompson, Williams and Lowe",Fleet,Automotive,Thomasberg,Sweden,2016-12-18,1
20251436,328,1772,10,47,3,3,9,111.15,83.95,27.2,116.27,112.47,P0328,Aftertreatment Product 328,Aftertreatment,344,838,C01772,Frey Ltd,OEM,Transportation,Kristenfurt,Netherlands,2020-07-19,1
20240909,497,2745,3,114,9,1,5,3539.47,2698.04,841.43,3384.28,3589.55,P0497,Electronics Product 497,Electronics,217,126,C02745,Gross Inc,Fleet,Manufacturing,North Laurenburgh,Sweden,2020-05-11,1
20238025,173,2700,3,83,1,2,7,3122.06,1990.75,1131.31,2993.99,3350.21,P0173,Fuel Systems Product 173,Fuel Systems,358,422,C02700,Richardson-Donovan,Fleet,Manufacturing,Andersonfort,Netherlands,2017-02-25,1
20224721,484,4595,9,22,6,5,14,1308.42,825.24,483.18,1350.0,1352.21,P0484,Turbochargers Product 484,Turbochargers,493,349,C04595,Walker PLC,OEM,Transportation,Holmestown,Belgium,2023-09-30,1
20223163,243,2658,10,20,9,3,7,435.27,326.46,108.81,425.44,440.05,P0243,Fuel Systems Product 243,Fuel Systems,174,391,C02658,Santana-Cox,Distributor,Automotive,East Samanthabury,Poland,2024-04-22,1
20232388,379,264,6,40,10,5,16,614.16,540.46,73.7,624.34,654.79,P0379,Cooling Systems Product 379,Cooling Systems,221,917,C00264,"Meadows, Gibson and Anderson",Fleet,Manufacturing,Jefferymouth,Poland,2025-02-10,1
20244638,343,2311,8,8,4,2,7,4473.1,2869.8,1603.3,4505.07,4750.02,P0343,Electronics Product 343,Electronics,477,488,C02311,"Jones, Riddle and Gonzalez",Distributor,Manufacturing,Port Michael,France,2021-04-12,1
20242205,449,4719,3,37,5,5,2,3914.63,3428.84,485.79,3856.14,3751.1,P0449,Turbochargers Product 449,Turbochargers,466,253,C04719,"Floyd, Wallace and Cooper",Distributor,Manufacturing,Maryshire,Spain,2022-08-22,1
20241882,233,1451,9,13,10,5,8,2462.85,2014.91,447.94,2361.05,2558.68,P0233,Fuel Systems Product 233,Fuel Systems,158,136,C01451,"Thomas, Jones and Murray",Distributor,Automotive,East Tyroneton,France,2024-01-26,1
20246386,24,1458,7,32,1,2,8,3632.66,2711.74,920.92,3799.88,3545.92,P0024,Aftertreatment Product 24,Aftertreatment,382,526,C01458,Lee-Martinez,Distributor,Manufacturing,Kramermouth,Netherlands,2021-05-11,1
20240654,221,2851,4,37,10,4,5,3683.41,3100.7,582.71,3814.12,3546.61,P0221,Cooling Systems Product 221,Cooling Systems,468,573,C02851,"Williams, Rose and Richardson",Distributor,Transportation,New Kyle,Poland,2017-02-03,1
20228394,447,539,2,24,7,2,20,699.2,543.52,155.68,717.37,721.72,P0447,Turbochargers Product 447,Turbochargers,304,314,C00539,Johnson-Shaw,OEM,Automotive,Deborahside,Poland,2018-10-25,1
20236221,225,1154,1,73,2,4,9,3681.43,3305.53,375.9,3791.4,3801.67,P0225,Fuel Systems Product 225,Fuel Systems,143,174,C01154,Mitchell Group,OEM,Automotive,Port Robertshire,Sweden,2018-02-07,1
20247472,240,886,10,23,4,4,4,174.85,132.23,42.62,180.78,171.61,P0240,Turbochargers Product 240,Turbochargers,89,780,C00886,Martinez and Sons,OEM,Manufacturing,New Michael,Sweden,2018-12-16,1
20222095,364,1338,4,78,6,2,4,2583.75,1960.41,623.34,2554.98,2602.12,P0364,Sensors Product 364,Sensors,242,217,C01338,"Berry, Brown and Taylor",Distributor,Manufacturing,Nicolestad,Poland,2025-02-27,1
20233305,85,130,1,88,1,3,14,2297.64,1753.05,544.59,2187.04,2267.51,P0085,Filtration Product 85,Filtration,316,630,C00130,Gordon-Sullivan,Fleet,Automotive,Owentown,Spain,2021-02-07,1
20248247,365,24,9,22,10,1,1,1978.15,1631.9,346.25,1880.7,1998.69,P0365,Aftertreatment Product 365,Aftertreatment,222,506,C00024,Gonzalez Group,Fleet,Manufacturing,Yatesborough,Germany,2019-12-15,1
20244669,236,4376,7,21,5,5,11,4580.83,3825.92,754.91,4614.1,4672.3,P0236,Turbochargers Product 236,Turbochargers,115,148,C04376,"Henry, Scott and Lopez",Fleet,Manufacturing,Marisaside,Sweden,2023-05-19,1
20242639,85,3786,1,2,3,1,4,1361.76,1215.67,146.09,1293.95,1493.17,P0085,Filtration Product 85,Filtration,316,630,C03786,Rodriguez-Johnston,Fleet,Transportation,Port Tyler,Belgium,2025-08-23,1
20236823,125,4405,1,54,3,5,13,3500.1,2639.4,860.7,3386.8,3830.53,P0125,Turbochargers Product 125,Turbochargers,437,990,C04405,"Boyd, Foster and Hart",Distributor,Transportation,Hensleystad,Sweden,2020-06-03,1
20243613,362,2747,6,19,4,1,11,4229.57,3208.94,1020.63,4127.06,4459.62,P0362,Filtration Product 362,Filtration,404,144,C02747,Walls-James,Fleet,Manufacturing,Robertville,Austria,2025-07-13,1
20231860,335,400,10,41,6,5,9,456.59,308.22,148.37,469.42,476.99,P0335,Cooling Systems Product 335,Cooling Systems,434,418,C00400,"Flores, Cain and Kirk",Fleet,Automotive,Port Cathyview,Spain,2024-12-01,1
20241497,143,1267,1,91,8,5,7,4568.76,3829.39,739.37,4627.83,4538.42,P0143,Sensors Product 143,Sensors,313,410,C01267,Gentry-Parker,OEM,Automotive,South Alexandra,Austria,2020-06-28,1
20250856,405,1041,8,45,2,1,20,4189.2,3551.41,637.79,4055.68,4411.1,P0405,Cooling Systems Product 405,Cooling Systems,129,167,C01041,Ford PLC,Fleet,Manufacturing,East Madison,Spain,2024-12-25,1
20239189,193,4361,1,97,5,3,3,131.58,113.53,18.05,137.64,142.18,P0193,Turbochargers Product 193,Turbochargers,376,442,C04361,Potts-Ferguson,OEM,Manufacturing,Lovefort,Netherlands,2023-03-28,1
20241299,360,3802,2,117,1,2,16,1763.53,1172.91,590.62,1726.68,1783.46,P0360,Fuel Systems Product 360,Fuel Systems,421,830,C03802,"Hudson, Williams and Edwards",Distributor,Transportation,North Nicholasshire,Netherlands,2026-07-23,1
20242662,494,2116,8,72,3,1,15,1386.91,1064.18,322.73,1356.02,1371.33,P0494,Turbochargers Product 494,Turbochargers,491,324,C02116,Owens LLC,Distributor,Automotive,Shaneburgh,Italy,2016-09-13,1
20235471,40,2178,10,100,3,3,17,2816.31,1825.37,990.94,2843.63,2732.06,P0040,Electronics Product 40,Electronics,462,786,C02178,"Soto, Johnson and Deleon",OEM,Manufacturing,Zacharyfort,Germany,2018-02-23,1
20240526,37,1344,8,108,4,3,17,1693.33,1073.28,620.05,1666.98,1665.79,P0037,Fuel Systems Product 37,Fuel Systems,205,436,C01344,Ramirez-Hodge,OEM,Transportation,East Douglasside,Netherlands,2024-12-17,1
20257530,153,931,3,49,4,3,10,4785.99,3919.23,866.76,4926.52,4644.99,P0153,Electronics Product 153,Electronics,190,922,C00931,Velazquez PLC,Distributor,Transportation,North Robertfurt,Belgium,2022-06-12,1
20234213,304,453,2,73,6,2,5,707.87,458.03,249.84,717.89,737.28,P0304,Turbochargers Product 304,Turbochargers,379,394,C00453,"Anderson, Johnson and Zuniga",Distributor,Automotive,South Wendy,Austria,2024-07-10,1
20237745,229,2393,7,4,1,5,19,2221.05,1958.21,262.84,2278.49,2202.03,P0229,Cooling Systems Product 229,Cooling Systems,283,213,C02393,Buckley-Myers,OEM,Transportation,Lake Garystad,Poland,2025-11-09,1
20224059,133,4505,7,38,3,2,4,4170.1,3108.96,1061.14,4159.78,4488.49,P0133,Turbochargers Product 133,Turbochargers,307,332,C04505,Schmitt-Williams,Distributor,Automotive,Maryland,Germany,2020-09-14,1
20223574,350,675,10,92,5,2,20,4008.06,2793.47,1214.59,3880.21,3887.92,P0350,Fuel Systems Product 350,Fuel Systems,378,846,C00675,"Luna, Gonzalez and Underwood",Fleet,Automotive,Port Nicholasbury,France,2018-08-27,1
20226700,301,978,2,57,7,1,2,598.33,429.64,168.69,580.12,614.31,P0301,Electronics Product 301,Electronics,269,697,C00978,Aguilar-Phillips,Distributor,Manufacturing,Lake Vincentstad,Germany,2018-05-14,1
20221467,194,2364,2,47,4,5,15,1150.9,715.56,435.34,1143.17,1194.46,P0194,Fuel Systems Product 194,Fuel Systems,347,939,C02364,Brown-Payne,Distributor,Automotive,Washingtonside,Belgium,2016-09-27,1
20258985,7,3979,1,24,4,1,4,3464.38,2693.32,771.06,3336.06,3712.86,P0007,Sensors Product 7,Sensors,349,969,C03979,Lewis Ltd,OEM,Automotive,Christopherstad,France,2018-03-31,1
20248322,116,2916,8,4,2,4,13,3177.98,2006.68,1171.3,3025.4,3167.47,P0116,Filtration Product 116,Filtration,308,352,C02916,Singleton PLC,Distributor,Automotive,North Melaniehaven,Poland,2026-05-11,1
20245605,103,1679,7,21,8,4,7,3027.4,2270.65,756.75,2910.32,3086.76,P0103,Turbochargers Product 103,Turbochargers,153,188,C01679,"Clark, Douglas and Smith",Fleet,Automotive,Joshuafort,Sweden,2018-09-05,1
20235074,189,1485,7,91,10,3,8,3843.82,2354.08,1489.74,3707.6,3783.87,P0189,Filtration Product 189,Filtration,339,805,C01485,"Jensen, Smith and Dixon",Fleet,Manufacturing,Port Erikburgh,Italy,2019-06-14,1
20232102,304,698,10,87,10,5,6,2717.4,1879.52,837.88,2765.27,2660.01,P0304,Turbochargers Product 304,Turbochargers,379,394,C00698,"Harris, Vasquez and Williams",Distributor,Automotive,Anitaville,Netherlands,2019-08-25,1
20254308,389,2307,6,52,5,3,5,3612.87,2227.34,1385.53,3461.43,3810.04,P0389,Aftertreatment Product 389,Aftertreatment,339,386,C02307,"Campbell, Gomez and Hernandez",Fleet,Transportation,Robertborough,Sweden,2023-04-02,1
20239490,408,2668,5,22,4,5,4,3116.92,2779.17,337.75,3238.39,3219.96,P0408,Aftertreatment Product 408,Aftertreatment,476,366,C02668,Callahan-Gutierrez,OEM,Manufacturing,South Bonnie,Italy,2026-01-26,1
20251390,455,2501,8,100,2,3,19,1268.8,872.12,396.68,1312.19,1327.05,P0455,Fuel Systems Product 455,Fuel Systems,304,983,C02501,"Avila, Ewing and Fitzgerald",OEM,Automotive,Cooperfurt,Italy,2026-04-21,1
20225511,491,4226,2,49,5,5,9,103.87,83.45,20.42,104.23,106.82,P0491,Filtration Product 491,Filtration,377,254,C04226,Brown-Benton,Distributor,Automotive,Perkinshaven,Italy,2020-09-28,1
20236939,389,3197,1,108,1,2,16,3327.66,2933.32,394.34,3202.67,3475.16,P0389,Aftertreatment Product 389,Aftertreatment,339,386,C03197,Richmond-White,Fleet,Manufacturing,New Josephmouth,Poland,2017-09-12,1
20247700,295,26,4,61,4,3,5,3573.42,2543.85,1029.57,3550.14,3435.8,P0295,Sensors Product 295,Sensors,177,878,C00026,Payne-Hopkins,OEM,Transportation,North Wendy,Spain,2017-09-20,1
20228289,94,3818,7,92,8,5,7,104.28,83.09,21.19,107.22,106.29,P0094,Aftertreatment Product 94,Aftertreatment,214,964,C03818,Kelly-Hamilton,Fleet,Automotive,South Michaelbury,Austria,2022-02-12,1
20230441,28,3136,7,83,7,3,5,2359.34,1856.0,503.34,2335.15,2273.69,P0028,Sensors Product 28,Sensors,216,459,C03136,Clark-Larson,Fleet,Transportation,Flynnside,Spain,2024-02-20,1
20237281,203,335,3,40,2,2,4,265.58,231.04,34.54,254.71,289.27,P0203,Turbochargers Product 203,Turbochargers,387,910,C00335,"Neal, Walsh and Silva",Distributor,Transportation,Parkerchester,Germany,2021-06-22,1
20243410,156,4791,2,37,9,5,11,2391.3,1910.71,480.59,2386.18,2566.92,P0156,Sensors Product 156,Sensors,455,484,C04791,"Smith, Hart and Floyd",Distributor,Manufacturing,South Thomasstad,Netherlands,2024-11-13,1
20235587,276,2529,6,6,3,2,5,3103.2,2132.05,971.15,3061.87,3012.03,P0276,Sensors Product 276,Sensors,475,986,C02529,"Hanna, Martinez and Crawford",Distributor,Manufacturing,Nicoleland,France,2018-10-09,1
20255516,209,4499,1,112,10,4,10,4555.46,2961.31,1594.15,4627.8,4926.92,P0209,Sensors Product 209,Sensors,299,388,C04499,Murray-Mcbride,Fleet,Automotive,North Matthewstad,Poland,2017-06-09,1
20236860,225,324,5,2,6,5,6,3652.0,3228.49,423.51,3609.84,3811.31,P0225,Fuel Systems Product 225,Fuel Systems,143,174,C00324,"Jones, Brown and King",Fleet,Automotive,South Keith,Poland,2021-04-12,1
20228058,495,560,10,94,7,3,20,983.58,636.15,347.43,1009.21,943.98,P0495,Electronics Product 495,Electronics,383,743,C00560,Perkins-Rodriguez,OEM,Transportation,Lake Charlesview,Germany,2022-10-18,1
20249611,15,489,4,65,3,5,18,4681.49,3387.82,1293.67,4587.71,4640.14,P0015,Cooling Systems Product 15,Cooling Systems,361,538,C00489,Cruz-Gilbert,OEM,Transportation,Kellyton,Germany,2023-09-27,1
20229650,300,3512,3,22,6,4,7,3375.41,2389.59,985.82,3513.18,3632.9,P0300,Cooling Systems Product 300,Cooling Systems,360,329,C03512,Carpenter and Sons,OEM,Transportation,Gregoryview,Sweden,2022-05-07,1
20257807,477,4244,9,55,5,5,20,4584.84,3498.31,1086.53,4572.28,4740.79,P0477,Aftertreatment Product 477,Aftertreatment,143,204,C04244,Harrell Inc,OEM,Manufacturing,Joneshaven,Germany,2024-12-19,1
20251177,13,2651,1,116,7,4,3,361.2,224.36,136.84,344.5,381.92,P0013,Turbochargers Product 13,Turbochargers,289,541,C02651,Friedman Inc,Fleet,Transportation,Lake Carolton,France,2018-04-16,1
20242668,131,931,5,81,2,3,18,262.18,193.1,69.08,262.35,270.53,P0131,Turbochargers Product 131,Turbochargers,475,212,C00931,Velazquez PLC,Distributor,Transportation,North Robertfurt,Belgium,2022-06-12,1
20222634,31,605,7,32,5,1,1,293.85,177.51,116.34,307.01,320.03,P0031,Sensors Product 31,Sensors,178,855,C00605,"Ortega, Morse and Gregory",Fleet,Manufacturing,Nicholsstad,Italy,2026-05-29,1
20238611,483,3905,2,83,5,5,17,2387.99,1445.76,942.23,2479.91,2614.11,P0483,Cooling Systems Product 483,Cooling Systems,190,504,C03905,Barton-Valentine,Distributor,Transportation,Nicholasbury,Netherlands,2021-08-10,1
20235609,209,3571,6,16,2,2,18,3682.48,3099.52,582.96,3820.69,3759.98,P0209,Sensors Product 209,Sensors,299,388,C03571,Cochran-Roberts,Distributor,Automotive,Port Markstad,Netherlands,2017-05-20,1
20237550,115,2147,2,47,8,1,13,4366.68,2928.64,1438.04,4228.13,4264.33,P0115,Sensors Product 115,Sensors,200,659,C02147,Morris-Williams,OEM,Automotive,South Jennashire,France,2024-09-17,1
20256398,160,3656,7,74,1,3,3,1943.88,1315.67,628.21,1949.64,2105.35,P0160,Turbochargers Product 160,Turbochargers,251,984,C03656,Zuniga Ltd,OEM,Manufacturing,North Keith,Poland,2020-02-26,1
20247321,7,2172,6,98,9,2,17,4045.74,2825.24,1220.5,4126.29,4050.23,P0007,Sensors Product 7,Sensors,349,969,C02172,Myers LLC,OEM,Automotive,Mcknightstad,Belgium,2026-04-16,1
20255287,98,3430,9,63,7,3,10,2196.58,1882.27,314.31,2252.84,2248.97,P0098,Filtration Product 98,Filtration,94,362,C03430,Peterson and Sons,Distributor,Manufacturing,South Shellyside,Italy,2021-03-09,1
20225247,218,2119,5,4,5,4,4,3283.65,2385.84,897.81,3400.63,3483.24,P0218,Fuel Systems Product 218,Fuel Systems,416,430,C02119,Blair Ltd,Fleet,Automotive,Lewisborough,Sweden,2022-07-19,1
20243516,373,1939,8,119,8,2,10,1738.71,1117.04,621.67,1816.74,1669.2,P0373,Aftertreatment Product 373,Aftertreatment,170,200,C01939,Brooks-Horton,Fleet,Automotive,Andersonview,France,2018-06-05,1
20248520,7,3717,9,75,9,3,15,4326.78,3814.7,512.08,4308.64,4512.98,P0007,Sensors Product 7,Sensors,349,969,C03717,Mitchell PLC,OEM,Transportation,Markshire,Sweden,2021-12-10,1
20250947,398,2573,5,11,9,2,7,2130.11,1886.47,243.64,2153.72,2204.36,P0398,Fuel Systems Product 398,Fuel Systems,493,797,C02573,Parker LLC,Fleet,Automotive,North Mark,Sweden,2023-02-04,1
20238175,82,2041,10,43,7,1,10,4189.25,3211.17,978.08,4281.92,4147.02,P0082,Sensors Product 82,Sensors,452,363,C02041,Duarte Ltd,Fleet,Manufacturing,Lake Aaronmouth,Austria,2024-01-01,1
20222899,62,3418,1,15,1,5,20,2911.73,2550.4,361.33,2875.95,2792.2,P0062,Sensors Product 62,Sensors,425,477,C03418,Bond-Morris,Fleet,Transportation,Kristinville,Sweden,2023-12-17,1
20257169,89,11,1,79,6,1,20,4081.67,3374.37,707.3,3999.3,4457.24,P0089,Sensors Product 89,Sensors,93,629,C00011,"Huerta, Anderson and Pittman",Fleet,Automotive,South Coreybury,Sweden,2018-01-05,1
20259837,3,1000,6,110,1,2,6,4843.8,3588.23,1255.57,4728.95,4716.46,P0003,Aftertreatment Product 3,Aftertreatment,441,811,C01000,Salas LLC,OEM,Automotive,New Derekstad,Netherlands,2023-04-29,1
20225938,424,2035,6,73,2,5,19,2905.38,2505.6,399.78,2950.68,3077.48,P0424,Filtration Product 424,Filtration,265,363,C02035,"Villegas, Prince and Knox",Fleet,Transportation,Lake Edgar,Italy,2025-11-09,1
20226677,194,2934,7,16,7,5,5,4277.75,3835.58,442.17,4363.84,4375.09,P0194,Fuel Systems Product 194,Fuel Systems,347,939,C02934,Reynolds-Wong,Fleet,Manufacturing,West Johnfurt,Germany,2023-04-14,1
20248082,485,4084,9,106,8,2,4,4342.54,3262.53,1080.01,4248.2,4593.87,P0485,Aftertreatment Product 485,Aftertreatment,458,554,C04084,Richard-Brown,OEM,Automotive,West Brianhaven,Germany,2026-07-04,1
20225957,13,803,5,22,7,4,18,2967.09,2655.63,311.46,2944.92,2917.99,P0013,Turbochargers Product 13,Turbochargers,289,541,C00803,Osborn LLC,Distributor,Automotive,Jeffreyberg,Sweden,2018-03-30,1
20223009,331,3935,1,83,9,4,5,783.22,615.37,167.85,806.07,813.31,P0331,Cooling Systems Product 331,Cooling Systems,438,820,C03935,Hill-Owen,Distributor,Transportation,Lake Juanchester,Poland,2026-07-30,1
20258840,81,4596,4,20,1,4,1,184.56,135.53,49.03,193.29,196.37,P0081,Cooling Systems Product 81,Cooling Systems,246,679,C04596,"Reese, Collier and House",Fleet,Automotive,South Katherine,Belgium,2021-01-09,1
20238751,161,4157,10,59,5,3,5,2264.79,1805.12,459.67,2208.6,2336.47,P0161,Turbochargers Product 161,Turbochargers,413,546,C04157,"Austin, Anderson and Long",OEM,Manufacturing,Pittmanhaven,Austria,2021-09-15,1
20230252,159,2919,9,13,6,2,10,2082.75,1873.62,209.13,2043.5,2165.67,P0159,Filtration Product 159,Filtration,180,372,C02919,Lopez-Clark,OEM,Transportation,South Lori,Poland,2024-11-09,1
20241720,353,3925,3,93,5,5,8,1288.46,929.27,359.19,1315.26,1319.19,P0353,Sensors Product 353,Sensors,250,528,C03925,"Walker, Lawson and Hardy",Fleet,Transportation,West Douglaston,Netherlands,2019-02-26,1
20245342,226,4205,6,7,3,1,12,4134.54,3028.53,1106.01,4197.81,4344.86,P0226,Sensors Product 226,Sensors,473,523,C04205,Gallagher-Jones,Fleet,Transportation,Michaelburgh,Belgium,2025-10-02,1
20232189,175,1364,8,114,8,1,9,4244.98,3677.74,567.24,4449.28,4471.55,P0175,Aftertreatment Product 175,Aftertreatment,234,137,C01364,Ross Ltd,OEM,Manufacturing,Ashleyside,Germany,2022-02-14,1
20252474,339,2237,1,63,8,4,4,4942.75,3982.46,960.29,4958.34,4967.49,P0339,Cooling Systems Product 339,Cooling Systems,290,786,C02237,Harmon Ltd,OEM,Transportation,Alexandrialand,Poland,2019-06-01,1
20253886,371,4780,9,33,9,4,15,4113.81,3271.92,841.89,4281.98,4083.49,P0371,Cooling Systems Product 371,Cooling Systems,109,912,C04780,Brown-Hayes,Distributor,Automotive,West Jacobburgh,Belgium,2022-05-11,1
20247866,435,4813,4,35,2,3,10,3479.31,3097.25,382.06,3587.8,3447.52,P0435,Aftertreatment Product 435,Aftertreatment,175,492,C04813,"Ward, Crawford and Williams",Distributor,Transportation,West Kathleenfurt,Sweden,2023-12-20,1
20259179,69,3796,8,17,3,4,16,1221.51,875.35,346.16,1268.15,1204.29,P0069,Cooling Systems Product 69,Cooling Systems,184,980,C03796,"Rivera, Wright and Wallace",Fleet,Manufacturing,Gonzalezmouth,Italy,2022-01-27,1
20255112,158,895,4,23,4,4,5,4442.1,3227.27,1214.83,4308.77,4254.05,P0158,Filtration Product 158,Filtration,101,235,C00895,Anderson-Gonzalez,Fleet,Automotive,South Jeff,Sweden,2023-12-16,1
20249674,438,272,1,104,9,5,7,729.65,535.08,194.57,765.25,758.43,P0438,Electronics Product 438,Electronics,347,372,C00272,"Reed, Thomas and Davis",Fleet,Transportation,Deborahmouth,France,2019-07-02,1
20234672,238,1435,1,59,3,3,8,554.63,338.57,216.06,560.16,543.81,P0238,Cooling Systems Product 238,Cooling Systems,440,655,C01435,Beard LLC,Fleet,Manufacturing,Lake Felicia,France,2018-10-24,1
20249209,324,2464,10,8,7,5,4,1178.3,845.44,332.86,1189.94,1257.33,P0324,Fuel Systems Product 324,Fuel Systems,310,610,C02464,"Coffey, Sims and Sanford",Fleet,Automotive,South Victor,Belgium,2020-09-16,1
20234344,309,4337,5,22,2,2,19,3828.76,3202.64,626.12,3914.42,3874.47,P0309,Filtration Product 309,Filtration,421,447,C04337,"Rice, Shelton and Kim",Fleet,Transportation,Mooreshire,Austria,2017-01-18,1
20226508,12,3953,6,107,3,2,2,4675.94,3926.74,749.2,4777.35,5135.8,P0012,Turbochargers Product 12,Turbochargers,314,761,C03953,Fisher Inc,Fleet,Manufacturing,South Sonyaburgh,Germany,2024-05-12,1
20241167,447,2878,7,89,4,4,14,432.39,280.64,151.75,434.69,450.36,P0447,Turbochargers Product 447,Turbochargers,304,314,C02878,Villarreal Inc,Fleet,Manufacturing,Lake Dan,Italy,2022-06-20,1
20225850,319,1566,10,11,3,2,19,2566.69,1754.66,812.03,2446.05,2821.94,P0319,Aftertreatment Product 319,Aftertreatment,233,504,C01566,"Duncan, Huber and Mcdaniel",Fleet,Transportation,New Catherineshire,Netherlands,2026-07-14,1
20248227,328,3695,3,100,7,5,16,1108.63,863.97,244.66,1152.57,1162.7,P0328,Aftertreatment Product 328,Aftertreatment,344,838,C03695,"Martin, Hubbard and Young",Fleet,Manufacturing,New Jennifermouth,Netherlands,2023-10-23,1
20240233,270,1025,4,75,1,4,8,1962.03,1745.08,216.95,1924.55,1967.03,P0270,Filtration Product 270,Filtration,334,441,C01025,Bailey Ltd,Distributor,Automotive,Danielville,France,2025-12-29,1
20241853,69,902,1,64,3,4,9,1340.96,930.3,410.66,1350.7,1401.69,P0069,Cooling Systems Product 69,Cooling Systems,184,980,C00902,Johnson-Turner,Fleet,Transportation,North Cassidy,Italy,2026-03-19,1
20250879,185,4792,5,117,1,3,20,976.75,766.96,209.79,956.74,1006.75,P0185,Fuel Systems Product 185,Fuel Systems,337,176,C04792,Johnson LLC,Fleet,Transportation,Michelleton,Germany,2019-07-26,1
20230764,253,366,8,71,3,4,17,4352.16,2713.91,1638.25,4524.7,4700.81,P0253,Aftertreatment Product 253,Aftertreatment,370,818,C00366,Wilson and Sons,Fleet,Manufacturing,Nguyenstad,France,2021-03-01,1
20223307,347,1253,3,42,1,1,18,4253.6,2765.76,1487.84,4266.3,4287.95,P0347,Sensors Product 347,Sensors,389,607,C01253,"Williams, Williams and Huynh",OEM,Automotive,Johnsonview,Germany,2024-11-23,1
20244741,36,3870,5,98,2,4,18,1095.76,924.03,171.73,1147.78,1201.67,P0036,Electronics Product 36,Electronics,480,345,C03870,Vasquez-Perkins,Distributor,Manufacturing,Jacquelinehaven,Poland,2022-07-20,1
20256623,21,100,4,70,5,1,19,4554.4,3732.65,821.75,4468.85,4646.48,P0021,Turbochargers Product 21,Turbochargers,138,197,C00100,"Mejia, Joseph and Williams",Fleet,Transportation,Montoyastad,Belgium,2023-05-01,1
20221539,273,3673,3,101,4,1,7,2134.29,1913.05,221.24,2135.73,2085.72,P0273,Electronics Product 273,Electronics,359,829,C03673,Davis LLC,Distributor,Transportation,Smithmouth,Netherlands,2024-01-16,1
20245773,456,3361,2,40,2,3,3,4176.47,2748.55,1427.92,3995.09,4303.41,P0456,Sensors Product 456,Sensors,174,742,C03361,Newman Inc,Distributor,Manufacturing,Scottland,Austria,2020-06-04,1
20255175,262,2941,9,18,2,4,12,3043.16,2207.26,835.9,3080.23,2896.93,P0262,Fuel Systems Product 262,Fuel Systems,206,497,C02941,Williams-Hanson,OEM,Manufacturing,South Andreaborough,Sweden,2022-04-24,1
20228642,249,1936,3,37,6,5,10,3229.15,2173.79,1055.36,3381.65,3428.61,P0249,Fuel Systems Product 249,Fuel Systems,135,790,C01936,Cook Group,Fleet,Manufacturing,Lake Ashleyside,Spain,2016-10-29,1
20243010,197,2781,3,53,6,4,3,1990.32,1637.15,353.17,2043.71,2059.05,P0197,Electronics Product 197,Electronics,396,888,C02781,Cummings and Sons,Distributor,Transportation,West Melissa,Spain,2020-09-23,1
20231865,44,3333,2,108,1,1,2,3004.01,2064.65,939.36,3134.65,3131.32,P0044,Electronics Product 44,Electronics,254,373,C03333,Davidson-Johnson,Fleet,Automotive,East David,Netherlands,2018-05-20,1
20236408,180,1564,5,114,4,5,3,1109.18,719.88,389.3,1135.77,1213.04,P0180,Filtration Product 180,Filtration,163,558,C01564,Clark-Glenn,Fleet,Transportation,Larryburgh,Austria,2017-08-24,1
20242873,235,4943,8,101,5,2,10,2396.08,1555.37,840.71,2373.69,2376.11,P0235,Aftertreatment Product 235,Aftertreatment,401,732,C04943,Thornton PLC,Distributor,Automotive,Tuckerfort,Spain,2019-09-28,1
20253013,339,391,1,114,10,5,11,883.34,720.06,163.28,842.49,880.53,P0339,Cooling Systems Product 339,Cooling Systems,290,786,C00391,"Dunn, Watts and Valdez",Distributor,Automotive,West Scottview,Italy,2023-12-05,1
20249140,161,3655,1,14,10,5,11,4734.0,3759.96,974.04,4666.21,4774.96,P0161,Turbochargers Product 161,Turbochargers,413,546,C03655,"Fleming, Bell and Bradley",OEM,Transportation,Jameston,Austria,2019-12-30,1
20229601,367,42,5,97,2,2,7,2145.02,1324.04,820.98,2113.99,2124.05,P0367,Sensors Product 367,Sensors,144,431,C00042,"Petersen, White and Davis",OEM,Manufacturing,Michaelstad,Belgium,2024-09-29,1
20231221,216,565,9,19,9,4,4,2510.68,1906.73,603.95,2546.18,2562.43,P0216,Cooling Systems Product 216,Cooling Systems,366,240,C00565,"Thompson, Jefferson and Gutierrez",OEM,Manufacturing,Ortizfort,Sweden,2021-08-12,1
20241107,489,345,2,116,4,1,3,3504.77,2658.13,846.64,3450.86,3837.56,P0489,Cooling Systems Product 489,Cooling Systems,159,158,C00345,Perkins-Payne,Fleet,Automotive,New Tracey,Italy,2026-01-08,1
20231873,238,1991,5,48,8,1,7,4916.21,3253.79,1662.42,4803.41,4773.26,P0238,Cooling Systems Product 238,Cooling Systems,440,655,C01991,"Logan, Nelson and Baldwin",Distributor,Manufacturing,Mcdonaldport,Germany,2019-03-01,1
20227758,324,2872,9,17,10,5,14,4962.06,4253.59,708.47,4861.3,5111.38,P0324,Fuel Systems Product 324,Fuel Systems,310,610,C02872,Wise-Obrien,Fleet,Manufacturing,East Heather,Spain,2026-06-12,1
20237226,317,1760,2,79,7,4,8,1323.04,1181.18,141.86,1269.1,1421.13,P0317,Cooling Systems Product 317,Cooling Systems,303,365,C01760,Waters PLC,OEM,Automotive,Melanieborough,Poland,2019-10-22,1
20225673,296,1372,7,73,9,4,20,2450.8,1867.7,583.1,2455.72,2639.16,P0296,Electronics Product 296,Electronics,200,189,C01372,"Johnston, Chen and Kim",Fleet,Transportation,South Briannashire,Germany,2018-11-10,1
20251536,400,296,5,2,5,2,18,2308.6,1615.74,692.86,2295.88,2494.34,P0400,Fuel Systems Product 400,Fuel Systems,344,103,C00296,Hartman PLC,OEM,Automotive,East Andre,Poland,2020-03-27,1
20235401,350,505,3,86,9,1,1,912.21,674.15,238.06,873.84,871.03,P0350,Fuel Systems Product 350,Fuel Systems,378,846,C00505,Logan LLC,Distributor,Transportation,Gonzalezbury,Italy,2017-04-24,1
20256616,168,3265,3,6,2,5,20,1560.4,1067.16,493.24,1509.28,1637.85,P0168,Fuel Systems Product 168,Fuel Systems,192,876,C03265,"Flores, Keller and Cook",Fleet,Automotive,Margaretchester,France,2020-04-25,1
20229336,232,2738,5,78,7,3,15,1623.44,1057.45,565.99,1698.11,1680.15,P0232,Aftertreatment Product 232,Aftertreatment,485,876,C02738,Terry-Lopez,Distributor,Manufacturing,New David,Germany,2025-10-11,1
20246715,85,3633,4,94,4,5,9,4703.81,2942.4,1761.41,4782.11,4719.15,P0085,Filtration Product 85,Filtration,316,630,C03633,"Robbins, Moore and Smith",OEM,Automotive,East Stephen,Belgium,2026-04-09,1
20225245,163,2426,9,35,9,5,4,1521.08,1028.44,492.64,1558.21,1621.63,P0163,Sensors Product 163,Sensors,305,195,C02426,"Barrett, Melendez and Campbell",Distributor,Automotive,Linbury,Austria,2022-03-02,1
20230378,499,2597,6,96,10,1,6,384.04,297.88,86.16,386.88,394.07,P0499,Turbochargers Product 499,Turbochargers,82,373,C02597,"Newman, Walker and Brown",Fleet,Manufacturing,Browntown,Netherlands,2019-11-13,1
20245096,122,4458,4,32,1,3,9,2946.15,1908.11,1038.04,2916.43,2856.94,P0122,Electronics Product 122,Electronics,164,537,C04458,Gonzalez-Hansen,OEM,Transportation,South William,Spain,2023-05-22,1
20242309,236,4339,1,59,7,5,16,4689.71,3118.08,1571.63,4772.79,4868.48,P0236,Turbochargers Product 236,Turbochargers,115,148,C04339,Guzman Ltd,Fleet,Manufacturing,West Jessicafurt,Italy,2026-05-21,1
20244773,405,651,4,11,8,3,11,4847.18,3154.71,1692.47,4926.34,4939.15,P0405,Cooling Systems Product 405,Cooling Systems,129,167,C00651,Patterson Group,Fleet,Manufacturing,Millerchester,Austria,2026-03-01,1
20260183,275,786,1,60,3,4,3,1749.65,1187.95,561.7,1748.5,1808.52,P0275,Electronics Product 275,Electronics,69,802,C00786,"Griffin, Burgess and Harrell",OEM,Transportation,East Kevinfurt,Belgium,2018-12-06,1
20244735,252,3063,4,40,4,4,17,2528.99,1895.54,633.45,2634.32,2605.38,P0252,Aftertreatment Product 252,Aftertreatment,486,396,C03063,Rodriguez Group,OEM,Transportation,Lake Cheryl,Spain,2022-06-11,1
20242760,142,3490,8,72,8,2,16,3307.61,2232.42,1075.19,3233.49,3403.35,P0142,Sensors Product 142,Sensors,199,694,C03490,"Burns, Sanders and Morris",OEM,Transportation,Yorkstad,Austria,2022-11-01,1
20257080,96,3133,4,108,4,1,19,2629.3,1882.9,746.4,2677.15,2841.07,P0096,Turbochargers Product 96,Turbochargers,72,549,C03133,Myers PLC,OEM,Manufacturing,South Darrenburgh,Sweden,2023-10-28,1
20226997,244,1296,2,33,7,1,7,4739.59,3952.24,787.35,4770.86,4955.61,P0244,Fuel Systems Product 244,Fuel Systems,364,551,C01296,Richardson-Snyder,Fleet,Automotive,New Kimberlymouth,Sweden,2024-03-27,1
20236337,213,2303,1,26,1,4,3,323.97,225.98,97.99,328.41,348.72,P0213,Fuel Systems Product 213,Fuel Systems,382,243,C02303,Meza-Harris,OEM,Transportation,Jennifermouth,Poland,2018-06-29,1
20224357,405,3340,4,41,7,3,12,3299.35,2556.08,743.27,3263.58,3479.05,P0405,Cooling Systems Product 405,Cooling Systems,129,167,C03340,"Davis, Allen and Williams",Distributor,Manufacturing,Hoshire,Belgium,2020-11-01,1
20241652,269,2794,3,10,6,5,18,1357.48,960.78,396.7,1398.32,1475.48,P0269,Filtration Product 269,Filtration,473,207,C02794,"George, Adams and Mathews",OEM,Transportation,West Annburgh,Italy,2020-06-14,1
20247404,457,1051,5,93,4,4,3,3541.37,2897.39,643.98,3576.35,3846.68,P0457,Filtration Product 457,Filtration,213,262,C01051,Miller Ltd,Distributor,Automotive,West Sandraburgh,Sweden,2020-09-14,1
20243295,266,313,2,18,1,3,11,3484.73,2553.57,931.16,3619.62,3528.54,P0266,Aftertreatment Product 266,Aftertreatment,134,114,C00313,Lee and Sons,OEM,Transportation,Andrewville,Netherlands,2017-09-18,1
20222619,118,2630,6,24,1,5,17,2590.11,2110.97,479.14,2575.64,2679.49,P0118,Turbochargers Product 118,Turbochargers,151,106,C02630,Mcconnell-Stone,OEM,Manufacturing,North Shari,Netherlands,2021-05-23,1
20247165,204,3941,4,49,7,2,8,3446.43,2869.23,577.2,3413.09,3488.02,P0204,Filtration Product 204,Filtration,430,301,C03941,Chavez LLC,Fleet,Automotive,Clarkview,Germany,2017-08-31,1
20230787,173,4263,10,74,2,1,14,4479.9,2891.26,1588.64,4602.5,4340.59,P0173,Fuel Systems Product 173,Fuel Systems,358,422,C04263,"Anderson, Walker and Cole",OEM,Manufacturing,West Deniseburgh,Belgium,2022-08-27,1
20240648,100,1707,8,9,3,4,14,1412.33,1103.07,309.26,1417.14,1398.21,P0100,Cooling Systems Product 100,Cooling Systems,266,465,C01707,Ryan-White,OEM,Transportation,Justinville,Austria,2022-12-12,1
20220662,424,3837,4,88,8,1,18,2055.56,1675.35,380.21,2016.58,2226.37,P0424,Filtration Product 424,Filtration,265,363,C03837,Collins LLC,Distributor,Automotive,South Ryanborough,Netherlands,2023-06-11,1
20248076,19,2282,5,93,4,4,9,4408.96,2859.02,1549.94,4329.77,4738.78,P0019,Filtration Product 19,Filtration,481,705,C02282,Walters LLC,Fleet,Transportation,Willisland,Belgium,2017-03-12,1
20225487,204,2018,4,70,7,2,2,4563.17,3589.94,973.23,4432.09,4994.39,P0204,Filtration Product 204,Filtration,430,301,C02018,Wong-Ramirez,OEM,Transportation,Craigside,Sweden,2019-12-08,1
20259801,459,4454,4,88,6,2,6,3844.92,2625.85,1219.07,3718.84,3943.49,P0459,Filtration Product 459,Filtration,230,102,C04454,"Perez, Miller and Williams",Fleet,Automotive,Heatherborough,Germany,2025-10-09,1
20253004,300,3573,2,114,9,3,5,136.97,87.87,49.1,134.76,134.81,P0300,Cooling Systems Product 300,Cooling Systems,360,329,C03573,Miller Inc,Distributor,Manufacturing,Port Sheenamouth,Germany,2024-12-18,1
20259802,309,945,10,17,9,1,2,3927.9,2975.14,952.76,3797.49,4302.4,P0309,Filtration Product 309,Filtration,421,447,C00945,"Phillips, White and Hernandez",Distributor,Manufacturing,Crawfordborough,Belgium,2023-03-20,1
20255406,370,3477,7,37,4,2,6,4067.57,3458.67,608.9,3929.16,4378.59,P0370,Cooling Systems Product 370,Cooling Systems,487,266,C03477,"Reyes, Young and Hicks",OEM,Manufacturing,West Amber,Poland,2024-07-10,1
20260473,123,2555,2,20,3,2,12,1676.67,1148.39,528.28,1740.25,1715.18,P0123,Cooling Systems Product 123,Cooling Systems,147,719,C02555,"Odom, Stone and Norman",Distributor,Manufacturing,West Jonathan,Poland,2018-02-15,1
20246864,311,2791,5,26,10,5,2,3179.28,2066.61,1112.67,3127.4,3192.12,P0311,Sensors Product 311,Sensors,256,601,C02791,Howard-Manning,Fleet,Transportation,Lake Taylorbury,Spain,2019-10-18,1
20251717,243,506,3,94,6,1,8,4625.24,2877.28,1747.96,4732.64,4916.15,P0243,Fuel Systems Product 243,Fuel Systems,174,391,C00506,"Steele, Mathews and Jackson",Distributor,Automotive,Nicholasberg,Sweden,2024-09-01,1
20221926,94,247,8,21,3,3,4,3303.41,2490.52,812.89,3433.22,3152.21,P0094,Aftertreatment Product 94,Aftertreatment,214,964,C00247,Orr Group,Fleet,Manufacturing,Port Samanthastad,Sweden,2019-08-03,1
20225327,438,2800,10,104,8,4,14,4718.25,4147.03,571.22,4807.99,5062.44,P0438,Electronics Product 438,Electronics,347,372,C02800,Luna LLC,Fleet,Manufacturing,Lake Sierra,Netherlands,2019-03-24,1
20257865,61,597,7,119,3,2,9,891.79,554.37,337.42,861.01,876.11,P0061,Turbochargers Product 61,Turbochargers,365,974,C00597,Jackson and Sons,Distributor,Transportation,North Terry,Italy,2022-05-07,1
20236479,421,3684,5,13,3,2,17,1607.6,1019.67,587.93,1628.59,1764.57,P0421,Sensors Product 421,Sensors,88,105,C03684,Silva-Espinoza,Fleet,Automotive,Colinshire,Netherlands,2023-04-05,1
20254907,205,1016,4,40,7,1,6,3913.95,3163.48,750.47,4075.66,4304.67,P0205,Sensors Product 205,Sensors,355,908,C01016,"Mclaughlin, Clark and Oconnor",Distributor,Manufacturing,Michaelshire,Poland,2021-10-09,1
20253828,112,1823,5,60,6,4,11,1022.25,729.92,292.33,975.01,1007.0,P0112,Cooling Systems Product 112,Cooling Systems,416,407,C01823,Howell Ltd,Fleet,Automotive,Johnsonfurt,Italy,2022-04-05,1
20239919,92,33,1,115,6,2,1,521.5,427.34,94.16,511.14,569.65,P0092,Electronics Product 92,Electronics,297,337,C00033,Rice PLC,Fleet,Manufacturing,New Monica,Poland,2019-06-20,1
20248831,117,1733,7,78,5,1,18,734.67,630.26,104.41,738.25,793.75,P0117,Filtration Product 117,Filtration,60,919,C01733,Smith Ltd,OEM,Automotive,Bennettchester,Sweden,2023-02-24,1
20258909,83,2097,10,44,4,2,6,967.46,735.23,232.23,920.82,1052.24,P0083,Turbochargers Product 83,Turbochargers,419,367,C02097,"Rice, Jackson and Ellis",Fleet,Automotive,Port Jamiefort,Spain,2019-12-13,1
20227803,128,1630,1,17,5,4,15,2337.63,1500.03,837.6,2281.16,2311.51,P0128,Filtration Product 128,Filtration,124,665,C01630,Payne Inc,OEM,Automotive,Wilsonhaven,Netherlands,2018-11-28,1
20236720,328,1364,6,79,3,3,4,4339.51,3723.22,616.29,4544.25,4431.77,P0328,Aftertreatment Product 328,Aftertreatment,344,838,C01364,Ross Ltd,OEM,Manufacturing,Ashleyside,Germany,2022-02-14,1
20258928,88,1843,5,20,3,1,19,1537.08,1068.44,468.64,1546.63,1531.9,P0088,Filtration Product 88,Filtration,423,129,C01843,Sanders LLC,Fleet,Manufacturing,South Christinemouth,Spain,2021-07-10,1
20256810,229,3010,8,7,6,3,5,2883.02,2521.92,361.1,2966.29,2954.94,P0229,Cooling Systems Product 229,Cooling Systems,283,213,C03010,"Horne, Mitchell and Tucker",Fleet,Transportation,South Matthewchester,France,2023-10-17,1
20260660,360,1341,6,88,3,4,1,1256.75,1065.56,191.19,1316.23,1324.91,P0360,Fuel Systems Product 360,Fuel Systems,421,830,C01341,"Baker, Smith and Roth",Distributor,Manufacturing,Lake Robert,France,2022-12-08,1
20243640,132,4930,8,1,10,2,5,3321.86,2541.54,780.32,3457.64,3412.19,P0132,Electronics Product 132,Electronics,363,596,C04930,"Long, Fletcher and Smith",OEM,Automotive,Davidfurt,Netherlands,2021-03-12,1
20259495,350,2622,10,88,7,2,19,2763.63,2466.8,296.83,2781.96,2688.29,P0350,Fuel Systems Product 350,Fuel Systems,378,846,C02622,Howe and Sons,OEM,Automotive,South John,Belgium,2021-06-26,1
20251577,232,3752,7,72,6,2,15,4226.74,3426.2,800.54,4169.12,4500.71,P0232,Aftertreatment Product 232,Aftertreatment,485,876,C03752,Neal-Moore,OEM,Transportation,East Tylerfort,Netherlands,2025-06-16,1
20229173,310,913,9,100,3,4,1,4826.5,2907.59,1918.91,4744.9,4781.34,P0310,Filtration Product 310,Filtration,299,806,C00913,Wright PLC,Distributor,Automotive,Melissaland,Poland,2017-04-15,1
20244946,146,1386,2,27,9,1,16,2107.27,1859.72,247.55,2170.33,2005.47,P0146,Fuel Systems Product 146,Fuel Systems,401,816,C01386,"Jones, Hobbs and Garcia",Fleet,Automotive,Gayton,Austria,2019-09-09,1
20261203,278,172,7,21,7,5,5,2793.0,2442.94,350.06,2810.02,2724.75,P0278,Aftertreatment Product 278,Aftertreatment,153,148,C00172,Johnson Group,OEM,Automotive,Tracychester,Austria,2017-10-20,1
20236331,249,4551,5,87,1,2,5,1015.62,836.49,179.13,989.76,1028.11,P0249,Fuel Systems Product 249,Fuel Systems,135,790,C04551,Torres Ltd,OEM,Manufacturing,Leefort,Netherlands,2020-03-25,1
20244581,339,1628,1,82,6,3,5,670.74,415.01,255.73,662.96,687.14,P0339,Cooling Systems Product 339,Cooling Systems,290,786,C01628,Oneill-Smith,Fleet,Automotive,Hendricksland,Poland,2016-11-25,1
20240238,110,2036,9,11,7,4,10,3810.77,3391.25,419.52,3839.74,4183.73,P0110,Electronics Product 110,Electronics,272,303,C02036,"Jones, Valentine and Wood",Distributor,Automotive,South Nicolas,Italy,2019-11-15,1
20229352,89,3531,6,92,1,1,11,1659.7,1434.59,225.11,1684.72,1611.33,P0089,Sensors Product 89,Sensors,93,629,C03531,"Lawson, Barton and Johnson",Distributor,Automotive,Port Natalie,Netherlands,2018-02-17,1
20257477,184,3888,2,56,10,1,11,121.16,92.97,28.19,126.22,118.88,P0184,Turbochargers Product 184,Turbochargers,387,773,C03888,Hansen and Sons,OEM,Automotive,Lisahaven,Netherlands,2024-11-03,1
20251113,383,2490,6,26,2,5,6,659.18,498.28,160.9,627.45,639.8,P0383,Electronics Product 383,Electronics,446,491,C02490,"Hall, Wilson and Buck",Fleet,Automotive,Rosalesland,Spain,2024-05-01,1
20224397,161,1895,7,78,1,5,7,4952.28,3547.09,1405.19,4911.37,4874.58,P0161,Turbochargers Product 161,Turbochargers,413,546,C01895,Lewis PLC,Distributor,Transportation,Maryville,France,2017-01-05,1
20247255,312,644,10,24,9,4,11,1500.99,1277.93,223.06,1458.8,1626.15,P0312,Fuel Systems Product 312,Fuel Systems,67,419,C00644,Evans Ltd,Fleet,Transportation,South Garrettfort,France,2018-07-02,1
20224664,249,3356,1,29,9,2,5,3462.82,2667.81,795.01,3535.6,3468.68,P0249,Fuel Systems Product 249,Fuel Systems,135,790,C03356,Johnson Group,Distributor,Transportation,Desireeton,Germany,2021-10-13,1
20253955,497,1100,7,9,6,4,20,332.31,253.99,78.32,329.55,340.15,P0497,Electronics Product 497,Electronics,217,126,C01100,"Smith, Brewer and Hopkins",OEM,Manufacturing,Latashaton,Belgium,2019-08-18,1
20256542,429,3735,5,103,8,3,3,1015.35,717.64,297.71,1053.64,985.67,P0429,Aftertreatment Product 429,Aftertreatment,463,540,C03735,Matthews Ltd,OEM,Automotive,Moniqueborough,Germany,2020-05-07,1
20260183,170,4103,3,100,9,5,1,4527.37,2986.24,1541.13,4700.68,4342.62,P0170,Fuel Systems Product 170,Fuel Systems,339,713,C04103,"Herman, Cortez and Goodman",Distributor,Manufacturing,Patelhaven,Poland,2023-01-13,1
20227791,256,1007,6,15,6,4,15,4714.81,3211.02,1503.79,4763.19,4942.09,P0256,Cooling Systems Product 256,Cooling Systems,331,546,C01007,Davis-Torres,Fleet,Transportation,Theodoreland,Germany,2017-05-14,1
20252937,289,2561,5,65,2,5,20,4101.57,2502.16,1599.41,4280.98,4093.67,P0289,Fuel Systems Product 289,Fuel Systems,169,373,C02561,"Moreno, Mitchell and Huber",OEM,Automotive,West Jasonmouth,Austria,2021-08-29,1
20254281,380,4194,8,53,4,5,14,4475.9,3878.65,597.25,4429.67,4366.9,P0380,Electronics Product 380,Electronics,190,323,C04194,Taylor PLC,Distributor,Automotive,New Zacharyland,Italy,2018-04-08,1
20239482,477,664,5,92,2,4,17,4308.2,3457.4,850.8,4215.18,4200.83,P0477,Aftertreatment Product 477,Aftertreatment,143,204,C00664,"Vincent, Giles and Finley",Distributor,Manufacturing,Danashire,Austria,2020-12-25,1
20242910,294,1966,6,81,2,1,16,4877.99,3596.43,1281.56,4925.53,5005.7,P0294,Aftertreatment Product 294,Aftertreatment,75,306,C01966,Gonzalez-Valentine,Fleet,Manufacturing,North Cynthia,Austria,2023-08-02,1
20224343,457,872,2,40,6,2,4,3065.04,2319.79,745.25,3016.11,3048.78,P0457,Filtration Product 457,Filtration,213,262,C00872,"Miller, Holden and Martinez",Fleet,Transportation,East Anna,Sweden,2019-05-06,1
20260939,88,2220,9,79,8,1,14,3097.01,1905.16,1191.85,3249.23,3167.74,P0088,Filtration Product 88,Filtration,423,129,C02220,Tate Group,OEM,Transportation,New Cynthia,Sweden,2020-12-02,1
20255524,333,926,10,24,5,5,5,2604.44,1729.13,875.31,2675.44,2554.08,P0333,Aftertreatment Product 333,Aftertreatment,409,194,C00926,Moss Ltd,Distributor,Manufacturing,Port Kaylamouth,Austria,2022-09-24,1
20239804,325,4771,4,111,10,4,17,1877.8,1217.61,660.19,1927.59,1865.14,P0325,Sensors Product 325,Sensors,365,598,C04771,Reynolds Ltd,OEM,Manufacturing,Port Davidside,Netherlands,2018-06-12,1
20246588,305,999,1,118,6,4,20,479.59,379.27,100.32,484.82,514.66,P0305,Turbochargers Product 305,Turbochargers,461,501,C00999,Nash Inc,Fleet,Automotive,Doughertyberg,Belgium,2019-06-04,1
20254996,9,695,2,110,10,1,7,4856.26,3151.93,1704.33,5092.04,4623.6,P0009,Sensors Product 9,Sensors,489,328,C00695,Henderson-Maddox,OEM,Automotive,Jamieshire,France,2024-02-22,1
20228944,192,1738,10,56,1,3,13,4419.34,3144.72,1274.62,4302.52,4452.52,P0192,Sensors Product 192,Sensors,76,900,C01738,"Mcguire, Gregory and Glover",Fleet,Automotive,East Juanhaven,Sweden,2022-01-21,1
20255191,307,2640,9,45,10,3,10,795.39,510.03,285.36,803.98,848.27,P0307,Fuel Systems Product 307,Fuel Systems,324,670,C02640,Cooper PLC,OEM,Manufacturing,Wareberg,Belgium,2021-07-14,1
20221916,113,4290,9,31,7,4,5,713.29,465.49,247.8,739.7,764.84,P0113,Sensors Product 113,Sensors,459,151,C04290,Mann-Black,Distributor,Automotive,South Frank,Netherlands,2025-10-04,1
20226956,92,2072,1,33,9,1,9,1714.49,1160.74,553.75,1782.5,1776.08,P0092,Electronics Product 92,Electronics,297,337,C02072,"Anderson, Williams and Hernandez",Fleet,Automotive,Fowlermouth,Sweden,2026-05-11,1
20246931,134,3464,2,23,1,3,4,4929.34,4360.3,569.04,5040.6,5258.35,P0134,Fuel Systems Product 134,Fuel Systems,256,227,C03464,Fitzgerald-Brown,Distributor,Transportation,Port Howard,Sweden,2021-09-20,1
20235199,95,1594,6,43,8,2,3,4565.2,3458.63,1106.57,4777.59,4941.69,P0095,Aftertreatment Product 95,Aftertreatment,466,868,C01594,Johnson Ltd,Fleet,Transportation,East Toddburgh,Spain,2020-05-13,1
20258659,379,3277,6,65,7,3,13,944.36,656.52,287.84,981.93,1002.93,P0379,Cooling Systems Product 379,Cooling Systems,221,917,C03277,"Hernandez, Herrera and Dunn",Distributor,Transportation,Rachelburgh,Austria,2019-05-15,1
20229591,19,3185,7,102,4,3,5,4681.35,3606.19,1075.16,4881.99,5060.51,P0019,Filtration Product 19,Filtration,481,705,C03185,Mckay LLC,Distributor,Manufacturing,New Karen,Spain,2024-11-18,1
20241507,78,2154,3,37,1,1,17,2530.17,1745.15,785.02,2439.75,2723.66,P0078,Turbochargers Product 78,Turbochargers,353,157,C02154,Johnson PLC,Distributor,Manufacturing,Lake Katherine,Belgium,2020-11-28,1
20232011,299,4672,7,106,1,1,12,2562.18,2175.42,386.76,2664.38,2478.41,P0299,Sensors Product 299,Sensors,234,391,C04672,Rivas Inc,Fleet,Automotive,Griffinland,Netherlands,2021-02-21,1
20252810,275,4757,8,39,2,5,16,2533.44,1708.45,824.99,2416.68,2498.11,P0275,Electronics Product 275,Electronics,69,802,C04757,Williams-Parker,Fleet,Transportation,East Jennifer,Belgium,2017-10-02,1
20237352,175,269,3,84,5,5,3,2885.57,2504.96,380.61,2906.03,3138.27,P0175,Aftertreatment Product 175,Aftertreatment,234,137,C00269,Shea-Munoz,Distributor,Automotive,Turnershire,Netherlands,2024-03-10,1
20247170,365,2243,5,41,8,4,10,3581.15,2640.57,940.58,3704.12,3447.78,P0365,Aftertreatment Product 365,Aftertreatment,222,506,C02243,"Young, Warren and Green",Fleet,Manufacturing,Manningville,Poland,2023-04-24,1
20224096,212,4002,3,23,8,4,16,3473.14,3046.44,426.7,3417.51,3500.48,P0212,Filtration Product 212,Filtration,310,952,C04002,"Boyd, Decker and Barber",Distributor,Manufacturing,West Thomasberg,France,2025-02-03,1
20254631,70,3812,4,25,2,2,17,2044.46,1706.84,337.62,2096.52,2216.44,P0070,Turbochargers Product 70,Turbochargers,115,117,C03812,Thompson-Nguyen,OEM,Automotive,New Michaelville,Sweden,2018-12-26,1
20233282,365,4688,10,103,5,4,16,3897.96,2854.69,1043.27,3772.25,3857.61,P0365,Aftertreatment Product 365,Aftertreatment,222,506,C04688,Lopez LLC,OEM,Manufacturing,East Kyle,Germany,2018-08-19,1
20238119,455,3058,7,45,3,4,10,2358.31,1951.59,406.72,2367.82,2399.93,P0455,Fuel Systems Product 455,Fuel Systems,304,983,C03058,Grant-Sloan,Fleet,Automotive,Baileyburgh,Belgium,2019-12-01,1
20241471,375,572,10,115,1,2,10,4800.34,2998.97,1801.37,4918.57,4860.68,P0375,Electronics Product 375,Electronics,53,145,C00572,"Johnson, Swanson and Lee",Fleet,Automotive,Maldonadobury,Austria,2019-05-21,1
20235677,147,489,3,108,2,1,10,2865.73,1777.92,1087.81,2818.42,2808.38,P0147,Sensors Product 147,Sensors,54,359,C00489,Cruz-Gilbert,OEM,Transportation,Kellyton,Germany,2023-09-27,1
20244014,37,4721,5,108,4,5,19,1558.89,1339.89,219.0,1499.39,1502.99,P0037,Fuel Systems Product 37,Fuel Systems,205,436,C04721,"Wise, Anderson and Curtis",Distributor,Automotive,Spencershire,Germany,2018-01-26,1
20250486,433,4165,9,76,8,3,14,2975.54,1980.99,994.55,3101.79,2857.53,P0433,Turbochargers Product 433,Turbochargers,231,779,C04165,"Waters, Pena and Lara",Distributor,Transportation,Thomasmouth,France,2025-12-05,1
20250833,174,3409,8,2,6,4,20,4120.52,3400.03,720.49,4012.78,4385.18,P0174,Turbochargers Product 174,Turbochargers,178,705,C03409,"Todd, Gonzales and Jimenez",OEM,Transportation,Ellisland,Poland,2018-05-29,1
20225637,483,2014,7,72,7,5,7,3977.96,2902.9,1075.06,4036.06,3955.27,P0483,Cooling Systems Product 483,Cooling Systems,190,504,C02014,"Morton, Brown and Coffey",OEM,Automotive,West Eugene,Italy,2020-07-04,1
20231292,397,4311,6,105,9,2,9,3655.93,2878.41,777.52,3529.27,3627.25,P0397,Fuel Systems Product 397,Fuel Systems,173,384,C04311,Ray PLC,OEM,Automotive,New Jennifer,Belgium,2021-03-12,1
20245632,17,3295,5,76,5,1,3,2320.73,1565.45,755.28,2214.66,2435.73,P0017,Electronics Product 17,Electronics,160,200,C03295,"Johnson, Thornton and Peterson",Distributor,Transportation,Alexanderfort,Austria,2024-06-01,1
20224906,197,566,7,106,1,4,13,1575.45,1211.65,363.8,1537.81,1710.22,P0197,Electronics Product 197,Electronics,396,888,C00566,"Davis, Wilson and Mcneil",Distributor,Transportation,Millershire,Germany,2017-01-13,1
20244410,158,1194,9,71,2,2,20,384.35,289.18,95.17,372.5,415.73,P0158,Filtration Product 158,Filtration,101,235,C01194,Hill-Patel,Distributor,Transportation,Micheleville,Germany,2019-01-25,1
20238268,366,2143,2,16,9,1,15,3699.01,3218.77,480.24,3675.72,4009.46,P0366,Sensors Product 366,Sensors,359,401,C02143,"Powell, Hayes and Green",Distributor,Manufacturing,West Karen,Spain,2019-03-09,1
20243992,280,4321,1,5,3,3,7,3044.17,2394.69,649.48,3152.18,3035.29,P0280,Filtration Product 280,Filtration,159,364,C04321,"Reyes, Robinson and Neal",Distributor,Automotive,East Michaelport,Belgium,2016-09-17,1
20234837,53,4683,6,117,7,2,16,3797.65,2469.81,1327.84,3853.21,4123.48,P0053,Turbochargers Product 53,Turbochargers,498,900,C04683,English-Howell,OEM,Automotive,Alejandrafort,Germany,2021-09-11,1
20245278,453,607,3,101,1,4,4,1505.19,1133.3,371.89,1573.71,1557.88,P0453,Aftertreatment Product 453,Aftertreatment,450,357,C00607,"Mccann, Proctor and Wright",Distributor,Manufacturing,Byrdton,Spain,2017-06-13,1
20231818,448,4751,8,99,3,3,7,2560.63,1539.57,1021.06,2682.49,2590.38,P0448,Cooling Systems Product 448,Cooling Systems,64,439,C04751,Jones-Davis,OEM,Transportation,Port Marktown,France,2020-12-06,1
20240477,494,3854,5,87,8,3,20,1380.04,1110.86,269.18,1349.44,1445.11,P0494,Turbochargers Product 494,Turbochargers,491,324,C03854,Mullins PLC,Distributor,Transportation,Brianburgh,Austria,2021-02-11,1
20247824,458,2938,7,13,9,4,12,774.07,646.76,127.31,783.53,815.32,P0458,Sensors Product 458,Sensors,64,799,C02938,"Bell, Ruiz and Simon",Distributor,Transportation,New Hannahbury,Poland,2026-07-21,1
20253013,314,1674,3,36,1,3,20,2944.92,2399.39,545.53,2891.22,3107.98,P0314,Sensors Product 314,Sensors,460,598,C01674,"Green, Reed and Smith",Fleet,Manufacturing,Graceberg,Poland,2021-09-15,1
20234770,107,2283,2,77,7,5,13,3934.0,3242.06,691.94,4022.38,4265.99,P0107,Filtration Product 107,Filtration,112,196,C02283,"Mann, Andrews and Blackwell",Distributor,Transportation,North Gregory,Belgium,2018-07-22,1
20240281,212,3412,6,21,4,2,13,4682.63,3882.26,800.37,4851.31,4988.33,P0212,Filtration Product 212,Filtration,310,952,C03412,Crosby-Moore,Distributor,Transportation,West Ericahaven,Belgium,2025-04-20,1
20250553,181,1737,6,58,6,1,14,1228.52,896.81,331.71,1210.6,1290.96,P0181,Cooling Systems Product 181,Cooling Systems,243,370,C01737,Mendez-Cole,OEM,Manufacturing,South Becky,Germany,2026-05-28,1
20239166,86,3498,6,47,6,5,5,3846.43,2355.11,1491.32,3973.38,3724.35,P0086,Filtration Product 86,Filtration,290,692,C03498,Jackson-Martinez,Fleet,Manufacturing,Colemanmouth,Netherlands,2020-04-06,1
20253774,483,3073,9,60,2,4,7,2810.6,1816.96,993.64,2777.36,2935.69,P0483,Cooling Systems Product 483,Cooling Systems,190,504,C03073,Reyes Inc,OEM,Automotive,Rebeccahaven,Sweden,2022-10-14,1
20253617,441,3128,1,65,1,3,8,4782.28,3329.49,1452.79,4561.18,5205.0,P0441,Electronics Product 441,Electronics,161,670,C03128,Cain and Sons,OEM,Automotive,East Thomas,Sweden,2020-05-31,1
20230450,344,4239,2,42,5,2,15,1751.44,1395.9,355.54,1819.15,1774.49,P0344,Cooling Systems Product 344,Cooling Systems,482,648,C04239,Burnett-Ramirez,OEM,Automotive,Raymondchester,Sweden,2020-02-27,1
20252333,497,3952,3,69,4,3,13,2391.9,1644.49,747.41,2307.76,2439.9,P0497,Electronics Product 497,Electronics,217,126,C03952,"Baker, Woodard and Cortez",Distributor,Transportation,Davidbury,Italy,2020-03-05,1
20239432,57,2182,9,91,6,5,12,4703.95,2921.21,1782.74,4813.14,5001.22,P0057,Filtration Product 57,Filtration,182,606,C02182,"Collins, Reed and Mathis",Fleet,Automotive,West Kathleen,Poland,2021-07-28,1
20234829,124,4493,4,20,10,3,19,253.17,203.17,50.0,257.45,249.43,P0124,Turbochargers Product 124,Turbochargers,212,315,C04493,"White, Wise and Griffith",Distributor,Manufacturing,South Haley,Poland,2024-04-12,1
20246403,408,4121,4,38,1,5,16,1315.4,1151.96,163.44,1263.56,1410.4,P0408,Aftertreatment Product 408,Aftertreatment,476,366,C04121,Webb-Wilson,Fleet,Manufacturing,North Caleb,Sweden,2023-12-07,1
20228587,125,2172,5,110,1,5,8,2397.37,1657.81,739.56,2419.61,2278.69,P0125,Turbochargers Product 125,Turbochargers,437,990,C02172,Myers LLC,OEM,Automotive,Mcknightstad,Belgium,2026-04-16,1
20236923,36,2797,2,96,5,3,5,3822.9,2446.51,1376.39,3980.38,3724.29,P0036,Electronics Product 36,Electronics,480,345,C02797,Moore Group,OEM,Automotive,Arnoldstad,Netherlands,2016-08-11,1
20225181,104,3671,5,76,5,4,19,4876.4,3281.18,1595.22,4783.71,4907.59,P0104,Sensors Product 104,Sensors,395,283,C03671,Schmidt Group,Fleet,Manufacturing,East Brianfurt,Belgium,2021-10-20,1
20224844,240,846,8,92,7,2,15,3450.78,2422.41,1028.37,3590.94,3659.49,P0240,Turbochargers Product 240,Turbochargers,89,780,C00846,Carroll-Hall,Fleet,Transportation,Lake Paul,Poland,2026-06-14,1
20249096,142,5000,6,19,4,3,20,3114.31,1914.69,1199.62,3029.95,3286.35,P0142,Sensors Product 142,Sensors,199,694,C05000,"Smith, May and Tyler",Fleet,Automotive,Thomasmouth,Poland,2019-12-22,1
20234575,381,4265,1,117,2,5,9,1608.69,1265.85,342.84,1566.51,1622.39,P0381,Filtration Product 381,Filtration,81,103,C04265,Bennett Group,Distributor,Manufacturing,Monicastad,Sweden,2020-10-30,1
20238608,321,2561,2,11,3,3,15,4690.71,3137.59,1553.12,4659.31,4476.73,P0321,Cooling Systems Product 321,Cooling Systems,340,488,C02561,"Moreno, Mitchell and Huber",OEM,Automotive,West Jasonmouth,Austria,2021-08-29,1
20239646,94,3210,8,8,7,1,10,3188.11,2705.37,482.74,3147.11,3477.5,P0094,Aftertreatment Product 94,Aftertreatment,214,964,C03210,Johnson-Perry,OEM,Automotive,Port Ethan,Spain,2022-04-19,1
20225863,472,1531,5,92,5,2,8,3297.48,2818.18,479.3,3333.47,3279.09,P0472,Aftertreatment Product 472,Aftertreatment,267,714,C01531,Hopkins-Weaver,Fleet,Automotive,North Nathanland,Austria,2025-02-05,1
20245475,282,2656,10,4,5,2,14,248.11,215.62,32.49,255.29,268.27,P0282,Sensors Product 282,Sensors,228,207,C02656,Macias PLC,Distributor,Manufacturing,Jenniferfurt,Spain,2018-06-07,1
20224973,432,3326,8,96,6,4,19,1004.2,840.05,164.15,954.5,1059.8,P0432,Aftertreatment Product 432,Aftertreatment,144,546,C03326,Lewis and Sons,OEM,Automotive,Lake David,Italy,2026-07-22,1
20246001,435,76,1,14,8,3,9,2686.85,2155.49,531.36,2648.98,2907.83,P0435,Aftertreatment Product 435,Aftertreatment,175,492,C00076,May Ltd,OEM,Transportation,Monicaburgh,Italy,2017-04-13,1
20245688,139,4569,10,111,1,5,17,4975.41,3352.68,1622.73,4879.27,5380.45,P0139,Filtration Product 139,Filtration,167,1000,C04569,Wilson Ltd,Fleet,Automotive,Dawnmouth,Poland,2025-03-02,1
20252537,186,4159,2,66,1,1,3,1209.82,838.66,371.16,1173.79,1184.85,P0186,Sensors Product 186,Sensors,325,550,C04159,"Lopez, Duffy and Aguirre",OEM,Automotive,Maynardshire,Poland,2021-10-07,1
20242811,176,206,2,110,6,4,2,3211.5,2283.81,927.69,3287.49,3240.33,P0176,Aftertreatment Product 176,Aftertreatment,119,257,C00206,Sherman-White,Distributor,Transportation,Carriechester,Belgium,2020-10-21,1
20227961,313,580,4,3,4,4,13,3817.34,2620.3,1197.04,3649.39,4107.73,P0313,Cooling Systems Product 313,Cooling Systems,197,588,C00580,Mcbride-Fox,Distributor,Automotive,Parkborough,Poland,2023-09-03,1
20260885,370,1889,3,31,7,2,6,3458.09,2822.18,635.91,3385.65,3708.97,P0370,Cooling Systems Product 370,Cooling Systems,487,266,C01889,"Gilbert, Simmons and Walton",Fleet,Manufacturing,Jamesstad,Poland,2022-01-26,1
20242022,229,2009,3,118,7,3,14,1301.34,791.28,510.06,1306.78,1346.87,P0229,Cooling Systems Product 229,Cooling Systems,283,213,C02009,"Bean, Bryan and Sanders",Fleet,Manufacturing,Leemouth,Germany,2025-01-02,1
20239787,348,994,10,85,6,1,8,4159.09,2555.98,1603.11,4117.55,4151.97,P0348,Electronics Product 348,Electronics,355,293,C00994,Hicks and Sons,Distributor,Transportation,Hallmouth,Poland,2023-11-29,1
20220238,192,3651,5,102,1,4,13,2178.09,1324.96,853.13,2148.39,2303.09,P0192,Sensors Product 192,Sensors,76,900,C03651,Perez-Schultz,OEM,Transportation,Coryside,Poland,2017-01-30,1
20252130,378,2314,4,57,9,2,14,172.34,152.78,19.56,176.01,179.31,P0378,Filtration Product 378,Filtration,146,244,C02314,"Perkins, Miller and Gordon",Distributor,Transportation,West Derrick,Spain,2022-09-14,1
20222000,441,1454,3,13,1,4,7,4040.55,2484.05,1556.5,4095.83,3985.4,P0441,Electronics Product 441,Electronics,161,670,C01454,Brown-Krueger,Fleet,Manufacturing,Lake Ryan,Spain,2020-01-11,1
20250112,63,447,3,8,7,4,17,1387.72,1157.33,230.39,1403.46,1450.59,P0063,Turbochargers Product 63,Turbochargers,500,640,C00447,Brown LLC,Fleet,Manufacturing,Port Amy,Poland,2022-03-24,1
20257043,416,2380,8,32,1,3,10,3162.89,2748.63,414.26,3066.69,3294.74,P0416,Electronics Product 416,Electronics,125,422,C02380,Martin Inc,Fleet,Automotive,Port Sierrastad,Spain,2018-07-29,1
20225512,41,2476,10,99,1,4,16,3497.59,3042.87,454.72,3671.79,3703.51,P0041,Fuel Systems Product 41,Fuel Systems,90,256,C02476,Patton PLC,Fleet,Transportation,Kimberlyberg,Belgium,2019-04-05,1
20238241,119,1509,9,29,9,2,19,525.13,317.32,207.81,522.26,539.38,P0119,Electronics Product 119,Electronics,469,932,C01509,Thompson Ltd,Fleet,Automotive,East Stephanie,Netherlands,2020-01-17,1
20239966,354,3673,1,117,6,1,7,3585.55,2426.91,1158.64,3512.84,3757.53,P0354,Sensors Product 354,Sensors,291,182,C03673,Davis LLC,Distributor,Transportation,Smithmouth,Netherlands,2024-01-16,1
20256620,117,4708,9,20,4,4,2,299.2,251.97,47.23,286.8,309.77,P0117,Filtration Product 117,Filtration,60,919,C04708,Smith-Smith,Fleet,Manufacturing,South Carol,Spain,2016-11-01,1
20239645,267,2914,7,64,9,4,2,4344.95,2746.23,1598.72,4507.29,4501.54,P0267,Turbochargers Product 267,Turbochargers,306,322,C02914,"Velez, Watson and Hayes",Distributor,Transportation,East Matthewtown,Belgium,2020-08-04,1
20241875,435,3615,7,35,1,5,8,1734.88,1332.77,402.11,1715.3,1694.54,P0435,Aftertreatment Product 435,Aftertreatment,175,492,C03615,Woodard-Elliott,Fleet,Transportation,New Vincent,Germany,2016-08-31,1
20230020,222,4789,5,119,7,4,5,1091.03,844.59,246.44,1138.4,1195.59,P0222,Cooling Systems Product 222,Cooling Systems,375,952,C04789,Smith PLC,Fleet,Transportation,Lake Maureen,Spain,2024-11-04,1
20233841,319,2616,2,56,8,2,11,860.23,528.47,331.76,867.59,873.0,P0319,Aftertreatment Product 319,Aftertreatment,233,504,C02616,Clark-Thomas,Distributor,Transportation,West Lauren,France,2023-05-24,1
20255007,156,4847,9,11,3,5,8,1763.16,1458.72,304.44,1810.65,1807.66,P0156,Sensors Product 156,Sensors,455,484,C04847,"White, Owen and Reeves",Distributor,Manufacturing,North Michaelhaven,Germany,2018-05-07,1
20236760,296,3490,9,3,7,3,19,4061.28,2987.96,1073.32,4166.56,4074.26,P0296,Electronics Product 296,Electronics,200,189,C03490,"Burns, Sanders and Morris",OEM,Transportation,Yorkstad,Austria,2022-11-01,1
20246598,228,1483,6,115,7,4,4,886.02,778.26,107.76,906.84,896.57,P0228,Filtration Product 228,Filtration,197,732,C01483,Hampton-Page,OEM,Transportation,Michaelton,Belgium,2025-05-14,1
20239219,198,710,10,72,7,3,19,898.98,768.15,130.83,903.47,880.81,P0198,Sensors Product 198,Sensors,323,911,C00710,"Peters, Hunter and Johnson",Fleet,Manufacturing,Randallmouth,Netherlands,2022-03-09,1
20220197,125,2230,6,46,7,1,10,655.65,506.03,149.62,644.75,716.32,P0125,Turbochargers Product 125,Turbochargers,437,990,C02230,Villarreal-Odonnell,OEM,Transportation,Cookberg,Germany,2024-04-27,1
20237746,150,2570,9,68,2,5,19,3429.41,2491.26,938.15,3432.01,3380.33,P0150,Sensors Product 150,Sensors,296,856,C02570,"Cross, Fisher and Rivas",Distributor,Automotive,Morganburgh,Italy,2020-07-20,1
20229200,416,1073,2,71,5,2,8,4234.7,3168.44,1066.26,4428.65,4214.52,P0416,Electronics Product 416,Electronics,125,422,C01073,Anderson and Sons,Distributor,Automotive,Port Melinda,Italy,2019-02-03,1
20223760,128,2353,4,108,4,1,1,2161.83,1697.74,464.09,2139.92,2291.33,P0128,Filtration Product 128,Filtration,124,665,C02353,Ortega-Oneal,Fleet,Automotive,Port John,France,2018-01-02,1
20247415,312,3556,8,29,1,4,14,2008.87,1309.34,699.53,1944.18,2118.5,P0312,Fuel Systems Product 312,Fuel Systems,67,419,C03556,Hernandez-Estrada,Distributor,Automotive,Taraville,Italy,2023-09-02,1
20223911,453,4140,3,19,8,4,15,3132.0,2401.16,730.84,3096.38,3327.22,P0453,Aftertreatment Product 453,Aftertreatment,450,357,C04140,"Hernandez, Baker and Watson",Distributor,Transportation,Lake Margaretstad,Italy,2017-03-09,1
20224511,279,3261,1,37,6,3,14,3848.25,2380.16,1468.09,3970.12,4078.39,P0279,Turbochargers Product 279,Turbochargers,196,110,C03261,Rice-Williams,OEM,Manufacturing,Deannamouth,France,2019-11-04,1
20254066,144,421,2,98,6,2,4,2363.19,1632.87,730.32,2408.86,2540.62,P0144,Filtration Product 144,Filtration,322,362,C00421,Smith Inc,OEM,Transportation,Royfort,Germany,2018-07-23,1
20221340,236,4754,7,72,3,3,1,3900.76,2682.56,1218.2,3867.83,4169.42,P0236,Turbochargers Product 236,Turbochargers,115,148,C04754,"Parker, Jimenez and Barnett",OEM,Automotive,Melissachester,Austria,2017-01-04,1
20237529,410,1643,6,80,7,3,14,4335.9,3093.51,1242.39,4491.95,4586.72,P0410,Filtration Product 410,Filtration,442,172,C01643,"Ford, Lynn and Scott",OEM,Transportation,West Sara,France,2025-06-25,1
20234788,69,4221,1,16,1,5,3,1564.79,1383.51,181.28,1637.59,1498.86,P0069,Cooling Systems Product 69,Cooling Systems,184,980,C04221,Mann-Harrison,OEM,Manufacturing,Perezmouth,Austria,2018-07-31,1
20235639,307,4268,7,71,3,2,2,1154.85,878.98,275.87,1190.84,1163.33,P0307,Fuel Systems Product 307,Fuel Systems,324,670,C04268,Case Inc,Fleet,Transportation,East Brianside,Sweden,2020-04-14,1
20253108,144,280,7,17,3,5,18,667.57,555.28,112.29,637.95,639.64,P0144,Filtration Product 144,Filtration,322,362,C00280,Nelson Inc,OEM,Automotive,Sheltonview,Austria,2017-08-29,1
20240305,307,336,2,35,3,2,17,868.25,534.92,333.33,891.14,881.24,P0307,Fuel Systems Product 307,Fuel Systems,324,670,C00336,"Roberts, Velazquez and Pierce",Distributor,Automotive,Port Troy,France,2017-01-28,1
20231138,422,66,7,40,8,2,12,3357.43,2569.36,788.07,3382.65,3492.32,P0422,Turbochargers Product 422,Turbochargers,496,520,C00066,Wilson and Sons,Distributor,Transportation,South Miguelbury,Germany,2017-05-05,1
20257317,139,3637,5,19,6,2,13,1013.19,873.68,139.51,971.2,995.71,P0139,Filtration Product 139,Filtration,167,1000,C03637,Montes-Richardson,OEM,Automotive,South Mary,Netherlands,2016-08-15,1
20226026,493,1961,10,111,2,2,14,4096.26,3414.39,681.87,4215.86,4282.64,P0493,Fuel Systems Product 493,Fuel Systems,201,213,C01961,Patterson and Sons,Distributor,Transportation,Port Christopher,France,2020-06-25,1
20256940,259,1519,1,24,6,3,18,579.71,514.42,65.29,581.0,588.38,P0259,Turbochargers Product 259,Turbochargers,420,350,C01519,Gross-Roberson,Distributor,Transportation,East Michaelberg,Spain,2026-06-26,1
20237304,453,4776,6,6,3,3,6,2398.01,1576.36,821.65,2478.99,2472.54,P0453,Aftertreatment Product 453,Aftertreatment,450,357,C04776,Klein Ltd,OEM,Transportation,Alexafurt,Poland,2018-06-13,1
20251065,386,509,10,65,7,1,13,4405.99,2804.1,1601.89,4255.42,4664.63,P0386,Cooling Systems Product 386,Cooling Systems,112,448,C00509,Bryant-Reid,OEM,Transportation,Daniellechester,Belgium,2021-12-07,1
20261067,284,2936,2,119,6,2,12,1306.75,1139.14,167.61,1298.25,1291.57,P0284,Cooling Systems Product 284,Cooling Systems,378,813,C02936,Summers and Sons,Distributor,Transportation,Alyssafurt,France,2021-08-15,1
20227369,339,3641,5,69,10,5,4,1699.67,1021.81,677.86,1771.75,1690.89,P0339,Cooling Systems Product 339,Cooling Systems,290,786,C03641,Osborne-Mccarthy,Fleet,Transportation,Lake Kimberly,Sweden,2018-03-16,1
20252693,100,2784,6,60,6,1,18,4989.61,3039.35,1950.26,4867.57,4750.47,P0100,Cooling Systems Product 100,Cooling Systems,266,465,C02784,Jimenez Ltd,OEM,Transportation,Port Amandaville,Sweden,2024-12-24,1
20256731,227,3781,4,52,8,3,10,2848.11,2282.94,565.17,2900.42,2962.75,P0227,Cooling Systems Product 227,Cooling Systems,263,315,C03781,"Jones, Hudson and Gonzales",OEM,Automotive,Sharpland,Italy,2018-09-03,1
20258614,415,1867,5,30,2,2,19,3664.3,2410.61,1253.69,3561.11,3586.84,P0415,Fuel Systems Product 415,Fuel Systems,482,931,C01867,"Sharp, Romero and Davidson",Distributor,Transportation,Port Stevenborough,Poland,2022-06-19,1
20256334,306,2339,6,19,8,4,1,2572.38,2143.14,429.24,2502.5,2453.76,P0306,Sensors Product 306,Sensors,268,829,C02339,Sanchez-Keith,Fleet,Transportation,New Laurenville,France,2021-11-08,1
20243369,264,439,4,36,5,4,16,1471.06,953.11,517.95,1406.72,1432.15,P0264,Electronics Product 264,Electronics,85,333,C00439,Cooper-Blackwell,Distributor,Automotive,North Joanne,Netherlands,2021-08-12,1
20240759,85,4349,5,15,3,3,11,1870.0,1651.79,218.21,1945.69,1949.11,P0085,Filtration Product 85,Filtration,316,630,C04349,Hawkins Group,Fleet,Automotive,South Ericfort,Poland,2021-12-02,1
20223434,357,3129,9,74,7,2,13,1519.85,1025.25,494.6,1479.26,1481.53,P0357,Turbochargers Product 357,Turbochargers,388,710,C03129,Thomas LLC,OEM,Manufacturing,Rossport,Spain,2020-02-08,1
20235716,375,509,5,108,3,5,4,2733.94,1687.38,1046.56,2685.6,2942.76,P0375,Electronics Product 375,Electronics,53,145,C00509,Bryant-Reid,OEM,Transportation,Daniellechester,Belgium,2021-12-07,1
20232797,268,3972,10,59,2,4,2,3621.05,2905.79,715.26,3589.68,3911.26,P0268,Sensors Product 268,Sensors,491,116,C03972,Hernandez-Kerr,Fleet,Transportation,Matthewland,Austria,2024-09-16,1
20230239,398,578,7,8,6,3,12,4217.8,3192.29,1025.51,4154.71,4461.12,P0398,Fuel Systems Product 398,Fuel Systems,493,797,C00578,"West, Lozano and Hicks",OEM,Manufacturing,Port Markstad,Spain,2023-04-18,1
20249909,51,673,3,81,3,5,11,923.53,623.1,300.43,884.95,932.51,P0051,Electronics Product 51,Electronics,420,511,C00673,"Davis, Smith and Wood",Fleet,Manufacturing,Lake Philip,Austria,2020-01-20,1
20254792,123,2457,6,52,2,5,20,477.95,382.8,95.15,478.92,495.69,P0123,Cooling Systems Product 123,Cooling Systems,147,719,C02457,Ramos-Sanders,OEM,Manufacturing,East Carlymouth,Sweden,2024-04-16,1
20240266,469,76,8,84,9,4,13,1973.89,1483.35,490.54,1937.21,2124.07,P0469,Turbochargers Product 469,Turbochargers,275,157,C00076,May Ltd,OEM,Transportation,Monicaburgh,Italy,2017-04-13,1
20222080,458,2884,5,36,7,1,6,290.66,213.57,77.09,298.53,310.26,P0458,Sensors Product 458,Sensors,64,799,C02884,Harvey LLC,OEM,Automotive,Lisatown,France,2017-06-09,1
20231457,242,1017,8,104,2,3,18,2985.24,2661.74,323.5,3074.47,3154.47,P0242,Aftertreatment Product 242,Aftertreatment,231,167,C01017,Salas-Ross,Fleet,Automotive,North Samanthahaven,France,2020-03-26,1
20254740,18,3225,4,87,1,4,18,253.37,205.22,48.15,263.37,263.05,P0018,Electronics Product 18,Electronics,486,482,C03225,Gonzalez and Sons,OEM,Transportation,North Danielside,Poland,2019-06-16,1
20252374,335,3258,6,45,3,2,19,672.36,435.94,236.42,674.34,694.75,P0335,Cooling Systems Product 335,Cooling Systems,434,418,C03258,Velasquez-Taylor,Distributor,Manufacturing,North Alejandrofort,Netherlands,2021-12-09,1
20227127,402,3432,5,92,5,5,9,2624.56,1902.05,722.51,2691.28,2599.97,P0402,Sensors Product 402,Sensors,229,502,C03432,Merritt-Ellison,OEM,Manufacturing,Donaldsonshire,Belgium,2025-09-21,1
20226360,307,481,2,21,10,4,6,168.62,132.29,36.33,175.46,177.23,P0307,Fuel Systems Product 307,Fuel Systems,324,670,C00481,Perez PLC,OEM,Transportation,Lindaton,Italy,2023-08-13,1
20244089,15,245,9,1,8,5,8,2901.93,1796.37,1105.56,2936.61,2835.53,P0015,Cooling Systems Product 15,Cooling Systems,361,538,C00245,"Phillips, Torres and Rodriguez",OEM,Transportation,Lake Glen,Italy,2017-04-19,1
20227899,124,4057,2,62,1,3,15,2411.69,1893.84,517.85,2504.8,2545.95,P0124,Turbochargers Product 124,Turbochargers,212,315,C04057,Morgan and Sons,Distributor,Automotive,Mendozatown,Spain,2018-04-21,1
20246067,176,2536,5,103,7,5,10,3871.17,2536.42,1334.75,3781.74,3785.94,P0176,Aftertreatment Product 176,Aftertreatment,119,257,C02536,Hill Inc,Distributor,Transportation,New Ronald,Belgium,2022-10-22,1
20247957,389,1625,8,92,9,1,18,2137.86,1698.42,439.44,2145.71,2157.98,P0389,Aftertreatment Product 389,Aftertreatment,339,386,C01625,Salazar-Chambers,Fleet,Manufacturing,Ariasberg,Spain,2026-07-15,1
20235754,125,4267,2,116,3,4,6,662.15,568.96,93.19,692.08,719.08,P0125,Turbochargers Product 125,Turbochargers,437,990,C04267,Robles-Garrett,OEM,Manufacturing,Adamsport,Italy,2025-04-06,1
20242882,425,4222,3,3,9,3,11,2101.47,1511.26,590.21,2023.65,2260.35,P0425,Sensors Product 425,Sensors,236,818,C04222,"Jackson, Neal and Bates",Fleet,Manufacturing,Harrismouth,Belgium,2025-12-29,1
20256799,492,4595,10,117,4,5,14,1014.11,757.05,257.06,1060.02,1083.0,P0492,Fuel Systems Product 492,Fuel Systems,164,323,C04595,Walker PLC,OEM,Transportation,Holmestown,Belgium,2023-09-30,1
20228938,73,428,8,81,10,1,14,1814.0,1146.97,667.03,1751.16,1735.69,P0073,Electronics Product 73,Electronics,385,474,C00428,Smith-Brown,Distributor,Manufacturing,Kathyhaven,France,2020-03-17,1
20249253,120,2757,9,51,1,1,18,3483.51,2222.68,1260.83,3452.19,3358.84,P0120,Cooling Systems Product 120,Cooling Systems,484,991,C02757,Jackson Group,OEM,Transportation,Benjaminchester,Austria,2019-10-06,1
20234313,259,2015,8,45,7,2,8,1492.4,1239.38,253.02,1553.48,1480.53,P0259,Turbochargers Product 259,Turbochargers,420,350,C02015,Brown-Mclaughlin,Fleet,Manufacturing,West Deannaberg,Austria,2025-07-18,1
20226572,164,368,2,78,1,4,19,3317.11,2196.54,1120.57,3443.28,3170.88,P0164,Turbochargers Product 164,Turbochargers,99,253,C00368,Macias LLC,Fleet,Manufacturing,Conleyburgh,Italy,2021-06-08,1
20232551,163,2954,1,72,4,1,15,1346.04,1018.12,327.92,1301.39,1364.34,P0163,Sensors Product 163,Sensors,305,195,C02954,Skinner-Manning,OEM,Automotive,Aaronhaven,Germany,2019-02-14,1
20223577,419,4831,9,27,5,5,6,4797.22,3613.66,1183.56,4933.14,5098.54,P0419,Aftertreatment Product 419,Aftertreatment,52,624,C04831,"Reynolds, Graham and Sanders",Distributor,Manufacturing,Port Debbieton,Sweden,2024-12-17,1
20223335,445,1338,10,98,7,4,8,166.22,133.33,32.89,171.65,177.09,P0445,Fuel Systems Product 445,Fuel Systems,236,412,C01338,"Berry, Brown and Taylor",Distributor,Manufacturing,Nicolestad,Poland,2025-02-27,1
20241177,174,3978,9,57,7,3,1,514.3,358.19,156.11,508.8,550.6,P0174,Turbochargers Product 174,Turbochargers,178,705,C03978,"Miller, Stone and Gibbs",OEM,Manufacturing,Brandonborough,Austria,2017-09-04,1
20224171,326,642,8,7,4,5,13,2382.45,1992.83,389.62,2417.33,2578.66,P0326,Sensors Product 326,Sensors,428,355,C00642,Mitchell LLC,Distributor,Manufacturing,Roberttown,Poland,2022-05-06,1
20259020,87,1463,5,87,10,5,8,1438.13,1275.93,162.2,1450.77,1369.93,P0087,Turbochargers Product 87,Turbochargers,199,502,C01463,"Schmidt, Bush and Shea",Distributor,Transportation,Port David,Italy,2026-06-15,1
20246289,330,929,7,67,8,5,8,3122.4,2790.31,332.09,3117.22,3402.93,P0330,Electronics Product 330,Electronics,71,949,C00929,Silva-Walker,Distributor,Transportation,South Kimberlymouth,Poland,2018-06-21,1
20241353,163,998,1,11,6,5,17,2340.02,1451.5,888.52,2234.38,2250.1,P0163,Sensors Product 163,Sensors,305,195,C00998,Conner-Norton,Distributor,Automotive,North Samuel,Sweden,2020-10-20,1
20256783,360,2930,9,94,8,1,7,2097.97,1575.39,522.58,2059.95,2065.55,P0360,Fuel Systems Product 360,Fuel Systems,421,830,C02930,Griffith-Fowler,Distributor,Transportation,Port Tarabury,Belgium,2019-05-25,1
20250026,59,4719,4,117,7,2,6,754.1,497.89,256.21,746.98,782.15,P0059,Sensors Product 59,Sensors,456,535,C04719,"Floyd, Wallace and Cooper",Distributor,Manufacturing,Maryshire,Spain,2022-08-22,1
20222117,497,3227,5,36,4,1,3,3065.07,2456.76,608.31,2972.43,3345.42,P0497,Electronics Product 497,Electronics,217,126,C03227,Smith-Olson,Fleet,Manufacturing,Josehaven,Sweden,2017-08-04,1
20251598,5,2680,6,120,4,3,5,3611.96,3061.56,550.4,3489.03,3649.14,P0005,Sensors Product 5,Sensors,264,744,C02680,"Miller, Osborne and Mcdowell",Distributor,Transportation,South Debra,Italy,2020-02-07,1
20242690,474,50,10,4,10,5,20,3780.39,2701.72,1078.67,3757.15,3687.99,P0474,Fuel Systems Product 474,Fuel Systems,91,178,C00050,Alexander and Sons,Distributor,Transportation,Lake Miguel,Spain,2020-08-24,1
20222320,24,3247,8,39,9,2,6,3893.94,3093.72,800.22,3910.88,4185.53,P0024,Aftertreatment Product 24,Aftertreatment,382,526,C03247,Maldonado Inc,Fleet,Transportation,Marthaland,Austria,2024-05-09,1
20246897,251,1036,4,19,4,3,4,1408.91,951.6,457.31,1436.19,1401.42,P0251,Sensors Product 251,Sensors,385,817,C01036,Ross LLC,Fleet,Transportation,Sanchezville,Germany,2023-05-04,1
20232993,39,4562,5,84,9,1,16,841.46,599.34,242.12,839.26,874.97,P0039,Filtration Product 39,Filtration,453,666,C04562,Garrison PLC,Distributor,Manufacturing,Jonathanside,Germany,2022-01-06,1
20247487,4,219,1,52,3,5,14,3713.45,2252.0,1461.45,3767.82,4018.96,P0004,Fuel Systems Product 4,Fuel Systems,284,750,C00219,"Gutierrez, Coleman and Silva",Distributor,Transportation,Lake Sean,Poland,2023-11-05,1
20259429,403,2318,9,104,4,2,9,3737.66,2504.63,1233.03,3749.51,3921.85,P0403,Fuel Systems Product 403,Fuel Systems,144,701,C02318,Johnson and Sons,Distributor,Transportation,Meltonmouth,France,2021-06-04,1
20260481,256,1078,7,94,2,3,12,1502.27,1247.0,255.27,1570.15,1645.78,P0256,Cooling Systems Product 256,Cooling Systems,331,546,C01078,Hernandez and Sons,OEM,Automotive,Christopherfort,Netherlands,2022-02-20,1
20230745,170,3391,7,89,8,1,10,1798.24,1617.98,180.26,1856.84,1873.49,P0170,Fuel Systems Product 170,Fuel Systems,339,713,C03391,Smith-Hughes,Distributor,Transportation,Hopkinsview,Sweden,2023-01-07,1
20253257,294,3461,5,74,1,4,6,1818.8,1538.08,280.72,1840.62,1941.34,P0294,Aftertreatment Product 294,Aftertreatment,75,306,C03461,Patterson Ltd,Fleet,Transportation,Hawkinschester,Germany,2018-10-06,1
20223506,201,3165,3,68,6,5,8,3289.6,2703.6,586.0,3348.75,3436.97,P0201,Filtration Product 201,Filtration,170,784,C03165,"Taylor, Hernandez and Johnson",Fleet,Transportation,Port Jennifer,Germany,2025-09-19,1
20228392,105,4272,1,15,8,1,8,1385.06,1100.17,284.89,1373.12,1441.4,P0105,Filtration Product 105,Filtration,163,690,C04272,Hensley and Sons,OEM,Manufacturing,Lake Kathleenbury,Italy,2018-09-19,1
20235404,414,8,9,58,9,3,9,4141.46,3547.82,593.64,4219.89,4355.83,P0414,Sensors Product 414,Sensors,165,177,C00008,Walker and Sons,Fleet,Automotive,South Jeffreytown,France,2020-11-01,1
20251670,254,2205,4,60,1,5,3,1209.42,870.92,338.5,1181.92,1323.63,P0254,Sensors Product 254,Sensors,174,101,C02205,"Hill, Bailey and Johnson",Fleet,Automotive,West Angiechester,Germany,2018-04-13,1
20231685,428,4229,10,110,6,4,15,1074.19,781.53,292.66,1105.67,1175.12,P0428,Turbochargers Product 428,Turbochargers,101,943,C04229,Chang Inc,OEM,Transportation,East Alexandra,Netherlands,2016-08-27,1
20242623,438,3391,8,37,7,2,16,1928.53,1498.65,429.88,1932.04,1954.74,P0438,Electronics Product 438,Electronics,347,372,C03391,Smith-Hughes,Distributor,Transportation,Hopkinsview,Sweden,2023-01-07,1
20256946,331,4341,3,39,9,4,17,758.38,657.01,101.37,792.29,780.77,P0331,Cooling Systems Product 331,Cooling Systems,438,820,C04341,"Jones, Fowler and Owens",OEM,Transportation,East Ebony,Belgium,2016-12-03,1
20254918,68,4678,1,85,5,5,15,265.73,166.47,99.26,273.51,283.55,P0068,Filtration Product 68,Filtration,120,182,C04678,Moran-Sullivan,Distributor,Automotive,Jessicaville,Sweden,2024-12-02,1
20250476,305,4735,9,108,2,3,6,288.54,186.57,101.97,300.08,286.37,P0305,Turbochargers Product 305,Turbochargers,461,501,C04735,Burton Ltd,OEM,Manufacturing,Matthewberg,Belgium,2020-07-31,1
20229595,240,2194,1,98,4,1,10,1363.41,1148.0,215.41,1315.1,1415.66,P0240,Turbochargers Product 240,Turbochargers,89,780,C02194,Holland-Huber,Distributor,Manufacturing,Pierceburgh,France,2019-07-02,1
20235579,308,483,8,75,1,4,19,3785.7,2538.43,1247.27,3786.24,4098.05,P0308,Turbochargers Product 308,Turbochargers,154,702,C00483,Patrick PLC,OEM,Manufacturing,Elliottchester,France,2017-10-09,1
20223102,441,1994,3,12,2,3,8,3449.5,2728.89,720.61,3545.0,3508.1,P0441,Electronics Product 441,Electronics,161,670,C01994,"Myers, Wang and Foley",Fleet,Transportation,Ericksonville,Poland,2017-02-17,1
20235207,29,4545,5,51,3,1,11,4329.13,3273.12,1056.01,4313.04,4580.37,P0029,Fuel Systems Product 29,Fuel Systems,128,126,C04545,"Brooks, Howard and Mcbride",Distributor,Transportation,Davisshire,Spain,2020-09-11,1
20247253,288,1982,7,69,5,3,18,3301.11,2118.83,1182.28,3393.43,3543.74,P0288,Sensors Product 288,Sensors,78,583,C01982,Manning-Hill,OEM,Manufacturing,Dylanchester,France,2022-02-02,1
20227624,293,3476,10,7,6,4,12,270.09,179.64,90.45,281.83,296.67,P0293,Sensors Product 293,Sensors,124,541,C03476,Gaines Group,Distributor,Automotive,Evansland,France,2024-03-01,1
20223366,249,489,10,91,8,3,12,4897.69,3354.96,1542.73,5025.06,4847.44,P0249,Fuel Systems Product 249,Fuel Systems,135,790,C00489,Cruz-Gilbert,OEM,Transportation,Kellyton,Germany,2023-09-27,1
20240081,176,3706,5,92,10,2,8,4734.28,3946.47,787.81,4784.51,5175.2,P0176,Aftertreatment Product 176,Aftertreatment,119,257,C03706,Flynn-Walker,OEM,Automotive,Dianahaven,Belgium,2020-11-06,1
20241574,283,2596,7,77,7,3,1,2509.02,1734.3,774.72,2418.79,2449.08,P0283,Electronics Product 283,Electronics,313,844,C02596,Payne PLC,OEM,Automotive,Jamesstad,Spain,2021-01-24,1
20227687,13,4956,6,24,7,4,6,2022.46,1359.99,662.47,2082.24,2053.55,P0013,Turbochargers Product 13,Turbochargers,289,541,C04956,"Barnes, Ray and Boyer",Distributor,Transportation,Irwinbury,Spain,2019-03-16,1
20235897,425,767,7,70,10,3,15,1044.51,694.72,349.79,1033.54,1021.92,P0425,Sensors Product 425,Sensors,236,818,C00767,"Cain, Warren and Lewis",OEM,Automotive,Francofurt,Italy,2024-12-16,1
20257309,432,4354,9,69,3,1,2,2275.26,1985.8,289.46,2205.4,2324.9,P0432,Aftertreatment Product 432,Aftertreatment,144,546,C04354,Little-Brown,Fleet,Transportation,Cunninghamton,France,2019-12-30,1
20244749,61,1564,7,6,9,2,2,1710.41,1120.17,590.24,1723.62,1789.05,P0061,Turbochargers Product 61,Turbochargers,365,974,C01564,Clark-Glenn,Fleet,Transportation,Larryburgh,Austria,2017-08-24,1
20255529,34,486,1,7,4,4,8,3655.03,3240.77,414.26,3629.21,3733.71,P0034,Fuel Systems Product 34,Fuel Systems,67,719,C00486,"Santiago, Roberts and Watson",OEM,Automotive,East Katherine,France,2025-02-02,1
20242005,466,2298,5,66,8,5,4,2783.84,2430.12,353.72,2788.62,2709.33,P0466,Electronics Product 466,Electronics,346,745,C02298,"Jones, Walker and Yu",OEM,Automotive,Petersberg,Italy,2019-01-23,1
20244739,446,3003,6,58,4,3,17,2448.0,1749.02,698.98,2514.48,2611.05,P0446,Fuel Systems Product 446,Fuel Systems,211,595,C03003,"Jones, Parker and Walters",Distributor,Automotive,Mezafort,Poland,2025-05-18,1
20253077,386,2490,1,28,6,4,5,4016.38,2498.07,1518.31,4022.01,3939.03,P0386,Cooling Systems Product 386,Cooling Systems,112,448,C02490,"Hall, Wilson and Buck",Fleet,Automotive,Rosalesland,Spain,2024-05-01,1
20245940,356,1277,9,69,2,3,6,4077.2,3489.09,588.11,4149.91,4192.35,P0356,Filtration Product 356,Filtration,250,324,C01277,Nguyen Ltd,Distributor,Automotive,Martinmouth,Austria,2021-02-06,1
20260929,20,4522,4,108,4,4,18,1446.53,924.37,522.16,1464.16,1476.22,P0020,Turbochargers Product 20,Turbochargers,66,961,C04522,Jones Group,Fleet,Transportation,South Mikaylaton,Germany,2026-02-08,1
20257261,474,3926,3,13,3,5,20,798.56,606.47,192.09,761.65,854.7,P0474,Fuel Systems Product 474,Fuel Systems,91,178,C03926,Long-Schmidt,OEM,Transportation,Vargasborough,Italy,2024-02-04,1
20225910,109,1264,10,82,5,2,18,2581.39,2031.24,550.15,2478.03,2653.1,P0109,Cooling Systems Product 109,Cooling Systems,251,702,C01264,Campbell Inc,Fleet,Automotive,Larsonport,Belgium,2017-03-11,1
20220822,403,2249,5,50,7,4,11,3468.83,2847.57,621.26,3619.31,3464.38,P0403,Fuel Systems Product 403,Fuel Systems,144,701,C02249,Thomas LLC,Fleet,Transportation,Brianshire,France,2020-05-07,1
20237267,117,2545,7,43,9,4,8,245.95,161.69,84.26,252.64,266.05,P0117,Filtration Product 117,Filtration,60,919,C02545,"Watkins, Kennedy and Jensen",OEM,Manufacturing,South Audreyfort,Belgium,2019-07-22,1
20245785,74,2687,6,47,9,4,18,3627.74,3080.35,547.39,3804.59,3841.54,P0074,Sensors Product 74,Sensors,140,914,C02687,Espinoza-Smith,Fleet,Manufacturing,Port William,Sweden,2025-10-03,1
20238773,397,2476,8,34,2,2,14,2997.98,2533.84,464.14,3140.19,2963.38,P0397,Fuel Systems Product 397,Fuel Systems,173,384,C02476,Patton PLC,Fleet,Transportation,Kimberlyberg,Belgium,2019-04-05,1
20240018,263,708,10,12,6,2,11,2403.65,1570.86,832.79,2467.82,2546.97,P0263,Sensors Product 263,Sensors,106,470,C00708,"Medina, Jenkins and Holmes",OEM,Transportation,Port Tracy,Poland,2017-06-01,1
20242095,127,460,5,97,2,5,4,1438.24,1100.23,338.01,1377.33,1545.22,P0127,Aftertreatment Product 127,Aftertreatment,488,991,C00460,"Valdez, Fitzgerald and Roy",Distributor,Automotive,Davenportland,Italy,2026-06-27,1
20246110,365,458,4,34,1,5,13,2641.6,2146.79,494.81,2734.16,2630.65,P0365,Aftertreatment Product 365,Aftertreatment,222,506,C00458,"Green, Warren and Diaz",OEM,Manufacturing,New Monicaland,Spain,2017-07-08,1
20250319,309,4139,9,74,2,3,3,3525.54,2635.91,889.63,3611.27,3599.87,P0309,Filtration Product 309,Filtration,421,447,C04139,"Acosta, Hayden and Houston",Distributor,Manufacturing,North Angieshire,Belgium,2017-02-21,1
20239365,114,3074,9,118,8,3,15,2180.66,1917.83,262.83,2118.04,2137.12,P0114,Turbochargers Product 114,Turbochargers,261,467,C03074,"Bennett, Hudson and Henry",Fleet,Automotive,Lake Davidmouth,Germany,2017-03-24,1
20237623,339,1873,3,29,1,1,10,759.07,457.13,301.94,769.82,770.1,P0339,Cooling Systems Product 339,Cooling Systems,290,786,C01873,Daniels-Henry,Fleet,Automotive,Timothyport,Poland,2023-12-28,1
20235301,34,1654,6,69,4,3,10,2920.51,2106.07,814.44,2935.57,3035.12,P0034,Fuel Systems Product 34,Fuel Systems,67,719,C01654,"Payne, Smith and White",Distributor,Transportation,South Jameschester,Spain,2024-01-19,1
20230842,68,2541,3,113,6,1,15,593.15,504.7,88.45,612.88,637.63,P0068,Filtration Product 68,Filtration,120,182,C02541,Williams-Ewing,Distributor,Transportation,Lake Amy,Sweden,2017-02-04,1
20228413,373,2634,7,64,4,1,11,2633.13,2097.35,535.78,2592.69,2580.17,P0373,Aftertreatment Product 373,Aftertreatment,170,200,C02634,Smith-Sharp,OEM,Automotive,Port Autumnstad,Italy,2024-12-01,1
20220310,286,1993,4,60,4,4,9,1580.68,1191.44,389.24,1633.55,1668.86,P0286,Aftertreatment Product 286,Aftertreatment,346,148,C01993,Atkins LLC,OEM,Automotive,New Timothy,France,2024-10-07,1
20240941,100,59,10,52,8,3,7,3640.87,2593.76,1047.11,3623.93,3869.74,P0100,Cooling Systems Product 100,Cooling Systems,266,465,C00059,Smith-Ross,Fleet,Automotive,East Daniel,Spain,2021-01-13,1
20224688,224,3921,6,26,6,1,1,236.11,159.46,76.65,225.58,252.98,P0224,Cooling Systems Product 224,Cooling Systems,385,175,C03921,"Black, Edwards and Harper",OEM,Transportation,Silvaview,Italy,2024-07-18,1
20224884,287,1297,5,7,1,5,2,3296.78,1980.24,1316.54,3236.48,3510.78,P0287,Electronics Product 287,Electronics,63,884,C01297,"Johnson, Glenn and Peterson",OEM,Automotive,Port Matthew,Austria,2022-05-13,1
20260848,450,2029,5,25,5,2,3,2306.8,1976.02,330.78,2392.71,2387.7,P0450,Sensors Product 450,Sensors,333,866,C02029,Burnett-Hartman,OEM,Transportation,Jaclynton,Germany,2017-12-28,1
20236962,126,2028,1,61,3,3,12,1637.79,1055.42,582.37,1707.12,1583.72,P0126,Cooling Systems Product 126,Cooling Systems,302,414,C02028,Washington-Lam,Distributor,Transportation,Colemanland,Poland,2023-06-21,1
20230050,421,643,9,115,10,5,16,1441.24,869.36,571.88,1407.26,1423.06,P0421,Sensors Product 421,Sensors,88,105,C00643,"Rodriguez, Jackson and Montoya",Fleet,Transportation,West Amanda,Poland,2017-03-29,1
20230917,311,2754,1,85,3,4,16,3577.19,3193.89,383.3,3452.4,3636.46,P0311,Sensors Product 311,Sensors,256,601,C02754,"Ray, Wright and Williams",Fleet,Automotive,Johnnyville,Spain,2021-05-15,1
20253349,438,1281,2,50,6,4,19,1359.07,1007.33,351.74,1321.07,1385.89,P0438,Electronics Product 438,Electronics,347,372,C01281,Dudley-Sanders,Distributor,Transportation,Lake Haileystad,Italy,2025-01-23,1
20230342,315,4514,8,37,10,2,7,1650.08,1006.39,643.69,1661.24,1704.29,P0315,Cooling Systems Product 315,Cooling Systems,222,841,C04514,Tate LLC,Distributor,Transportation,Danielhaven,Poland,2020-01-22,1
20260947,154,4380,6,43,3,1,19,2564.69,1741.06,823.63,2605.68,2546.93,P0154,Cooling Systems Product 154,Cooling Systems,279,445,C04380,Roberson-Walker,Distributor,Automotive,Oliviashire,France,2019-10-15,1
20235175,475,4172,8,72,1,5,5,477.78,398.68,79.1,486.57,496.29,P0475,Cooling Systems Product 475,Cooling Systems,469,481,C04172,Gross and Sons,OEM,Automotive,West Williambury,Netherlands,2026-02-26,1
20240883,210,4408,7,75,5,3,17,2650.21,1996.01,654.2,2771.09,2854.73,P0210,Sensors Product 210,Sensors,381,886,C04408,Farrell-Fischer,Fleet,Transportation,Tracihaven,Netherlands,2021-05-30,1
20226358,365,2385,3,72,1,2,14,3776.39,2490.6,1285.79,3695.84,3790.97,P0365,Aftertreatment Product 365,Aftertreatment,222,506,C02385,Chavez Ltd,Distributor,Automotive,Lake Sarah,Belgium,2024-11-22,1
20224441,67,3723,8,93,2,4,5,2334.2,1621.62,712.58,2340.79,2310.63,P0067,Turbochargers Product 67,Turbochargers,160,257,C03723,Reed and Sons,OEM,Transportation,Bryantfort,Italy,2025-06-07,1
20251465,42,4636,4,22,3,2,19,1479.62,888.77,590.85,1479.21,1434.29,P0042,Fuel Systems Product 42,Fuel Systems,96,866,C04636,Gallegos LLC,Distributor,Automotive,Kempbury,Sweden,2021-03-18,1
20256531,286,371,3,108,4,2,17,3277.66,1980.21,1297.45,3266.27,3340.45,P0286,Aftertreatment Product 286,Aftertreatment,346,148,C00371,Hunt Ltd,OEM,Automotive,Hawkinshaven,Austria,2018-07-25,1
20251006,465,4086,3,89,6,4,13,2739.15,1946.56,792.59,2708.28,2928.54,P0465,Fuel Systems Product 465,Fuel Systems,52,135,C04086,Hernandez-Carrillo,Fleet,Manufacturing,Clementsberg,Austria,2024-08-22,1
20244414,437,1192,3,97,8,3,2,3912.31,3182.47,729.84,3975.31,3970.34,P0437,Turbochargers Product 437,Turbochargers,415,793,C01192,"Maldonado, Cannon and Stout",OEM,Manufacturing,East Erichaven,Sweden,2021-03-14,1
20227760,431,890,10,101,5,4,9,934.75,754.07,180.68,923.62,970.44,P0431,Fuel Systems Product 431,Fuel Systems,367,503,C00890,"Castaneda, Martinez and Wu",Fleet,Automotive,Smithhaven,Netherlands,2026-03-19,1
20259123,193,4505,5,54,2,2,15,3949.76,3094.3,855.46,3973.91,4195.55,P0193,Turbochargers Product 193,Turbochargers,376,442,C04505,Schmitt-Williams,Distributor,Automotive,Maryland,Germany,2020-09-14,1
20253576,39,1601,3,101,6,1,8,344.96,304.67,40.29,350.46,369.82,P0039,Filtration Product 39,Filtration,453,666,C01601,Olson Ltd,Distributor,Automotive,Lake Bryan,Austria,2022-08-31,1
20220241,37,2353,4,43,2,5,18,3350.29,2342.4,1007.89,3504.6,3195.47,P0037,Fuel Systems Product 37,Fuel Systems,205,436,C02353,Ortega-Oneal,Fleet,Automotive,Port John,France,2018-01-02,1
20251661,133,1474,5,37,10,4,1,4598.39,3725.33,873.06,4814.0,4548.55,P0133,Turbochargers Product 133,Turbochargers,307,332,C01474,Simpson-Carey,Distributor,Transportation,West Laurenfort,Belgium,2016-10-19,1
20248698,460,3871,8,67,3,1,12,2274.46,1597.23,677.23,2259.74,2172.11,P0460,Cooling Systems Product 460,Cooling Systems,158,883,C03871,Mcconnell LLC,Distributor,Transportation,Lake Martin,Belgium,2021-05-22,1
20229057,197,2150,4,118,9,4,3,4863.48,3532.72,1330.76,4829.61,4695.25,P0197,Electronics Product 197,Electronics,396,888,C02150,Simpson Inc,Fleet,Transportation,Lake Anthonyburgh,Netherlands,2021-12-20,1
20255568,450,2404,9,59,6,1,2,3497.73,3064.42,433.31,3401.74,3813.11,P0450,Sensors Product 450,Sensors,333,866,C02404,"Evans, Lara and Williams",Distributor,Manufacturing,Adriennefurt,Spain,2024-10-18,1
20251216,488,3810,6,116,7,3,4,4475.89,2912.75,1563.14,4687.99,4487.43,P0488,Filtration Product 488,Filtration,167,240,C03810,Jones Ltd,Fleet,Manufacturing,West Jennifer,Poland,2016-08-15,1
20224943,72,4101,1,75,4,1,9,1792.03,1341.24,450.79,1781.47,1725.82,P0072,Filtration Product 72,Filtration,99,254,C04101,"Sims, Sutton and Reilly",Fleet,Automotive,Charlesville,Belgium,2019-07-08,1
20254874,180,3779,5,99,9,4,10,1036.03,896.51,139.52,989.77,1023.01,P0180,Filtration Product 180,Filtration,163,558,C03779,Davis Ltd,Fleet,Transportation,South Jasmineborough,Germany,2023-02-01,1
20251528,401,4423,4,86,6,4,13,1080.13,671.21,408.92,1045.69,1118.58,P0401,Electronics Product 401,Electronics,66,264,C04423,"Chavez, Pope and Lucas",OEM,Automotive,Markton,Spain,2024-08-25,1
20248105,241,2164,6,35,2,3,20,3302.47,2886.49,415.98,3438.27,3296.62,P0241,Sensors Product 241,Sensors,348,470,C02164,Baldwin-Williams,Distributor,Manufacturing,Jaredburgh,France,2024-01-27,1
20234452,149,3136,10,26,5,5,9,365.91,309.72,56.19,349.68,368.78,P0149,Sensors Product 149,Sensors,441,408,C03136,Clark-Larson,Fleet,Transportation,Flynnside,Spain,2024-02-20,1
20234012,490,1704,7,67,5,3,4,156.15,95.39,60.76,157.13,152.7,P0490,Filtration Product 490,Filtration,178,560,C01704,Jackson Inc,OEM,Transportation,Lake Elizabethfurt,Spain,2021-07-04,1
20238691,456,2341,9,88,6,5,5,1837.79,1252.87,584.92,1828.77,1938.95,P0456,Sensors Product 456,Sensors,174,742,C02341,Strickland-Lewis,Fleet,Transportation,Lake Jennifer,Austria,2019-11-13,1
20260208,386,699,9,27,1,1,1,3192.89,2828.83,364.06,3263.97,3273.97,P0386,Cooling Systems Product 386,Cooling Systems,112,448,C00699,Ward-Sexton,OEM,Automotive,Lisaton,Spain,2018-11-18,1
20241081,138,4098,7,44,3,3,4,4329.6,3087.24,1242.36,4479.55,4494.22,P0138,Filtration Product 138,Filtration,450,603,C04098,"Perkins, French and Smith",Fleet,Manufacturing,Turnerport,Germany,2019-12-14,1
20251206,271,4595,3,79,3,5,2,432.6,292.83,139.77,448.43,423.93,P0271,Turbochargers Product 271,Turbochargers,236,400,C04595,Walker PLC,OEM,Transportation,Holmestown,Belgium,2023-09-30,1
20248452,383,2062,3,63,4,4,14,3068.2,2195.89,872.31,3213.35,3277.8,P0383,Electronics Product 383,Electronics,446,491,C02062,"Richard, Byrd and Gonzalez",Fleet,Automotive,New Catherineburgh,Belgium,2019-06-17,1
20243854,447,3595,7,30,7,5,12,2824.98,2349.28,475.7,2719.39,2962.92,P0447,Turbochargers Product 447,Turbochargers,304,314,C03595,Pierce-Mcdonald,Fleet,Manufacturing,West Gregory,Sweden,2019-08-05,1
20225553,404,1956,2,18,8,4,10,1465.21,906.42,558.79,1436.5,1443.33,P0404,Fuel Systems Product 404,Fuel Systems,366,655,C01956,Doyle Group,Distributor,Automotive,South Courtneyland,Netherlands,2017-08-02,1
20254263,200,2439,6,95,1,5,17,3606.61,2877.79,728.82,3683.91,3905.02,P0200,Electronics Product 200,Electronics,57,195,C02439,"Garcia, Brewer and Perry",Distributor,Transportation,Vazquezmouth,Sweden,2022-01-24,1
20246616,196,4152,2,2,8,1,5,2627.76,1728.39,899.37,2507.72,2496.39,P0196,Filtration Product 196,Filtration,469,177,C04152,"Miller, Rollins and Kelley",Distributor,Transportation,Port Christopherchester,Poland,2018-07-21,1
20247610,25,260,9,73,1,4,6,1367.06,854.18,512.88,1351.56,1501.6,P0025,Cooling Systems Product 25,Cooling Systems,346,262,C00260,Jackson-Walker,Fleet,Transportation,North Jenniferstad,Italy,2018-08-13,1
20249311,121,4737,4,27,2,1,20,1522.22,1007.41,514.81,1503.32,1472.13,P0121,Filtration Product 121,Filtration,74,611,C04737,"Grimes, Grant and Brown",OEM,Automotive,North Jeffreymouth,Sweden,2023-09-21,1
20230524,322,2155,6,69,1,5,3,573.68,443.18,130.5,574.67,621.35,P0322,Fuel Systems Product 322,Fuel Systems,145,993,C02155,Ward-Small,Fleet,Transportation,Kaylaside,Italy,2018-05-24,1
20221674,43,2721,6,43,7,5,11,4032.54,2422.4,1610.14,3905.92,4226.78,P0043,Turbochargers Product 43,Turbochargers,303,322,C02721,Perry-Santiago,Fleet,Manufacturing,Tomshire,Austria,2026-08-01,1
20233465,182,2399,7,61,7,3,2,4098.35,3220.06,878.29,4202.32,3994.55,P0182,Aftertreatment Product 182,Aftertreatment,492,433,C02399,Ward Group,Distributor,Manufacturing,Edwardsbury,Austria,2017-08-08,1
20238253,44,8,9,23,1,5,19,4582.47,3754.7,827.77,4564.0,4924.11,P0044,Electronics Product 44,Electronics,254,373,C00008,Walker and Sons,Fleet,Automotive,South Jeffreytown,France,2020-11-01,1
20259144,462,1930,1,84,10,3,2,4639.08,3272.89,1366.19,4762.27,5008.63,P0462,Aftertreatment Product 462,Aftertreatment,254,132,C01930,Thomas Inc,Distributor,Transportation,Tracyland,Poland,2023-08-18,1
20243489,104,2791,3,105,7,3,17,1553.84,1011.54,542.3,1500.74,1531.7,P0104,Sensors Product 104,Sensors,395,283,C02791,Howard-Manning,Fleet,Transportation,Lake Taylorbury,Spain,2019-10-18,1
20220136,371,2052,4,90,10,3,7,3516.85,2308.9,1207.95,3446.8,3652.43,P0371,Cooling Systems Product 371,Cooling Systems,109,912,C02052,King-Smith,OEM,Transportation,West Michellemouth,Netherlands,2022-12-22,1
20234135,253,597,8,3,2,5,9,643.64,493.11,150.53,625.71,619.41,P0253,Aftertreatment Product 253,Aftertreatment,370,818,C00597,Jackson and Sons,Distributor,Transportation,North Terry,Italy,2022-05-07,1
20234698,362,4649,6,17,2,5,7,116.34,94.18,22.16,114.31,114.4,P0362,Filtration Product 362,Filtration,404,144,C04649,"Ruiz, Robertson and Young",OEM,Automotive,East Christopherton,France,2021-05-20,1
20222826,59,3234,4,35,2,2,11,3774.42,3053.01,721.41,3961.61,3673.85,P0059,Sensors Product 59,Sensors,456,535,C03234,"Guerrero, Marshall and Bartlett",Distributor,Transportation,East Justin,Sweden,2023-11-16,1
20222179,79,914,1,35,4,4,1,3681.42,2394.15,1287.27,3565.91,3849.22,P0079,Fuel Systems Product 79,Fuel Systems,182,426,C00914,Klein-Sanchez,Fleet,Automotive,Hoffmanside,Netherlands,2023-06-23,1
20227379,465,1763,7,27,10,4,11,1415.21,1235.98,179.23,1364.75,1504.01,P0465,Fuel Systems Product 465,Fuel Systems,52,135,C01763,Griffin-Jimenez,Distributor,Manufacturing,East Kendra,Austria,2019-09-16,1
20239002,497,2693,3,11,9,1,17,2660.65,1883.93,776.72,2578.03,2742.83,P0497,Electronics Product 497,Electronics,217,126,C02693,"Mccoy, Willis and Hahn",Fleet,Transportation,East Ivan,Belgium,2023-10-25,1
20224296,183,2058,5,37,3,5,6,1012.23,886.87,125.36,1061.09,1077.29,P0183,Fuel Systems Product 183,Fuel Systems,382,919,C02058,"Diaz, Chambers and Sherman",Distributor,Automotive,Randychester,Austria,2025-03-03,1
20235644,176,1964,6,120,6,4,19,672.44,460.31,212.13,640.55,659.26,P0176,Aftertreatment Product 176,Aftertreatment,119,257,C01964,Phillips-Myers,OEM,Transportation,West Thomas,Poland,2018-09-08,1
20255969,348,3223,7,46,10,4,3,1305.93,917.83,388.1,1262.73,1387.19,P0348,Electronics Product 348,Electronics,355,293,C03223,Hansen PLC,Distributor,Automotive,North Mitchellchester,Poland,2022-08-30,1
20222292,166,3096,8,19,3,2,4,2975.18,2012.62,962.56,2907.47,3088.17,P0166,Filtration Product 166,Filtration,399,723,C03096,Smith and Sons,Fleet,Transportation,Francishaven,Netherlands,2021-03-05,1
20257936,91,2057,2,110,3,2,15,2266.39,1873.64,392.75,2298.95,2425.51,P0091,Aftertreatment Product 91,Aftertreatment,132,595,C02057,Rodriguez Ltd,OEM,Transportation,Olsonland,Belgium,2023-07-11,1
20250486,341,1076,1,40,6,1,2,4281.06,3030.1,1250.96,4413.49,4687.78,P0341,Aftertreatment Product 341,Aftertreatment,113,675,C01076,Norris Group,OEM,Transportation,New Cassandra,Netherlands,2021-09-18,1
20253156,360,2994,10,2,9,5,9,1669.73,1459.77,209.96,1698.35,1661.82,P0360,Fuel Systems Product 360,Fuel Systems,421,830,C02994,"Martinez, Roy and Woods",Fleet,Automotive,South Stephenview,Sweden,2018-02-04,1
20245285,399,2544,6,100,9,3,12,1658.85,1208.52,450.33,1711.95,1719.7,P0399,Cooling Systems Product 399,Cooling Systems,441,915,C02544,Howard-Burch,OEM,Manufacturing,Bauerburgh,Sweden,2019-03-31,1
20259273,268,2882,1,42,8,2,19,3074.38,2519.12,555.26,3096.68,3258.77,P0268,Sensors Product 268,Sensors,491,116,C02882,Keller PLC,OEM,Transportation,Lake Kylieland,Austria,2022-12-06,1
20232974,490,3628,3,106,1,4,9,1255.65,961.27,294.38,1212.21,1250.8,P0490,Filtration Product 490,Filtration,178,560,C03628,Gomez and Sons,Distributor,Automotive,Danielshire,France,2023-04-25,1
20225782,427,2176,7,27,8,1,17,4427.4,3280.39,1147.01,4302.71,4602.5,P0427,Sensors Product 427,Sensors,314,409,C02176,"Rodriguez, Fitzgerald and Jennings",Fleet,Transportation,Robersonshire,Sweden,2017-01-04,1
20233643,147,2536,2,21,7,1,10,2906.93,2131.49,775.44,2979.81,2808.99,P0147,Sensors Product 147,Sensors,54,359,C02536,Hill Inc,Distributor,Transportation,New Ronald,Belgium,2022-10-22,1
20220374,138,901,8,3,7,1,12,1275.99,806.46,469.53,1285.71,1332.49,P0138,Filtration Product 138,Filtration,450,603,C00901,Hardy-Lambert,Distributor,Manufacturing,Angelafort,Poland,2025-05-19,1
20232637,470,3401,8,72,2,1,6,3736.94,2266.5,1470.44,3685.78,3938.08,P0470,Electronics Product 470,Electronics,408,327,C03401,"Rivera, Greene and Mitchell",Fleet,Manufacturing,Ethanville,Austria,2017-02-23,1
20226332,294,3367,5,99,3,1,14,2613.09,2304.82,308.27,2581.09,2728.1,P0294,Aftertreatment Product 294,Aftertreatment,75,306,C03367,Rivera-Oconnor,Fleet,Transportation,West Johnstad,France,2018-07-16,1
20231254,227,1859,1,77,8,4,8,2486.22,2178.2,308.02,2530.2,2578.12,P0227,Cooling Systems Product 227,Cooling Systems,263,315,C01859,Lara PLC,Fleet,Transportation,New Jeremyton,Netherlands,2020-09-19,1
20229570,137,4233,5,25,3,5,3,1906.74,1622.41,284.33,1834.85,2077.25,P0137,Turbochargers Product 137,Turbochargers,77,143,C04233,Davenport-Jones,Distributor,Automotive,Jefferyport,Germany,2026-04-25,1
20245512,171,3686,5,81,8,4,19,797.06,700.01,97.05,783.41,794.98,P0171,Cooling Systems Product 171,Cooling Systems,353,541,C03686,"Taylor, Jones and Tucker",Distributor,Manufacturing,South Matthewstad,France,2024-07-27,1
20243805,60,2441,5,24,1,4,5,3939.65,2806.22,1133.43,4005.45,4182.25,P0060,Cooling Systems Product 60,Cooling Systems,86,746,C02441,"Nielsen, Boone and Roberts",Fleet,Automotive,East Johnnyberg,Spain,2017-12-11,1
20247218,88,1578,5,51,6,1,17,2635.11,2347.55,287.56,2702.6,2679.32,P0088,Filtration Product 88,Filtration,423,129,C01578,"Ali, Harris and Wilson",Distributor,Manufacturing,Port Andrew,Netherlands,2025-03-23,1
20226742,217,2882,8,109,8,4,5,2340.81,1701.7,639.11,2456.34,2444.47,P0217,Turbochargers Product 217,Turbochargers,436,835,C02882,Keller PLC,OEM,Transportation,Lake Kylieland,Austria,2022-12-06,1
20248037,495,4628,10,23,6,4,2,4129.3,3282.07,847.23,4173.53,4488.22,P0495,Electronics Product 495,Electronics,383,743,C04628,Stevens and Sons,Fleet,Transportation,Robinsonbury,Austria,2021-02-14,1
20251912,256,1238,1,99,5,5,18,3090.43,2282.59,807.84,3058.93,3392.94,P0256,Cooling Systems Product 256,Cooling Systems,331,546,C01238,"Williams, Gutierrez and Perez",Distributor,Automotive,South Larryport,Italy,2023-03-24,1
20230144,185,3288,8,16,7,4,16,4707.72,3034.82,1672.9,4552.32,5036.21,P0185,Fuel Systems Product 185,Fuel Systems,337,176,C03288,Brooks Group,OEM,Automotive,Hunterbury,Belgium,2019-12-22,1
20244755,95,995,9,2,4,5,1,1258.41,1103.86,154.55,1270.38,1364.18,P0095,Aftertreatment Product 95,Aftertreatment,466,868,C00995,Carter LLC,Fleet,Transportation,New Heather,Sweden,2026-02-27,1
20254290,325,1336,5,54,10,4,20,2293.89,1814.48,479.41,2226.34,2230.69,P0325,Sensors Product 325,Sensors,365,598,C01336,"Barron, Lynn and Kidd",OEM,Manufacturing,Port Christopherside,Italy,2026-05-17,1
20248632,210,4389,5,99,2,4,11,784.13,620.35,163.78,764.22,748.46,P0210,Sensors Product 210,Sensors,381,886,C04389,Burns PLC,Distributor,Manufacturing,New Bryan,Italy,2019-09-24,1
20226040,160,2215,1,51,8,3,8,3844.58,2539.92,1304.66,3954.25,3973.68,P0160,Turbochargers Product 160,Turbochargers,251,984,C02215,Bond-Stokes,Fleet,Automotive,Port Michelemouth,Netherlands,2018-05-31,1
20227647,328,80,7,102,1,2,6,2664.46,1607.47,1056.99,2756.49,2664.67,P0328,Aftertreatment Product 328,Aftertreatment,344,838,C00080,Shaw-Watson,Distributor,Automotive,West Ashleyborough,France,2017-06-02,1
20220998,308,2899,9,87,5,2,1,4052.95,2553.5,1499.45,4040.12,4056.31,P0308,Turbochargers Product 308,Turbochargers,154,702,C02899,Banks and Sons,Fleet,Manufacturing,South Amber,Germany,2019-11-26,1
20227625,182,3671,8,28,1,3,6,4629.97,3212.96,1417.01,4658.39,4892.61,P0182,Aftertreatment Product 182,Aftertreatment,492,433,C03671,Schmidt Group,Fleet,Manufacturing,East Brianfurt,Belgium,2021-10-20,1
20240546,165,2470,4,117,2,4,13,346.55,297.16,49.39,338.37,344.59,P0165,Turbochargers Product 165,Turbochargers,126,845,C02470,Davis LLC,Distributor,Manufacturing,Josephbury,Netherlands,2019-06-13,1
20259970,88,2268,7,7,7,1,20,2619.84,2157.53,462.31,2692.49,2580.03,P0088,Filtration Product 88,Filtration,423,129,C02268,Rodriguez-Bowman,Distributor,Manufacturing,Perezchester,Italy,2018-12-07,1
20250960,326,4991,3,103,3,2,19,3881.85,2592.55,1289.3,3756.09,3702.08,P0326,Sensors Product 326,Sensors,428,355,C04991,"Robertson, Harris and Lynch",Fleet,Automotive,Aliciaport,Netherlands,2020-07-10,1
20243344,468,1928,2,97,7,4,1,4158.88,3296.29,862.59,4231.4,4451.94,P0468,Cooling Systems Product 468,Cooling Systems,63,181,C01928,"Robinson, Hutchinson and Smith",Fleet,Transportation,Pottsburgh,Spain,2025-03-18,1
20234985,107,1431,9,75,2,5,19,4036.98,3358.32,678.66,3935.54,4291.39,P0107,Filtration Product 107,Filtration,112,196,C01431,Hernandez LLC,Fleet,Manufacturing,South Hectormouth,Belgium,2024-07-07,1
20239044,232,3681,5,118,2,3,18,2387.67,1989.41,398.26,2352.56,2456.38,P0232,Aftertreatment Product 232,Aftertreatment,485,876,C03681,Hunt-Perez,Distributor,Manufacturing,West Samantha,Poland,2018-04-19,1
20259684,391,841,2,2,9,3,2,2496.81,2006.17,490.64,2511.66,2708.56,P0391,Sensors Product 391,Sensors,448,870,C00841,"Joseph, Sherman and Flowers",Fleet,Manufacturing,North Renee,Austria,2024-02-05,1
20229460,440,4939,1,7,7,5,14,3679.83,3104.79,575.04,3844.35,3756.84,P0440,Sensors Product 440,Sensors,382,762,C04939,Wiley-Lee,Fleet,Manufacturing,Carlafort,Belgium,2017-11-19,1
20225728,183,1507,9,33,9,4,6,3727.78,2656.73,1071.05,3613.41,3570.57,P0183,Fuel Systems Product 183,Fuel Systems,382,919,C01507,"Bishop, Mcneil and Smith",OEM,Transportation,Lake Debra,Austria,2023-01-26,1
20255777,407,2537,1,64,9,1,6,3529.15,2687.47,841.68,3469.73,3469.22,P0407,Aftertreatment Product 407,Aftertreatment,268,118,C02537,Martin-Walsh,Fleet,Manufacturing,North Eric,France,2016-08-23,1
20241404,385,757,4,56,9,2,18,3262.89,2342.42,920.47,3171.01,3191.94,P0385,Electronics Product 385,Electronics,385,231,C00757,"Carter, Hansen and Mccarthy",Fleet,Transportation,New Lisabury,Germany,2021-02-19,1
20229619,182,11,2,116,1,2,10,186.8,150.44,36.36,193.85,179.74,P0182,Aftertreatment Product 182,Aftertreatment,492,433,C00011,"Huerta, Anderson and Pittman",Fleet,Automotive,South Coreybury,Sweden,2018-01-05,1
20250366,73,3266,10,4,5,4,9,2596.45,2294.57,301.88,2629.83,2528.64,P0073,Electronics Product 73,Electronics,385,474,C03266,Calhoun-Burns,Fleet,Automotive,Garciahaven,France,2020-12-27,1
20229034,48,171,1,100,10,1,9,2163.02,1821.02,342.0,2163.03,2241.32,P0048,Electronics Product 48,Electronics,394,857,C00171,Mathis Group,Distributor,Manufacturing,North Aliciafurt,Sweden,2025-03-16,1
20220375,354,1414,2,110,3,5,17,4361.85,3470.77,891.08,4473.38,4458.76,P0354,Sensors Product 354,Sensors,291,182,C01414,Russell PLC,Distributor,Transportation,Mendezborough,Austria,2022-12-02,1
20257045,415,3500,5,76,8,2,8,774.47,696.24,78.23,800.28,837.3,P0415,Fuel Systems Product 415,Fuel Systems,482,931,C03500,Greene Group,Distributor,Transportation,Bettystad,Italy,2025-02-02,1
20246503,196,2418,6,106,6,4,2,1700.61,1204.97,495.64,1663.12,1732.43,P0196,Filtration Product 196,Filtration,469,177,C02418,Dunlap-Coleman,Distributor,Manufacturing,Randolphmouth,Poland,2023-09-06,1
20255349,159,3247,1,64,10,1,8,489.54,318.06,171.48,482.04,496.01,P0159,Filtration Product 159,Filtration,180,372,C03247,Maldonado Inc,Fleet,Transportation,Marthaland,Austria,2024-05-09,1
20238490,107,2529,6,100,5,2,7,2589.58,1967.1,622.48,2703.43,2778.36,P0107,Filtration Product 107,Filtration,112,196,C02529,"Hanna, Martinez and Crawford",Distributor,Manufacturing,Nicoleland,France,2018-10-09,1
20251547,66,2490,5,75,3,2,13,4819.4,2960.86,1858.54,5046.31,5179.75,P0066,Cooling Systems Product 66,Cooling Systems,227,616,C02490,"Hall, Wilson and Buck",Fleet,Automotive,Rosalesland,Spain,2024-05-01,1
20245634,208,1816,7,47,3,4,14,3432.99,2518.49,914.5,3384.37,3596.96,P0208,Sensors Product 208,Sensors,403,983,C01816,Schmitt-Mckee,Distributor,Transportation,Port Maryburgh,Italy,2019-05-13,1
20251793,173,238,6,74,1,4,16,3188.13,2632.36,555.77,3121.12,3266.55,P0173,Fuel Systems Product 173,Fuel Systems,358,422,C00238,"Anderson, Gamble and Daniel",Fleet,Automotive,East Scotthaven,Spain,2025-07-25,1
20225018,222,2334,1,113,1,3,6,4307.79,3797.76,510.03,4147.05,4663.21,P0222,Cooling Systems Product 222,Cooling Systems,375,952,C02334,"Barajas, Mcdaniel and Jackson",OEM,Transportation,Port Kylefort,Netherlands,2024-08-05,1
20240929,342,3409,10,22,1,5,1,3075.95,2112.34,963.61,3143.48,3093.11,P0342,Cooling Systems Product 342,Cooling Systems,304,613,C03409,"Todd, Gonzales and Jimenez",OEM,Transportation,Ellisland,Poland,2018-05-29,1
20242678,342,996,6,86,5,2,2,3189.74,2007.92,1181.82,3269.03,3474.11,P0342,Cooling Systems Product 342,Cooling Systems,304,613,C00996,Miller Ltd,Distributor,Transportation,New Kathleen,Spain,2023-03-04,1
20236014,347,2150,8,17,3,5,4,3399.84,2953.73,446.11,3530.32,3338.07,P0347,Sensors Product 347,Sensors,389,607,C02150,Simpson Inc,Fleet,Transportation,Lake Anthonyburgh,Netherlands,2021-12-20,1
20222121,311,3619,1,48,6,3,6,3548.76,3009.08,539.68,3442.88,3884.24,P0311,Sensors Product 311,Sensors,256,601,C03619,Guerrero Ltd,OEM,Transportation,Port Teresastad,Belgium,2021-05-03,1
20230242,73,1125,5,25,2,1,12,1508.08,1127.31,380.77,1440.24,1477.93,P0073,Electronics Product 73,Electronics,385,474,C01125,"Sullivan, Thomas and Davis",Distributor,Manufacturing,New James,Netherlands,2021-07-16,1
20244623,451,4692,1,25,4,5,16,1047.24,911.22,136.02,1012.14,1149.49,P0451,Fuel Systems Product 451,Fuel Systems,211,626,C04692,"Jones, Thompson and Lucas",OEM,Manufacturing,New Thomasborough,Italy,2025-07-17,1
20224299,373,881,1,81,9,2,20,1828.69,1396.38,432.31,1751.82,1876.44,P0373,Aftertreatment Product 373,Aftertreatment,170,200,C00881,"Welch, Bolton and Freeman",OEM,Transportation,New Douglasstad,France,2017-03-26,1
20252092,236,1866,1,63,10,3,13,766.83,555.08,211.75,752.98,837.36,P0236,Turbochargers Product 236,Turbochargers,115,148,C01866,"Richardson, Hart and Martinez",Fleet,Transportation,Lake Carol,Belgium,2019-08-09,1
20244337,94,746,2,111,9,4,3,4808.74,2961.12,1847.62,4847.09,5275.12,P0094,Aftertreatment Product 94,Aftertreatment,214,964,C00746,"Lamb, Wu and Becker",Fleet,Automotive,Scotttown,Belgium,2021-04-02,1
20254481,20,1538,4,13,7,4,3,1554.32,1312.53,241.79,1515.39,1541.32,P0020,Turbochargers Product 20,Turbochargers,66,961,C01538,"Russell, Yoder and Mcdowell",OEM,Manufacturing,East Maurice,Germany,2024-09-18,1
20259750,24,330,5,65,8,3,9,869.2,741.97,127.23,907.91,921.24,P0024,Aftertreatment Product 24,Aftertreatment,382,526,C00330,Wright PLC,OEM,Transportation,Andrewton,Netherlands,2016-11-21,1
20247933,61,1131,1,58,1,2,7,912.86,630.35,282.51,877.46,955.4,P0061,Turbochargers Product 61,Turbochargers,365,974,C01131,Ponce LLC,OEM,Automotive,Gilesborough,Italy,2016-11-26,1
20221341,6,1737,7,34,6,5,19,4666.51,3940.84,725.67,4741.84,4575.56,P0006,Cooling Systems Product 6,Cooling Systems,345,257,C01737,Mendez-Cole,OEM,Manufacturing,South Becky,Germany,2026-05-28,1
20233259,360,1103,3,78,9,4,4,3354.52,2303.62,1050.9,3464.68,3307.15,P0360,Fuel Systems Product 360,Fuel Systems,421,830,C01103,Baker Group,Distributor,Automotive,Kyleport,Italy,2020-02-13,1
20244614,6,1661,6,83,9,5,5,3988.8,3438.2,550.6,3816.88,4008.46,P0006,Cooling Systems Product 6,Cooling Systems,345,257,C01661,Cordova-Henderson,Fleet,Manufacturing,West Melissaville,Belgium,2023-04-14,1
20247284,450,1657,7,24,9,1,5,4953.67,3554.04,1399.63,5030.82,5126.78,P0450,Sensors Product 450,Sensors,333,866,C01657,Fox-West,Distributor,Transportation,Anthonyville,Belgium,2020-07-18,1
20244141,218,279,8,39,1,3,13,2730.45,2322.99,407.46,2628.33,2895.21,P0218,Fuel Systems Product 218,Fuel Systems,416,430,C00279,"Brennan, Moreno and Gonzalez",Distributor,Manufacturing,North Brittany,Belgium,2023-05-29,1
20248324,300,3182,9,89,5,4,5,2403.71,1808.65,595.06,2471.39,2392.09,P0300,Cooling Systems Product 300,Cooling Systems,360,329,C03182,Green Group,Fleet,Automotive,New Brianbury,Austria,2023-09-28,1
20228809,233,161,10,93,3,3,20,677.21,449.06,228.15,645.88,726.06,P0233,Fuel Systems Product 233,Fuel Systems,158,136,C00161,Johnston PLC,Distributor,Automotive,Lake Travisside,France,2025-08-22,1
20239518,331,4575,10,80,8,3,18,213.03,163.13,49.9,205.31,226.55,P0331,Cooling Systems Product 331,Cooling Systems,438,820,C04575,Hurley-Hamilton,OEM,Transportation,Lake Johnchester,Sweden,2023-02-01,1
20228052,162,354,7,62,9,5,4,3959.85,2937.49,1022.36,4058.18,4259.29,P0162,Sensors Product 162,Sensors,284,405,C00354,Martinez and Sons,Fleet,Automotive,Michaelport,Italy,2020-10-03,1
20249192,398,323,5,49,3,5,6,1546.88,1250.67,296.21,1570.36,1507.63,P0398,Fuel Systems Product 398,Fuel Systems,493,797,C00323,Wilson-Martin,Fleet,Automotive,Pachecoside,Netherlands,2026-05-25,1
20236548,173,809,6,79,6,3,10,4423.11,2975.32,1447.79,4210.68,4725.49,P0173,Fuel Systems Product 173,Fuel Systems,358,422,C00809,Rios-Thompson,Distributor,Manufacturing,West Heiditown,France,2021-08-04,1
20225165,307,4397,8,91,1,3,11,588.01,408.22,179.79,568.98,575.86,P0307,Fuel Systems Product 307,Fuel Systems,324,670,C04397,Acosta-Austin,Distributor,Transportation,Smithport,Netherlands,2022-06-20,1
20248027,5,4243,7,56,1,1,10,646.43,403.32,243.11,646.99,664.72,P0005,Sensors Product 5,Sensors,264,744,C04243,Mendoza-Galvan,Fleet,Transportation,New Lucas,Germany,2017-03-12,1
20246639,229,1100,2,36,9,5,12,4435.66,3061.74,1373.92,4627.43,4713.4,P0229,Cooling Systems Product 229,Cooling Systems,283,213,C01100,"Smith, Brewer and Hopkins",OEM,Manufacturing,Latashaton,Belgium,2019-08-18,1
20236836,455,749,7,75,9,4,19,1045.26,864.41,180.85,1000.49,1005.38,P0455,Fuel Systems Product 455,Fuel Systems,304,983,C00749,"Lester, Howard and Mccoy",Distributor,Manufacturing,South Troy,Poland,2018-08-21,1
20226192,292,536,4,112,7,3,6,576.85,432.7,144.15,577.68,553.27,P0292,Aftertreatment Product 292,Aftertreatment,465,130,C00536,"Norris, Acosta and Mcfarland",OEM,Automotive,Grahamshire,Belgium,2018-12-09,1
20245786,430,2556,4,15,2,2,13,628.82,531.41,97.41,620.66,675.67,P0430,Fuel Systems Product 430,Fuel Systems,294,461,C02556,"Mccullough, Hernandez and Lopez",Distributor,Automotive,Port Jesusland,Sweden,2017-12-27,1
20256827,238,375,9,69,2,3,6,495.0,385.33,109.67,489.06,522.31,P0238,Cooling Systems Product 238,Cooling Systems,440,655,C00375,Ellis PLC,Distributor,Transportation,North Kennethmouth,France,2022-06-04,1
20258154,209,3971,8,45,2,2,12,4901.47,3652.49,1248.98,5086.67,4989.88,P0209,Sensors Product 209,Sensors,299,388,C03971,Mitchell Ltd,Distributor,Transportation,West Danamouth,Poland,2018-12-05,1
20234405,176,3990,6,59,5,3,2,3537.85,3047.75,490.1,3668.53,3733.45,P0176,Aftertreatment Product 176,Aftertreatment,119,257,C03990,Moore-Gonzales,Distributor,Transportation,East Carolynberg,Netherlands,2023-04-07,1
20255134,236,4404,6,18,10,1,6,4840.88,3418.3,1422.58,4822.51,4915.28,P0236,Turbochargers Product 236,Turbochargers,115,148,C04404,Frye Group,OEM,Automotive,Lake Vanessa,Belgium,2017-11-11,1
20227799,275,4649,8,36,5,5,16,101.48,61.25,40.23,101.06,109.9,P0275,Electronics Product 275,Electronics,69,802,C04649,"Ruiz, Robertson and Young",OEM,Automotive,East Christopherton,France,2021-05-20,1
20260775,286,220,3,110,8,4,17,3078.05,2095.02,983.03,3192.14,3357.09,P0286,Aftertreatment Product 286,Aftertreatment,346,148,C00220,"Reid, Brooks and Valdez",OEM,Manufacturing,Jenniferhaven,France,2023-10-20,1
20228757,70,2323,2,84,10,2,18,1938.25,1593.13,345.12,1996.55,1943.0,P0070,Turbochargers Product 70,Turbochargers,115,117,C02323,Lopez-Mcdowell,OEM,Automotive,Schwartzbury,France,2017-01-02,1
20252891,166,3242,7,80,1,3,9,2932.69,1810.4,1122.29,3070.9,2813.21,P0166,Filtration Product 166,Filtration,399,723,C03242,"Richmond, White and Buchanan",Distributor,Automotive,East Alejandro,Sweden,2021-08-11,1
20250756,130,2177,5,38,8,2,10,2043.08,1791.44,251.64,2028.18,2049.9,P0130,Cooling Systems Product 130,Cooling Systems,452,145,C02177,Roberts-Ortega,Fleet,Manufacturing,Bullockville,Spain,2022-08-14,1
20225107,35,869,1,14,6,2,1,1795.19,1320.91,474.28,1788.1,1910.71,P0035,Filtration Product 35,Filtration,488,634,C00869,"Scott, Obrien and Clark",Fleet,Automotive,Lewisland,Spain,2018-07-17,1
20231718,172,3340,1,56,9,4,2,3365.84,2531.42,834.42,3351.62,3417.33,P0172,Filtration Product 172,Filtration,326,911,C03340,"Davis, Allen and Williams",Distributor,Manufacturing,Hoshire,Belgium,2020-11-01,1
20246285,480,352,4,26,2,4,11,3055.42,2617.54,437.88,2931.54,3115.66,P0480,Sensors Product 480,Sensors,154,854,C00352,Diaz Inc,Distributor,Transportation,Griffinberg,Spain,2016-10-08,1
20240851,264,4181,1,34,2,3,20,4437.8,3877.08,560.72,4614.59,4567.7,P0264,Electronics Product 264,Electronics,85,333,C04181,Wilson-Huffman,Distributor,Automotive,Jessicachester,Sweden,2019-05-18,1
20237636,432,430,5,19,5,5,8,2632.75,1748.29,884.46,2759.76,2849.57,P0432,Aftertreatment Product 432,Aftertreatment,144,546,C00430,Clark-Boyd,Fleet,Automotive,Port Jeffreyville,France,2025-12-27,1
20243789,281,467,9,106,6,2,16,4701.14,4001.39,699.75,4605.79,5013.71,P0281,Fuel Systems Product 281,Fuel Systems,223,797,C00467,"Richmond, White and Lee",Fleet,Manufacturing,Lake Bryan,Italy,2024-02-27,1
20251137,466,3069,9,97,8,1,4,4775.18,3396.34,1378.84,4701.24,5200.44,P0466,Electronics Product 466,Electronics,346,745,C03069,Morrow and Sons,Fleet,Manufacturing,North Wendychester,Sweden,2022-02-09,1
20256388,495,4244,7,58,3,5,11,2242.26,1454.55,787.71,2135.02,2207.81,P0495,Electronics Product 495,Electronics,383,743,C04244,Harrell Inc,OEM,Manufacturing,Joneshaven,Germany,2024-12-19,1
20243590,348,3665,9,95,1,1,5,936.13,604.88,331.25,963.23,895.92,P0348,Electronics Product 348,Electronics,355,293,C03665,Perez-Riggs,Fleet,Automotive,Josephport,Austria,2026-04-08,1
20246037,281,2621,5,99,4,4,4,3069.3,2351.31,717.99,2992.86,3309.55,P0281,Fuel Systems Product 281,Fuel Systems,223,797,C02621,"Lee, Navarro and Houston",OEM,Transportation,Susanborough,Poland,2025-06-19,1
20240122,80,3454,10,58,6,4,8,2361.43,1790.19,571.24,2321.27,2331.24,P0080,Aftertreatment Product 80,Aftertreatment,365,577,C03454,Andrews Ltd,Distributor,Automotive,Hernandezfort,Austria,2026-04-02,1
20231134,190,4459,4,47,7,5,14,3856.95,2858.14,998.81,3876.96,3929.55,P0190,Sensors Product 190,Sensors,92,951,C04459,Brown-Smith,Distributor,Automotive,West Josephberg,Sweden,2022-06-22,1
20248340,264,4801,6,94,2,5,6,4642.21,3449.48,1192.73,4491.59,4700.4,P0264,Electronics Product 264,Electronics,85,333,C04801,Trevino and Sons,Fleet,Automotive,North Aaron,Austria,2018-02-01,1
20256964,167,1741,5,115,2,2,2,2015.87,1574.45,441.42,2069.8,2063.34,P0167,Fuel Systems Product 167,Fuel Systems,235,341,C01741,Barnes-Graham,Fleet,Transportation,Brownside,Sweden,2025-08-17,1
20241511,48,4053,8,43,10,5,1,349.71,222.29,127.42,361.0,346.03,P0048,Electronics Product 48,Electronics,394,857,C04053,Ayers LLC,Fleet,Transportation,Chavezchester,Austria,2017-08-08,1
20259969,175,374,8,97,4,5,14,1170.93,997.16,173.77,1121.2,1276.69,P0175,Aftertreatment Product 175,Aftertreatment,234,137,C00374,"Kelly, Torres and Smith",Distributor,Transportation,Lake Jeffreychester,Belgium,2022-02-28,1
20259397,465,1377,4,33,9,3,12,3161.41,2788.66,372.75,3207.9,3392.54,P0465,Fuel Systems Product 465,Fuel Systems,52,135,C01377,Stevens LLC,Fleet,Automotive,New Davidside,Sweden,2016-11-27,1
20223061,197,1596,9,120,7,1,19,2616.16,1627.9,988.26,2730.01,2658.02,P0197,Electronics Product 197,Electronics,396,888,C01596,Griffin Ltd,Distributor,Automotive,Jamesmouth,France,2018-06-13,1
20238640,69,1776,7,84,2,1,16,1588.56,960.74,627.82,1658.46,1719.5,P0069,Cooling Systems Product 69,Cooling Systems,184,980,C01776,"Hall, Henry and Mcfarland",OEM,Transportation,East Timothy,Austria,2025-10-01,1
20239341,362,2385,6,10,9,5,18,462.5,283.05,179.45,465.29,461.79,P0362,Filtration Product 362,Filtration,404,144,C02385,Chavez Ltd,Distributor,Automotive,Lake Sarah,Belgium,2024-11-22,1
20220814,461,1118,7,11,4,1,5,853.42,630.67,222.75,848.26,879.08,P0461,Fuel Systems Product 461,Fuel Systems,267,237,C01118,Lynch-Schmitt,Fleet,Automotive,New Kevin,Germany,2026-05-15,1
20233299,353,1620,1,91,3,1,15,3665.85,2486.16,1179.69,3809.3,3769.15,P0353,Sensors Product 353,Sensors,250,528,C01620,"Evans, Pena and Smith",Distributor,Automotive,Gregoryfurt,Netherlands,2021-07-20,1
20224014,13,3995,8,69,7,4,16,493.53,426.36,67.17,496.87,492.85,P0013,Turbochargers Product 13,Turbochargers,289,541,C03995,Ford LLC,OEM,Automotive,New Christopher,Austria,2016-08-13,1
20231098,71,1456,6,22,5,2,12,1398.87,880.44,518.43,1365.2,1510.61,P0071,Fuel Systems Product 71,Fuel Systems,497,663,C01456,James Inc,Fleet,Automotive,Dominguezburgh,Netherlands,2017-10-17,1
20226122,213,4625,1,101,1,1,4,4894.65,3981.1,913.55,5120.63,5091.51,P0213,Fuel Systems Product 213,Fuel Systems,382,243,C04625,Williams-Rogers,Fleet,Transportation,Lake Samuel,Netherlands,2018-11-30,1
20259779,307,1410,7,118,9,5,19,1423.84,1041.58,382.26,1473.39,1388.0,P0307,Fuel Systems Product 307,Fuel Systems,324,670,C01410,"Carter, Roberts and Barrett",OEM,Transportation,Zacharybury,Italy,2024-08-07,1
20261193,284,10,8,105,7,3,6,864.71,605.53,259.18,837.81,880.64,P0284,Cooling Systems Product 284,Cooling Systems,378,813,C00010,Rowland and Sons,Fleet,Transportation,West Victormouth,Sweden,2021-03-26,1
20252594,35,4846,3,75,10,3,16,493.58,376.42,117.16,500.37,539.69,P0035,Filtration Product 35,Filtration,488,634,C04846,"Howard, Rodriguez and Herrera",Fleet,Manufacturing,North Paul,Germany,2024-01-24,1
20220123,481,2577,10,110,1,2,8,590.21,456.4,133.81,618.28,631.69,P0481,Electronics Product 481,Electronics,85,133,C02577,Galvan Ltd,Distributor,Automotive,Marciaside,Belgium,2025-04-21,1
20237863,447,2675,10,4,3,4,10,614.49,371.34,243.15,621.15,598.24,P0447,Turbochargers Product 447,Turbochargers,304,314,C02675,"Moore, Weber and Davenport",Fleet,Automotive,Marksfurt,Germany,2024-11-12,1
20226594,374,3086,5,85,8,2,5,570.88,460.67,110.21,544.78,603.72,P0374,Fuel Systems Product 374,Fuel Systems,138,940,C03086,Gardner LLC,Fleet,Automotive,Port Caitlin,Austria,2025-08-31,1
20232503,133,736,5,37,4,4,3,3067.68,2087.34,980.34,3154.29,2948.35,P0133,Turbochargers Product 133,Turbochargers,307,332,C00736,Lopez Group,Fleet,Manufacturing,New Thomas,Poland,2023-09-17,1
20222172,161,4362,6,7,6,5,9,1965.05,1252.14,712.91,1958.87,2016.41,P0161,Turbochargers Product 161,Turbochargers,413,546,C04362,Moore-Johnson,OEM,Automotive,Veronicaburgh,Poland,2025-01-07,1
20229086,427,71,2,56,10,3,15,1086.36,719.39,366.97,1119.13,1120.07,P0427,Sensors Product 427,Sensors,314,409,C00071,"Kelly, Adams and Collins",Distributor,Manufacturing,Lake Alexis,Italy,2019-10-26,1
20241324,249,182,4,81,9,1,4,2479.71,1513.57,966.14,2374.61,2475.66,P0249,Fuel Systems Product 249,Fuel Systems,135,790,C00182,Burnett Inc,OEM,Automotive,Allentown,Germany,2022-05-31,1
20226428,455,3743,5,19,7,1,3,4280.36,3129.61,1150.75,4396.39,4485.41,P0455,Fuel Systems Product 455,Fuel Systems,304,983,C03743,Thomas Inc,Fleet,Automotive,Benderbury,Germany,2020-04-02,1
20242860,264,1097,9,32,8,1,14,931.21,610.33,320.88,967.18,890.41,P0264,Electronics Product 264,Electronics,85,333,C01097,Brooks-Byrd,OEM,Automotive,Brucefort,Italy,2020-12-22,1
20233742,171,265,1,9,5,4,10,936.67,687.34,249.33,916.43,891.84,P0171,Cooling Systems Product 171,Cooling Systems,353,541,C00265,Smith-Watts,Distributor,Manufacturing,North Katie,Austria,2023-03-30,1
20260329,26,4435,7,62,4,3,6,809.51,592.9,216.61,813.61,853.17,P0026,Fuel Systems Product 26,Fuel Systems,79,165,C04435,Mueller Ltd,Fleet,Transportation,Port Tracyland,Italy,2018-03-22,1
20250258,293,803,4,20,4,4,7,2467.58,1636.33,831.25,2513.64,2654.5,P0293,Sensors Product 293,Sensors,124,541,C00803,Osborn LLC,Distributor,Automotive,Jeffreyberg,Sweden,2018-03-30,1
20229332,171,1334,8,100,8,3,2,2199.45,1876.22,323.23,2148.29,2271.05,P0171,Cooling Systems Product 171,Cooling Systems,353,541,C01334,Anthony-Elliott,Fleet,Manufacturing,Carrollton,Belgium,2023-08-19,1
20228001,199,1529,4,112,1,4,14,1371.68,995.62,376.06,1383.26,1368.71,P0199,Turbochargers Product 199,Turbochargers,174,399,C01529,"Jones, Thompson and Cox",Fleet,Manufacturing,South Deniseville,Netherlands,2025-01-02,1
20235452,114,2863,6,106,1,5,9,2634.81,1987.91,646.9,2765.77,2640.75,P0114,Turbochargers Product 114,Turbochargers,261,467,C02863,York and Sons,Distributor,Transportation,Kyleview,Poland,2022-06-11,1
20240983,1,1835,10,69,3,1,15,396.58,260.38,136.2,411.23,386.11,P0001,Cooling Systems Product 1,Cooling Systems,339,166,C01835,Turner-Taylor,Fleet,Transportation,New Janicechester,Netherlands,2025-07-04,1
20247369,229,2189,8,100,10,3,13,1628.67,1328.04,300.63,1581.25,1764.7,P0229,Cooling Systems Product 229,Cooling Systems,283,213,C02189,"Sanders, Graves and Frye",OEM,Automotive,Aprilmouth,Italy,2024-07-02,1
20259189,138,1280,7,92,6,2,10,3200.81,2555.43,645.38,3177.96,3184.88,P0138,Filtration Product 138,Filtration,450,603,C01280,Gomez LLC,Distributor,Automotive,North Fernando,Netherlands,2026-07-06,1
20227769,17,3662,3,24,7,2,19,1936.76,1413.31,523.45,1994.18,2023.81,P0017,Electronics Product 17,Electronics,160,200,C03662,Robinson-Castaneda,Distributor,Transportation,Lake Tammyborough,Spain,2018-06-01,1
20248605,246,3349,2,64,6,5,6,406.9,349.96,56.94,413.54,400.55,P0246,Cooling Systems Product 246,Cooling Systems,60,416,C03349,Bradley-Castaneda,Fleet,Automotive,Port Marychester,Germany,2021-12-12,1
20251030,259,4007,8,109,10,1,12,1875.12,1192.85,682.27,1809.79,2044.33,P0259,Turbochargers Product 259,Turbochargers,420,350,C04007,Jackson Ltd,Fleet,Automotive,West Caroline,Spain,2025-07-25,1
20235062,223,2772,4,58,10,5,9,1915.34,1620.41,294.93,1927.99,2091.84,P0223,Aftertreatment Product 223,Aftertreatment,270,307,C02772,"Murphy, Smith and Jensen",OEM,Automotive,Lake Michael,Spain,2019-10-05,1
20244824,228,3386,8,8,5,1,20,518.24,320.78,197.46,537.1,521.58,P0228,Filtration Product 228,Filtration,197,732,C03386,Smith Ltd,Distributor,Manufacturing,New Maria,Germany,2023-05-10,1
20228515,348,2410,9,103,2,3,20,2956.88,2023.74,933.14,3077.76,3116.61,P0348,Electronics Product 348,Electronics,355,293,C02410,Johnson-Hendrix,OEM,Automotive,East Taraside,Italy,2025-04-25,1
20241516,167,4148,2,73,8,5,5,2877.91,2062.88,815.03,2814.34,2968.5,P0167,Fuel Systems Product 167,Fuel Systems,235,341,C04148,"Davis, Fuentes and Gross",Distributor,Transportation,New Christian,Italy,2024-07-30,1
20245140,239,1190,1,90,2,4,1,4863.87,3336.57,1527.3,5077.92,4911.56,P0239,Fuel Systems Product 239,Fuel Systems,362,107,C01190,Meyer Group,Distributor,Transportation,Justinville,France,2023-04-05,1
20248359,146,4797,9,34,2,4,13,1017.6,726.7,290.9,1057.77,1109.79,P0146,Fuel Systems Product 146,Fuel Systems,401,816,C04797,Rodriguez and Sons,OEM,Automotive,Dodsonmouth,Spain,2017-12-24,1
20238135,392,652,2,87,5,1,19,4510.96,2997.12,1513.84,4554.46,4492.37,P0392,Turbochargers Product 392,Turbochargers,136,802,C00652,"Valentine, Clements and Turner",Fleet,Manufacturing,South Hannahburgh,Germany,2020-06-22,1
20249372,245,2459,8,25,4,3,17,3098.53,2074.26,1024.27,3246.29,3279.32,P0245,Sensors Product 245,Sensors,412,637,C02459,"Snyder, Weber and Drake",OEM,Transportation,New Virginia,Sweden,2019-04-17,1
20248138,418,2396,4,116,2,4,15,2075.92,1468.06,607.86,2050.36,2261.82,P0418,Sensors Product 418,Sensors,65,522,C02396,Cunningham LLC,Fleet,Manufacturing,Jonathanmouth,Poland,2020-05-20,1
20240794,391,683,2,95,9,5,11,2085.52,1356.78,728.74,2099.86,2186.81,P0391,Sensors Product 391,Sensors,448,870,C00683,Caldwell-Burch,Distributor,Manufacturing,Waterschester,Netherlands,2024-08-26,1
20225228,254,996,3,82,4,2,1,3351.26,2490.37,860.89,3402.89,3432.12,P0254,Sensors Product 254,Sensors,174,101,C00996,Miller Ltd,Distributor,Transportation,New Kathleen,Spain,2023-03-04,1
20252258,379,947,1,6,10,5,17,1637.93,1115.46,522.47,1585.23,1731.22,P0379,Cooling Systems Product 379,Cooling Systems,221,917,C00947,Williams LLC,OEM,Automotive,Youngtown,Germany,2020-05-06,1
20234124,105,3259,10,61,2,4,15,3096.02,2306.18,789.84,3129.58,3359.03,P0105,Filtration Product 105,Filtration,163,690,C03259,Wright LLC,Distributor,Manufacturing,Aguilarview,France,2026-06-21,1
20249669,318,2362,1,6,4,1,15,3993.56,3345.85,647.71,3966.56,4306.03,P0318,Sensors Product 318,Sensors,407,237,C02362,"Patterson, Bradley and Miller",Fleet,Transportation,North Savannahton,Austria,2017-06-13,1
20236281,9,161,6,93,6,2,7,3047.67,2544.44,503.23,2916.51,3341.64,P0009,Sensors Product 9,Sensors,489,328,C00161,Johnston PLC,Distributor,Automotive,Lake Travisside,France,2025-08-22,1
20234511,389,4731,9,45,3,3,15,4153.37,3609.12,544.25,4095.65,4395.14,P0389,Aftertreatment Product 389,Aftertreatment,339,386,C04731,Ward-Hernandez,OEM,Automotive,East Roseshire,Italy,2024-05-04,1
20236037,134,1192,4,19,10,2,3,2985.89,2275.99,709.9,3011.86,3226.77,P0134,Fuel Systems Product 134,Fuel Systems,256,227,C01192,"Maldonado, Cannon and Stout",OEM,Manufacturing,East Erichaven,Sweden,2021-03-14,1
20258176,214,1438,5,78,10,1,12,4959.71,3996.27,963.44,4889.95,5081.54,P0214,Cooling Systems Product 214,Cooling Systems,448,206,C01438,"Mendez, Johnson and Smith",OEM,Transportation,Angelborough,Germany,2016-10-11,1
20238555,392,3593,10,105,9,2,14,4051.17,3623.39,427.78,4111.07,4107.58,P0392,Turbochargers Product 392,Turbochargers,136,802,C03593,Salazar-Mcdowell,Distributor,Automotive,West Jimmy,Poland,2017-09-12,1
20252625,155,54,1,90,9,3,9,4548.74,3856.84,691.9,4613.55,4720.61,P0155,Fuel Systems Product 155,Fuel Systems,406,343,C00054,Cain-Moore,OEM,Transportation,South David,Germany,2022-06-25,1
20226504,11,4385,7,118,8,1,3,800.07,480.16,319.91,795.78,839.38,P0011,Aftertreatment Product 11,Aftertreatment,391,101,C04385,"Hughes, Yang and Morton",Fleet,Manufacturing,Youngburgh,Belgium,2018-03-30,1
20237835,452,2759,3,97,10,2,17,1425.78,1048.91,376.87,1401.92,1451.52,P0452,Aftertreatment Product 452,Aftertreatment,397,753,C02759,Richardson-Clements,Fleet,Transportation,West Michael,Poland,2024-11-27,1
20246893,302,2033,1,57,9,4,11,177.43,120.28,57.15,171.48,171.58,P0302,Aftertreatment Product 302,Aftertreatment,269,636,C02033,"Washington, Acosta and Ross",OEM,Transportation,Levineview,Spain,2025-09-21,1
20227807,195,3114,2,95,8,1,6,4806.82,4113.09,693.73,4919.81,4827.51,P0195,Fuel Systems Product 195,Fuel Systems,417,373,C03114,Atkinson Ltd,Distributor,Automotive,Leebury,Sweden,2026-02-02,1
20232440,260,1069,4,108,10,4,6,4358.07,2746.7,1611.37,4284.58,4517.95,P0260,Cooling Systems Product 260,Cooling Systems,369,254,C01069,Larsen and Sons,OEM,Transportation,Rhondaburgh,Austria,2023-04-27,1
20259981,58,733,10,49,4,5,2,3445.8,2113.14,1332.66,3482.9,3733.01,P0058,Sensors Product 58,Sensors,250,741,C00733,"Brown, Mckinney and Wilson",Distributor,Manufacturing,South Wendyshire,Germany,2026-02-10,1
20235240,109,4627,7,103,2,4,14,2786.89,1679.78,1107.11,2751.7,2773.46,P0109,Cooling Systems Product 109,Cooling Systems,251,702,C04627,Hart-Hinton,Distributor,Transportation,North Kristenview,Sweden,2017-05-05,1
20229305,116,3244,4,120,1,3,11,4372.6,3080.45,1292.15,4444.6,4407.9,P0116,Filtration Product 116,Filtration,308,352,C03244,Howard-Torres,Fleet,Manufacturing,Robertmouth,Germany,2018-11-23,1
20222542,173,1602,3,67,6,1,18,3750.73,2677.54,1073.19,3594.23,3621.67,P0173,Fuel Systems Product 173,Fuel Systems,358,422,C01602,Williams Ltd,OEM,Automotive,Halefort,Netherlands,2018-09-08,1
20238756,330,930,1,39,6,3,14,1767.4,1410.55,356.85,1701.94,1942.95,P0330,Electronics Product 330,Electronics,71,949,C00930,"Nelson, Frederick and Davenport",Fleet,Transportation,Lake Abigail,Poland,2017-02-14,1
20223500,281,3795,3,103,2,1,20,2640.37,1760.42,879.95,2757.23,2521.64,P0281,Fuel Systems Product 281,Fuel Systems,223,797,C03795,Howard and Sons,OEM,Automotive,Nancyfurt,Austria,2022-10-07,1
20246495,399,3023,3,22,1,3,9,4967.69,4129.26,838.43,4905.17,5420.22,P0399,Cooling Systems Product 399,Cooling Systems,441,915,C03023,Pineda-Stewart,Fleet,Automotive,Deborahton,Poland,2019-04-01,1
20258492,72,2750,7,60,6,3,20,1824.97,1352.53,472.44,1827.16,1991.97,P0072,Filtration Product 72,Filtration,99,254,C02750,Sutton-Blake,Fleet,Transportation,Port Erica,Austria,2019-05-19,1
20233749,106,2736,1,118,5,4,1,450.48,355.0,95.48,469.91,491.61,P0106,Filtration Product 106,Filtration,289,517,C02736,"Palmer, Wilson and Cohen",Fleet,Manufacturing,Maryshire,Spain,2019-11-19,1
20253854,186,2313,6,112,4,2,4,4460.76,3683.96,776.8,4503.23,4309.25,P0186,Sensors Product 186,Sensors,325,550,C02313,"Rivera, Hodges and Freeman",Distributor,Automotive,East Carla,Austria,2022-10-29,1
20253672,214,4046,6,120,3,2,8,4433.76,3103.49,1330.27,4327.34,4860.56,P0214,Cooling Systems Product 214,Cooling Systems,448,206,C04046,Watson-Romero,Fleet,Automotive,Port Jacob,Poland,2020-03-30,1
20252179,321,2329,10,116,5,2,17,289.24,196.44,92.8,295.32,318.06,P0321,Cooling Systems Product 321,Cooling Systems,340,488,C02329,"Livingston, Lloyd and Norris",OEM,Automotive,Lake Jessicaberg,Belgium,2020-02-06,1
20258870,198,1607,3,97,9,3,12,4588.06,3604.87,983.19,4412.02,4838.28,P0198,Sensors Product 198,Sensors,323,911,C01607,"Mendoza, Foster and Jackson",OEM,Manufacturing,Michaelview,Poland,2019-02-11,1
20235549,458,1488,1,33,9,5,20,3672.58,2711.58,961.0,3734.44,3761.28,P0458,Sensors Product 458,Sensors,64,799,C01488,Brown PLC,OEM,Manufacturing,New Teresabury,Austria,2024-12-15,1
20226490,438,2455,8,64,5,1,11,2885.34,2114.04,771.3,2886.48,3148.43,P0438,Electronics Product 438,Electronics,347,372,C02455,Johnson PLC,Fleet,Automotive,East Brandonville,Sweden,2022-10-21,1
20257860,38,459,10,23,8,1,5,817.15,592.91,224.24,817.72,840.79,P0038,Cooling Systems Product 38,Cooling Systems,192,521,C00459,Thompson-Conrad,Distributor,Transportation,West Jamesland,France,2022-11-17,1
20230217,309,1572,9,108,8,4,19,138.18,83.57,54.61,133.24,142.67,P0309,Filtration Product 309,Filtration,421,447,C01572,Howard Group,Fleet,Transportation,Brownmouth,Netherlands,2024-07-23,1
20224234,46,2459,6,92,4,4,10,1072.14,797.01,275.13,1117.51,1109.25,P0046,Sensors Product 46,Sensors,205,967,C02459,"Snyder, Weber and Drake",OEM,Transportation,New Virginia,Sweden,2019-04-17,1
20230345,247,1499,5,86,2,5,6,2314.7,1441.34,873.36,2272.91,2304.69,P0247,Aftertreatment Product 247,Aftertreatment,457,906,C01499,"Mitchell, Manning and Lamb",Fleet,Automotive,Sullivanstad,Italy,2018-12-31,1
20220993,310,3038,7,113,4,1,5,1717.29,1487.74,229.55,1742.03,1712.07,P0310,Filtration Product 310,Filtration,299,806,C03038,"Reynolds, Malone and Torres",Fleet,Manufacturing,New Justin,Germany,2022-06-09,1
20220791,382,1955,1,114,3,4,9,488.6,326.51,162.09,483.9,474.02,P0382,Sensors Product 382,Sensors,460,927,C01955,"Mccall, Francis and Ramos",Distributor,Automotive,North Melindaview,Netherlands,2025-10-17,1
20244572,46,2205,3,85,3,5,15,3898.04,3346.24,551.8,3937.25,4232.28,P0046,Sensors Product 46,Sensors,205,967,C02205,"Hill, Bailey and Johnson",Fleet,Automotive,West Angiechester,Germany,2018-04-13,1
20258645,436,2994,10,109,6,4,8,112.07,83.77,28.3,108.91,111.02,P0436,Filtration Product 436,Filtration,182,285,C02994,"Martinez, Roy and Woods",Fleet,Automotive,South Stephenview,Sweden,2018-02-04,1
20241483,377,3013,7,40,3,2,7,2388.27,1487.82,900.45,2329.67,2574.93,P0377,Electronics Product 377,Electronics,179,258,C03013,"Baker, Gonzalez and Henry",Distributor,Automotive,Ryanland,Italy,2017-02-24,1
20235921,17,3459,10,54,5,2,20,1339.21,1124.83,214.38,1343.64,1420.39,P0017,Electronics Product 17,Electronics,160,200,C03459,"Hayes, Morris and Dawson",Fleet,Transportation,Hallshire,France,2017-11-06,1
20226063,472,229,6,46,10,5,10,2365.33,2034.14,331.19,2382.56,2473.79,P0472,Aftertreatment Product 472,Aftertreatment,267,714,C00229,Rich-Schmidt,OEM,Manufacturing,New Ericamouth,Italy,2022-11-18,1
20243546,269,4986,3,30,7,4,8,3660.96,2642.65,1018.31,3633.07,3828.7,P0269,Filtration Product 269,Filtration,473,207,C04986,Mora LLC,OEM,Transportation,East Jesseland,Netherlands,2019-02-11,1
20234284,109,2886,1,81,10,3,20,515.1,354.61,160.49,539.91,506.16,P0109,Cooling Systems Product 109,Cooling Systems,251,702,C02886,"Wilson, Armstrong and James",Distributor,Transportation,East Elizabethchester,Spain,2016-09-21,1
20245468,369,1108,9,69,4,1,4,2465.42,2035.68,429.74,2354.81,2404.72,P0369,Cooling Systems Product 369,Cooling Systems,129,206,C01108,Clayton-Hall,OEM,Manufacturing,South Susan,Spain,2019-12-31,1
20258400,344,2396,10,35,6,4,17,3321.69,2408.77,912.92,3193.75,3393.41,P0344,Cooling Systems Product 344,Cooling Systems,482,648,C02396,Cunningham LLC,Fleet,Manufacturing,Jonathanmouth,Poland,2020-05-20,1
20237138,300,4216,3,93,3,1,18,4183.68,3056.61,1127.07,4173.31,4480.0,P0300,Cooling Systems Product 300,Cooling Systems,360,329,C04216,"Warren, Odom and Morales",Fleet,Automotive,Woodwardmouth,Germany,2019-10-18,1
20257342,317,3583,5,70,4,4,2,1244.9,780.84,464.06,1189.0,1289.31,P0317,Cooling Systems Product 317,Cooling Systems,303,365,C03583,Waters-Wilson,OEM,Transportation,Laurenmouth,Poland,2019-04-14,1
20237287,497,3303,5,93,7,2,12,1147.05,834.22,312.83,1112.02,1122.25,P0497,Electronics Product 497,Electronics,217,126,C03303,Nunez and Sons,Distributor,Automotive,Vasquezstad,Sweden,2018-03-18,1
20232834,33,2824,8,8,5,5,2,3008.74,2569.98,438.76,3120.18,2977.97,P0033,Sensors Product 33,Sensors,252,257,C02824,Rodriguez-Stewart,Fleet,Manufacturing,Lake Destiny,Belgium,2021-11-05,1
20248713,228,2065,6,103,6,4,15,1943.4,1373.7,569.7,1983.33,2071.73,P0228,Filtration Product 228,Filtration,197,732,C02065,"Kirk, Clarke and Perez",Fleet,Transportation,North Craigburgh,Netherlands,2020-02-19,1
20257934,196,705,10,87,3,2,12,4469.69,2891.98,1577.71,4407.23,4860.84,P0196,Filtration Product 196,Filtration,469,177,C00705,Dunn-Smith,Distributor,Transportation,West Jessicaville,France,2022-07-13,1
20221246,46,3484,3,66,2,5,18,4014.01,3507.0,507.01,4063.93,3984.48,P0046,Sensors Product 46,Sensors,205,967,C03484,"Phillips, Murray and Kennedy",Fleet,Automotive,Ortizport,Austria,2025-02-22,1
20224136,104,1989,7,17,9,2,3,3912.47,2806.92,1105.55,3752.8,4197.9,P0104,Sensors Product 104,Sensors,395,283,C01989,Glenn-Mccullough,OEM,Manufacturing,Karenchester,Sweden,2024-11-18,1
20231774,170,1449,7,45,7,5,13,3891.45,3270.29,621.16,3892.76,4154.15,P0170,Fuel Systems Product 170,Fuel Systems,339,713,C01449,Donovan Group,Fleet,Manufacturing,South Leonardborough,Poland,2018-11-27,1
20241195,234,4115,10,58,5,5,3,4495.81,3561.0,934.81,4557.31,4627.05,P0234,Filtration Product 234,Filtration,444,779,C04115,Coleman-Wolfe,OEM,Transportation,Port Tylerview,Belgium,2017-09-18,1
20253379,74,4151,4,35,10,1,5,1228.6,754.62,473.98,1236.17,1316.71,P0074,Sensors Product 74,Sensors,140,914,C04151,Giles Ltd,OEM,Automotive,Christinaburgh,Spain,2025-02-21,1
20232930,116,3447,6,6,9,1,11,1519.95,1285.23,234.72,1503.7,1554.36,P0116,Filtration Product 116,Filtration,308,352,C03447,Jones Ltd,Fleet,Manufacturing,Carterfort,Sweden,2022-08-17,1
20255374,418,1558,6,54,7,3,10,303.14,190.69,112.45,315.53,324.77,P0418,Sensors Product 418,Sensors,65,522,C01558,George LLC,OEM,Automotive,New Ryanburgh,Netherlands,2023-10-23,1
20229327,176,462,10,48,4,5,11,3515.11,2547.91,967.2,3522.27,3512.76,P0176,Aftertreatment Product 176,Aftertreatment,119,257,C00462,"Mcdonald, Cruz and Gross",Distributor,Automotive,Oconnorton,Belgium,2017-04-20,1
20233876,45,4264,6,18,10,5,5,4047.24,3012.98,1034.26,4014.65,4385.44,P0045,Aftertreatment Product 45,Aftertreatment,192,571,C04264,Lawson-Yu,Fleet,Manufacturing,Nunezfort,Belgium,2021-12-12,1
20244591,227,2184,8,53,10,1,4,3268.54,2489.54,779.0,3138.77,3581.47,P0227,Cooling Systems Product 227,Cooling Systems,263,315,C02184,"Aguirre, Johnson and Hoover",Distributor,Automotive,Joneshaven,Italy,2016-09-17,1
20245543,425,1147,8,118,9,2,1,3851.19,2720.37,1130.82,3740.66,4042.07,P0425,Sensors Product 425,Sensors,236,818,C01147,Sanders Ltd,Distributor,Manufacturing,Reynoldsmouth,Germany,2022-02-07,1
20232037,69,881,2,94,10,2,11,3986.74,3173.42,813.32,3828.33,4131.26,P0069,Cooling Systems Product 69,Cooling Systems,184,980,C00881,"Welch, Bolton and Freeman",OEM,Transportation,New Douglasstad,France,2017-03-26,1
20236013,480,2818,2,112,8,4,11,899.07,611.2,287.87,903.02,949.71,P0480,Sensors Product 480,Sensors,154,854,C02818,Hayes-Mendoza,Fleet,Automotive,Tonyafort,Germany,2020-09-24,1
20241302,319,2491,1,16,6,4,18,1850.68,1341.62,509.06,1865.53,1925.71,P0319,Aftertreatment Product 319,Aftertreatment,233,504,C02491,Stevens LLC,Distributor,Automotive,Herrerahaven,Austria,2020-09-15,1
20227022,9,2267,1,109,7,4,9,2189.58,1790.24,399.34,2137.72,2118.43,P0009,Sensors Product 9,Sensors,489,328,C02267,Berg Ltd,OEM,Manufacturing,East Jennifer,Germany,2024-12-07,1
20255658,255,3237,7,2,1,5,17,4756.37,4084.05,672.32,4700.81,5150.69,P0255,Cooling Systems Product 255,Cooling Systems,66,596,C03237,"Payne, Ramos and Rogers",Distributor,Transportation,Ricardoside,Netherlands,2016-11-07,1
20253305,167,2728,3,71,8,1,18,1551.96,1067.72,484.24,1565.7,1480.47,P0167,Fuel Systems Product 167,Fuel Systems,235,341,C02728,"Howard, Bell and Moon",Fleet,Manufacturing,Wernershire,Germany,2017-08-17,1
20237753,12,3485,9,87,6,3,13,494.52,429.81,64.71,502.72,531.29,P0012,Turbochargers Product 12,Turbochargers,314,761,C03485,Hamilton-Wilson,Distributor,Automotive,East Jessicatown,Poland,2023-05-12,1
20252502,459,3762,3,105,10,5,1,442.08,361.83,80.25,464.07,485.62,P0459,Filtration Product 459,Filtration,230,102,C03762,"Parker, Smith and Richmond",Fleet,Manufacturing,Nguyenhaven,Netherlands,2019-04-29,1
20255455,332,4007,1,70,1,4,2,200.95,140.01,60.94,207.29,194.44,P0332,Filtration Product 332,Filtration,298,534,C04007,Jackson Ltd,Fleet,Automotive,West Caroline,Spain,2025-07-25,1
20242757,93,1299,1,60,5,1,4,2805.36,2047.88,757.48,2885.55,2962.02,P0093,Cooling Systems Product 93,Cooling Systems,369,256,C01299,Smith LLC,OEM,Automotive,Kelleyborough,Netherlands,2023-10-07,1
20234578,11,957,6,88,2,1,12,2444.98,1862.56,582.42,2345.69,2443.91,P0011,Aftertreatment Product 11,Aftertreatment,391,101,C00957,"Castillo, Goodman and Lyons",Fleet,Automotive,North Allison,Netherlands,2022-12-11,1
20260699,259,3410,10,65,3,1,13,4303.33,3418.74,884.59,4113.77,4391.06,P0259,Turbochargers Product 259,Turbochargers,420,350,C03410,Roberts-Morris,Fleet,Transportation,Maldonadofort,Netherlands,2017-12-23,1
20254926,296,875,5,120,7,2,6,775.62,532.8,242.82,773.25,851.27,P0296,Electronics Product 296,Electronics,200,189,C00875,Sanchez-Anderson,Fleet,Transportation,North Carlosville,Belgium,2023-06-21,1
20226469,21,494,1,41,5,5,9,4923.52,3556.34,1367.18,5151.62,4911.74,P0021,Turbochargers Product 21,Turbochargers,138,197,C00494,Carr-Vargas,Fleet,Automotive,Blackville,Italy,2017-06-12,1
20226011,220,3549,4,86,1,4,7,4422.08,3640.88,781.2,4338.94,4477.7,P0220,Filtration Product 220,Filtration,401,447,C03549,"Silva, Campbell and Miranda",OEM,Transportation,Markfort,Netherlands,2023-03-26,1
20225799,441,4617,10,109,10,2,16,4999.32,3032.24,1967.08,5143.9,4953.51,P0441,Electronics Product 441,Electronics,161,670,C04617,"Phelps, Brown and Gonzales",Distributor,Automotive,Meltonchester,Spain,2026-02-19,1
20245017,118,4070,2,23,4,4,13,1477.81,1129.65,348.16,1450.54,1581.25,P0118,Turbochargers Product 118,Turbochargers,151,106,C04070,Murphy PLC,Distributor,Transportation,South Gregory,Italy,2017-06-15,1
20241452,231,4932,8,3,2,5,18,4877.44,3893.23,984.21,5015.08,5151.74,P0231,Fuel Systems Product 231,Fuel Systems,293,699,C04932,Ray Inc,Fleet,Transportation,West Anneborough,Netherlands,2016-08-09,1
20245930,35,4855,5,8,5,4,20,3725.7,2792.46,933.24,3805.83,3553.33,P0035,Filtration Product 35,Filtration,488,634,C04855,Flowers-Franklin,OEM,Transportation,Porterport,Belgium,2018-10-03,1
20243043,61,1161,7,58,7,5,8,706.63,535.74,170.89,727.64,750.97,P0061,Turbochargers Product 61,Turbochargers,365,974,C01161,"Rivera, Turner and Beck",Distributor,Transportation,Robertshaven,Germany,2018-02-15,1
20223187,160,3604,8,49,9,4,10,1922.45,1713.18,209.27,1890.77,1883.9,P0160,Turbochargers Product 160,Turbochargers,251,984,C03604,Bates PLC,Fleet,Transportation,South Daniel,Poland,2019-04-17,1
20238806,166,2239,4,37,8,5,7,2800.61,2410.03,390.58,2723.78,3051.67,P0166,Filtration Product 166,Filtration,399,723,C02239,Guerrero Group,OEM,Transportation,South Jonathanside,Belgium,2024-09-12,1
20243956,194,4787,10,34,7,3,13,1489.7,1067.35,422.35,1548.88,1433.17,P0194,Fuel Systems Product 194,Fuel Systems,347,939,C04787,"Welch, Johnson and Foster",Fleet,Transportation,Brownborough,Belgium,2024-02-20,1
20229569,267,1427,10,32,1,4,7,2622.79,1784.21,838.58,2560.22,2675.53,P0267,Turbochargers Product 267,Turbochargers,306,322,C01427,"Olson, Johnson and Gordon",Fleet,Transportation,Carterland,Belgium,2024-06-02,1
20259731,477,780,1,27,7,5,1,3810.23,2699.95,1110.28,3807.15,4134.72,P0477,Aftertreatment Product 477,Aftertreatment,143,204,C00780,Griffin LLC,Distributor,Transportation,Port Gabriellafort,Poland,2022-06-15,1
20230221,423,1360,5,56,7,2,20,294.8,240.36,54.44,287.94,321.85,P0423,Fuel Systems Product 423,Fuel Systems,466,114,C01360,"Allison, Rivera and Gomez",Fleet,Transportation,Austinshire,Austria,2024-10-19,1
20245370,117,2402,9,111,3,5,18,3922.9,3295.34,627.56,3875.86,4238.44,P0117,Filtration Product 117,Filtration,60,919,C02402,"Conley, Hansen and Scott",Fleet,Automotive,West Staceychester,Austria,2016-10-18,1
20257764,262,804,9,93,1,1,2,3656.36,2778.45,877.91,3797.62,3939.43,P0262,Fuel Systems Product 262,Fuel Systems,206,497,C00804,"Greer, Lowery and Beck",OEM,Transportation,Kaisermouth,Belgium,2020-07-20,1
20255136,449,3837,4,116,1,3,7,158.63,121.64,36.99,164.29,159.81,P0449,Turbochargers Product 449,Turbochargers,466,253,C03837,Collins LLC,Distributor,Automotive,South Ryanborough,Netherlands,2023-06-11,1
20232780,19,3167,3,99,1,1,14,3597.37,2996.09,601.28,3552.02,3718.98,P0019,Filtration Product 19,Filtration,481,705,C03167,Bell Inc,Fleet,Manufacturing,East Jillian,Spain,2024-06-05,1
20256925,318,1394,10,116,3,5,8,4448.82,2751.43,1697.39,4473.49,4484.63,P0318,Sensors Product 318,Sensors,407,237,C01394,"Monroe, Smith and Johnson",Fleet,Manufacturing,Jamesburgh,Italy,2024-12-27,1
20234665,224,724,9,111,4,4,17,4811.27,4180.16,631.11,4597.66,5232.68,P0224,Cooling Systems Product 224,Cooling Systems,385,175,C00724,Barber Inc,Distributor,Transportation,Smithshire,Italy,2018-06-29,1
20223376,486,4890,10,104,10,3,2,4252.1,2703.56,1548.54,4120.44,4184.93,P0486,Cooling Systems Product 486,Cooling Systems,127,865,C04890,Burns-Moore,OEM,Transportation,East Jeffreyshire,France,2021-08-22,1
20224828,89,4676,7,41,7,1,5,4182.8,2598.73,1584.07,4377.04,4018.32,P0089,Sensors Product 89,Sensors,93,629,C04676,"Lawrence, Johnson and Carter",OEM,Automotive,Lake Daniel,Austria,2018-05-14,1
20236653,232,3432,10,5,3,5,15,1755.62,1495.29,260.33,1749.33,1679.53,P0232,Aftertreatment Product 232,Aftertreatment,485,876,C03432,Merritt-Ellison,OEM,Manufacturing,Donaldsonshire,Belgium,2025-09-21,1
20249654,284,2318,10,2,3,5,17,3195.57,2719.77,475.8,3332.48,3121.65,P0284,Cooling Systems Product 284,Cooling Systems,378,813,C02318,Johnson and Sons,Distributor,Transportation,Meltonmouth,France,2021-06-04,1
20237220,242,3137,6,104,8,5,18,1136.37,980.23,156.14,1082.68,1156.53,P0242,Aftertreatment Product 242,Aftertreatment,231,167,C03137,Smith Inc,Fleet,Automotive,South Drew,Sweden,2018-11-16,1
20233004,293,2543,4,33,10,5,7,2532.02,2205.12,326.9,2609.52,2734.27,P0293,Sensors Product 293,Sensors,124,541,C02543,"Griffin, Hahn and Collins",Fleet,Transportation,Johnsonville,Austria,2024-01-18,1
20244423,146,2938,10,29,2,1,11,2331.97,2063.59,268.38,2362.92,2253.33,P0146,Fuel Systems Product 146,Fuel Systems,401,816,C02938,"Bell, Ruiz and Simon",Distributor,Transportation,New Hannahbury,Poland,2026-07-21,1
20223761,271,333,7,98,2,1,5,226.29,140.79,85.5,234.87,241.2,P0271,Turbochargers Product 271,Turbochargers,236,400,C00333,Howard Group,OEM,Manufacturing,East Philipburgh,France,2022-04-05,1
20259614,395,4813,6,53,2,2,12,4286.22,3228.16,1058.06,4477.25,4270.46,P0395,Aftertreatment Product 395,Aftertreatment,324,151,C04813,"Ward, Crawford and Williams",Distributor,Transportation,West Kathleenfurt,Sweden,2023-12-20,1
20241874,163,763,9,73,9,3,1,3613.68,2702.68,911.0,3436.93,3570.75,P0163,Sensors Product 163,Sensors,305,195,C00763,"Jensen, Larson and Snyder",Fleet,Automotive,Whiteville,Austria,2020-04-18,1
20237893,356,4155,1,79,5,3,18,2095.66,1824.92,270.74,2025.44,2012.0,P0356,Filtration Product 356,Filtration,250,324,C04155,Welch Group,Distributor,Automotive,East Loristad,Spain,2026-06-01,1
20235172,74,1778,10,119,9,2,15,3946.4,3294.51,651.89,4037.86,3949.58,P0074,Sensors Product 74,Sensors,140,914,C01778,"Mcfarland, Morgan and Ali",Fleet,Manufacturing,Paulstad,Netherlands,2017-12-25,1
20227178,490,2697,9,116,2,3,19,2975.2,2153.43,821.77,2897.58,3078.3,P0490,Filtration Product 490,Filtration,178,560,C02697,Love Group,OEM,Transportation,Burchchester,France,2021-04-18,1
20242149,259,1408,10,13,9,2,9,1356.82,1019.32,337.5,1316.13,1394.16,P0259,Turbochargers Product 259,Turbochargers,420,350,C01408,"Schroeder, Carroll and Johnson",OEM,Manufacturing,Hudsontown,Austria,2016-10-23,1
20226581,375,1653,9,117,5,5,20,329.4,247.18,82.22,323.22,332.59,P0375,Electronics Product 375,Electronics,53,145,C01653,Schultz-White,OEM,Manufacturing,South Karen,Spain,2019-04-26,1
20233283,192,1042,6,87,8,1,9,3457.17,2500.75,956.42,3402.35,3682.42,P0192,Sensors Product 192,Sensors,76,900,C01042,"Rice, Fry and Robbins",Distributor,Automotive,Blevinsshire,Netherlands,2023-05-20,1
20254374,24,4288,7,70,7,2,3,1878.82,1300.43,578.39,1916.24,1893.26,P0024,Aftertreatment Product 24,Aftertreatment,382,526,C04288,Martinez Group,Distributor,Automotive,Elizabethside,Spain,2026-02-18,1
20221002,388,4467,1,5,5,2,3,776.02,509.9,266.12,747.33,758.17,P0388,Aftertreatment Product 388,Aftertreatment,170,132,C04467,Ellis Ltd,Fleet,Manufacturing,South Felicia,Poland,2021-07-28,1
20246768,412,3092,7,25,2,3,19,1909.34,1475.55,433.79,1822.98,1888.64,P0412,Sensors Product 412,Sensors,472,328,C03092,"Riley, Robertson and Stevens",Distributor,Automotive,Franklinfort,Germany,2021-03-24,1
20250019,423,833,4,54,1,5,14,4318.42,3827.14,491.28,4245.62,4346.69,P0423,Fuel Systems Product 423,Fuel Systems,466,114,C00833,Sweeney-Munoz,Distributor,Manufacturing,North Taylortown,Netherlands,2022-07-14,1
20238346,102,4853,10,77,4,4,8,2295.44,1414.6,880.84,2283.49,2509.78,P0102,Electronics Product 102,Electronics,346,814,C04853,Bell PLC,Distributor,Transportation,Lake Shanemouth,Germany,2025-11-26,1
20228902,60,550,9,66,6,4,2,3627.37,3137.03,490.34,3659.82,3470.81,P0060,Cooling Systems Product 60,Cooling Systems,86,746,C00550,"Chang, Combs and Reid",Fleet,Manufacturing,Lake Briantown,Italy,2021-11-05,1
20258998,5,1947,4,87,9,5,13,1995.09,1607.42,387.67,2008.1,1897.96,P0005,Sensors Product 5,Sensors,264,744,C01947,Gilbert-Greene,Fleet,Automotive,Cynthiashire,France,2022-06-11,1
20230530,1,36,10,5,8,3,10,1406.36,1105.7,300.66,1414.35,1496.96,P0001,Cooling Systems Product 1,Cooling Systems,339,166,C00036,Gardner-Clark,Distributor,Manufacturing,South John,Belgium,2025-03-10,1
20254473,74,3865,6,71,10,3,20,3522.22,2443.21,1079.01,3569.69,3870.86,P0074,Sensors Product 74,Sensors,140,914,C03865,Gonzales-Williams,Distributor,Transportation,Burkeland,Austria,2018-04-24,1
20222319,479,4936,4,18,5,1,11,1758.98,1408.81,350.17,1830.47,1715.48,P0479,Sensors Product 479,Sensors,332,781,C04936,Gallegos PLC,OEM,Transportation,Sarahland,Sweden,2022-04-04,1
20237361,93,1283,3,69,8,1,6,1650.38,1138.12,512.26,1594.83,1763.81,P0093,Cooling Systems Product 93,Cooling Systems,369,256,C01283,"Braun, Diaz and Blair",Distributor,Automotive,North Henryton,Italy,2021-08-31,1
20248379,426,1840,4,110,10,5,15,2378.63,1470.82,907.81,2346.7,2464.57,P0426,Turbochargers Product 426,Turbochargers,67,778,C01840,Odonnell Inc,Distributor,Transportation,Lake Gregorytown,Belgium,2017-07-15,1
20221116,218,4452,1,24,9,3,6,2065.03,1291.3,773.73,2138.57,2101.67,P0218,Fuel Systems Product 218,Fuel Systems,416,430,C04452,Zimmerman-Higgins,OEM,Manufacturing,Robertberg,Austria,2024-03-27,1
20225548,389,2572,6,28,6,2,12,4854.94,3207.76,1647.18,4961.8,4818.29,P0389,Aftertreatment Product 389,Aftertreatment,339,386,C02572,Campos and Sons,OEM,Automotive,Johnville,France,2022-08-12,1
20259640,393,823,3,92,5,2,10,3984.02,3243.62,740.4,3825.41,3834.13,P0393,Cooling Systems Product 393,Cooling Systems,344,957,C00823,Hickman Inc,Distributor,Transportation,Randolphland,France,2025-09-30,1
20241749,373,1264,6,10,1,2,6,1239.87,993.85,246.02,1205.89,1352.74,P0373,Aftertreatment Product 373,Aftertreatment,170,200,C01264,Campbell Inc,Fleet,Automotive,Larsonport,Belgium,2017-03-11,1
20258301,304,3495,7,83,9,1,6,3096.84,1914.03,1182.81,3174.6,3186.6,P0304,Turbochargers Product 304,Turbochargers,379,394,C03495,"Watson, Hall and Evans",Distributor,Automotive,East Mariahborough,France,2022-03-25,1
20249377,404,1258,4,7,8,2,8,1324.25,1179.14,145.11,1263.8,1291.64,P0404,Fuel Systems Product 404,Fuel Systems,366,655,C01258,Brown-Evans,Fleet,Transportation,Jamesborough,Austria,2026-06-16,1
20233013,493,650,6,110,3,3,13,2864.35,2398.07,466.28,2912.1,2754.34,P0493,Fuel Systems Product 493,Fuel Systems,201,213,C00650,Martinez and Sons,OEM,Transportation,North Earl,Germany,2020-01-16,1
20246886,464,2366,8,35,9,2,17,2749.21,2222.04,527.17,2629.39,2752.99,P0464,Filtration Product 464,Filtration,103,843,C02366,Marsh Ltd,OEM,Manufacturing,Karenview,Austria,2025-11-02,1
20244084,365,2755,7,25,5,5,13,1988.41,1308.66,679.75,1925.1,1894.37,P0365,Aftertreatment Product 365,Aftertreatment,222,506,C02755,Gibson LLC,Distributor,Manufacturing,New Robert,Poland,2026-04-12,1
20225322,457,2255,1,104,7,2,19,240.62,144.5,96.12,249.46,256.0,P0457,Filtration Product 457,Filtration,213,262,C02255,Shah Group,Distributor,Manufacturing,Phillipsburgh,Belgium,2020-03-19,1
20235875,106,1882,9,61,4,1,11,3214.92,2812.16,402.76,3134.35,3374.1,P0106,Filtration Product 106,Filtration,289,517,C01882,Jenkins Ltd,Distributor,Automotive,Curryside,Germany,2023-08-06,1
20237772,190,1427,10,13,4,3,9,2378.91,2140.6,238.31,2351.29,2571.17,P0190,Sensors Product 190,Sensors,92,951,C01427,"Olson, Johnson and Gordon",Fleet,Transportation,Carterland,Belgium,2024-06-02,1
20255852,184,2569,4,46,4,4,13,3385.68,2085.72,1299.96,3300.83,3639.78,P0184,Turbochargers Product 184,Turbochargers,387,773,C02569,Bryan-Ramos,Fleet,Manufacturing,Mendezfort,Spain,2026-02-27,1
20230930,193,4648,3,56,10,2,5,4909.64,3621.93,1287.71,4766.38,4716.07,P0193,Turbochargers Product 193,Turbochargers,376,442,C04648,Anderson-Collier,Fleet,Manufacturing,Francofurt,Sweden,2020-08-15,1
20232431,64,2620,1,19,7,5,12,3275.63,2847.35,428.28,3400.71,3302.71,P0064,Cooling Systems Product 64,Cooling Systems,430,732,C02620,"Baker, Bishop and Mendoza",Distributor,Manufacturing,Markberg,Belgium,2019-11-27,1
20251844,285,3166,3,44,2,2,12,2325.45,1429.91,895.54,2374.55,2501.54,P0285,Turbochargers Product 285,Turbochargers,252,155,C03166,Hernandez-Larson,OEM,Transportation,Dunnton,Germany,2022-12-27,1
20260011,280,4719,1,27,9,2,1,1356.39,1161.37,195.02,1414.83,1445.83,P0280,Filtration Product 280,Filtration,159,364,C04719,"Floyd, Wallace and Cooper",Distributor,Manufacturing,Maryshire,Spain,2022-08-22,1
20259411,213,3622,3,8,3,5,19,3910.91,2363.55,1547.36,3723.82,3928.15,P0213,Fuel Systems Product 213,Fuel Systems,382,243,C03622,Chandler LLC,Distributor,Automotive,Meganton,France,2019-07-25,1
20247414,385,4890,3,99,9,4,10,4649.48,3734.85,914.63,4519.5,4835.65,P0385,Electronics Product 385,Electronics,385,231,C04890,Burns-Moore,OEM,Transportation,East Jeffreyshire,France,2021-08-22,1
20243326,203,4849,1,67,9,5,11,3519.56,3110.17,409.39,3640.18,3389.65,P0203,Turbochargers Product 203,Turbochargers,387,910,C04849,"Lewis, King and Cordova",Fleet,Transportation,Lauraton,Poland,2024-02-27,1
20241783,70,4700,9,111,6,1,20,4156.31,2753.66,1402.65,3998.72,4005.18,P0070,Turbochargers Product 70,Turbochargers,115,117,C04700,Lin-Bautista,OEM,Transportation,Port Jim,Sweden,2021-10-12,1
20245583,233,2749,1,63,5,4,13,2609.28,1625.62,983.66,2557.79,2629.42,P0233,Fuel Systems Product 233,Fuel Systems,158,136,C02749,Torres-West,Distributor,Automotive,New Michael,France,2022-01-31,1
20224026,383,3388,10,24,4,1,18,4872.6,3530.47,1342.13,4735.18,4859.28,P0383,Electronics Product 383,Electronics,446,491,C03388,Wyatt-Perry,OEM,Manufacturing,Lake Christinaberg,Italy,2021-09-25,1
20226607,136,1286,3,119,4,1,13,1881.34,1565.19,316.15,1920.13,1790.17,P0136,Cooling Systems Product 136,Cooling Systems,216,619,C01286,"Hill, Phillips and Roberts",Distributor,Transportation,Lindaberg,Sweden,2018-07-23,1
20243183,71,1727,4,85,6,4,1,3171.3,2810.31,360.99,3060.91,3086.46,P0071,Fuel Systems Product 71,Fuel Systems,497,663,C01727,Fisher-Taylor,Fleet,Transportation,East Brian,Germany,2017-12-03,1
20237656,112,372,2,12,9,4,18,3385.45,2533.96,851.49,3477.26,3377.01,P0112,Cooling Systems Product 112,Cooling Systems,416,407,C00372,Martinez and Sons,OEM,Automotive,West Valerie,Netherlands,2016-08-27,1
20247929,230,4154,9,50,7,3,4,275.29,207.58,67.71,272.85,294.81,P0230,Sensors Product 230,Sensors,356,451,C04154,"Ross, Fuentes and Obrien",Fleet,Automotive,Lake Roseville,Italy,2022-02-04,1
20242901,28,2080,8,56,2,3,8,3431.42,2593.56,837.86,3569.99,3635.77,P0028,Sensors Product 28,Sensors,216,459,C02080,Moore LLC,OEM,Automotive,Carterville,Italy,2019-03-04,1
20230391,280,3284,6,26,5,3,11,3108.4,2554.59,553.81,3038.69,3080.98,P0280,Filtration Product 280,Filtration,159,364,C03284,"Cunningham, Thompson and Johnson",OEM,Automotive,New Stephanie,Netherlands,2020-08-26,1
20247783,152,2828,1,60,8,1,14,1981.92,1612.43,369.49,1937.56,2125.04,P0152,Cooling Systems Product 152,Cooling Systems,483,882,C02828,"Buckley, Hammond and Brewer",Fleet,Transportation,Copelandville,Sweden,2020-02-08,1
20256599,395,3008,1,90,3,5,4,1798.47,1374.02,424.45,1767.01,1968.15,P0395,Aftertreatment Product 395,Aftertreatment,324,151,C03008,May-Anderson,Distributor,Manufacturing,New Diane,Spain,2018-08-30,1
20227892,454,1942,6,111,8,2,18,116.01,78.64,37.37,111.22,110.9,P0454,Cooling Systems Product 454,Cooling Systems,141,632,C01942,"Charles, Taylor and Hanson",OEM,Automotive,Mccormickberg,Sweden,2020-07-16,1
20257134,281,4686,6,17,10,5,15,3211.84,2430.69,781.15,3281.3,3388.06,P0281,Fuel Systems Product 281,Fuel Systems,223,797,C04686,"Bryant, White and Garcia",Distributor,Transportation,South Stacey,Sweden,2018-05-02,1
20231715,68,1275,2,22,4,5,17,1490.2,1072.68,417.52,1484.07,1418.15,P0068,Filtration Product 68,Filtration,120,182,C01275,Martinez PLC,Fleet,Transportation,Port Colleen,Germany,2024-11-16,1
20243380,71,609,1,56,10,1,6,4082.79,3095.2,987.59,4069.17,3919.86,P0071,Fuel Systems Product 71,Fuel Systems,497,663,C00609,Sampson-Gonzalez,Distributor,Manufacturing,Kimberlyberg,Austria,2017-11-14,1
20246461,148,1858,6,75,10,3,20,3756.91,2346.34,1410.57,3860.38,3716.13,P0148,Filtration Product 148,Filtration,128,603,C01858,Frye and Sons,Distributor,Automotive,West Charlotte,Poland,2020-11-23,1
20237461,49,3964,9,37,4,3,2,1857.17,1380.22,476.95,1933.98,1885.58,P0049,Electronics Product 49,Electronics,139,685,C03964,Harrell-Beck,Fleet,Transportation,Port Jeffery,Austria,2018-07-27,1
20222035,79,1679,7,23,6,4,19,3200.21,2509.99,690.22,3094.34,3127.4,P0079,Fuel Systems Product 79,Fuel Systems,182,426,C01679,"Clark, Douglas and Smith",Fleet,Automotive,Joshuafort,Sweden,2018-09-05,1
20247999,472,2663,1,94,3,5,18,2786.19,2017.52,768.67,2879.56,3001.77,P0472,Aftertreatment Product 472,Aftertreatment,267,714,C02663,Hill Ltd,Fleet,Manufacturing,Lake Karenside,Netherlands,2024-03-14,1
20234874,348,2879,2,108,8,4,5,1226.94,1098.84,128.1,1218.31,1288.52,P0348,Electronics Product 348,Electronics,355,293,C02879,Rodriguez-Carter,Fleet,Automotive,East Crystal,Germany,2020-12-10,1
20230578,153,1153,7,16,6,4,5,1701.85,1422.79,279.06,1677.18,1715.67,P0153,Electronics Product 153,Electronics,190,922,C01153,"Taylor, Collins and Boyd",OEM,Automotive,Jamestown,Spain,2020-03-17,1
20246372,130,3783,6,104,2,3,6,809.09,684.86,124.23,830.22,838.54,P0130,Cooling Systems Product 130,Cooling Systems,452,145,C03783,"Lopez, Harrington and Harris",OEM,Manufacturing,Michaelland,Italy,2021-07-28,1
20239145,396,3323,1,108,5,1,1,3282.61,2937.76,344.85,3118.59,3584.49,P0396,Turbochargers Product 396,Turbochargers,351,349,C03323,Bradford LLC,Fleet,Transportation,Lake Kevinland,Belgium,2021-06-17,1
20230783,500,7,5,75,10,5,16,2156.81,1593.67,563.14,2242.14,2112.12,P0500,Cooling Systems Product 500,Cooling Systems,497,280,C00007,"Santos, Werner and Stevens",Fleet,Automotive,Port Thomas,France,2021-10-15,1
20224440,140,1734,8,32,10,2,12,3270.94,2365.67,905.27,3245.0,3381.16,P0140,Filtration Product 140,Filtration,197,391,C01734,Bauer and Sons,Distributor,Transportation,South Samantha,Italy,2023-10-11,1
20240423,46,3949,8,106,1,4,10,2276.28,1589.82,686.46,2269.92,2192.51,P0046,Sensors Product 46,Sensors,205,967,C03949,"Dixon, Johnson and Martinez",Fleet,Transportation,South Amber,Sweden,2025-07-25,1
20232306,366,384,1,108,3,2,2,2627.91,1831.22,796.69,2547.55,2789.3,P0366,Sensors Product 366,Sensors,359,401,C00384,"Fisher, Martinez and Eaton",OEM,Manufacturing,Wigginshaven,Netherlands,2023-04-16,1
20220791,258,4344,10,105,10,4,14,1368.48,898.48,470.0,1426.33,1418.6,P0258,Filtration Product 258,Filtration,160,553,C04344,"Thomas, Blair and Spencer",Distributor,Transportation,Thomasborough,Belgium,2024-01-18,1
20232270,185,1333,1,49,4,3,15,1420.95,1142.0,278.95,1362.1,1458.29,P0185,Fuel Systems Product 185,Fuel Systems,337,176,C01333,Mays Group,Distributor,Automotive,New Gary,Netherlands,2022-11-22,1
20241840,276,3776,2,51,5,1,14,814.08,500.6,313.48,815.51,878.07,P0276,Sensors Product 276,Sensors,475,986,C03776,"Byrd, Holmes and Miller",Distributor,Transportation,North Coryland,Sweden,2020-05-31,1
20228104,96,3536,10,112,3,3,20,1573.99,1045.86,528.13,1619.87,1504.13,P0096,Turbochargers Product 96,Turbochargers,72,549,C03536,Thomas and Sons,Distributor,Manufacturing,Beasleymouth,Germany,2017-05-04,1
20252670,70,4777,9,95,3,4,18,2760.74,2257.57,503.17,2702.06,2794.47,P0070,Turbochargers Product 70,Turbochargers,115,117,C04777,Morris Group,Fleet,Manufacturing,West Jason,Austria,2021-03-11,1
20238999,36,1662,4,78,5,5,13,2612.81,2153.31,459.5,2718.81,2695.29,P0036,Electronics Product 36,Electronics,480,345,C01662,"Freeman, Peterson and Flores",Fleet,Manufacturing,New Ashleyside,Italy,2026-02-27,1
20221699,94,1691,3,84,9,2,7,639.46,438.79,200.67,639.27,650.3,P0094,Aftertreatment Product 94,Aftertreatment,214,964,C01691,Turner-Lynn,Distributor,Automotive,Davidton,Belgium,2016-12-12,1
20244192,35,4155,3,63,9,1,11,2847.73,1827.59,1020.14,2922.37,2709.53,P0035,Filtration Product 35,Filtration,488,634,C04155,Welch Group,Distributor,Automotive,East Loristad,Spain,2026-06-01,1
20236942,220,478,7,69,5,1,5,558.23,335.92,222.31,539.85,568.21,P0220,Filtration Product 220,Filtration,401,447,C00478,Gonzalez-Blackburn,Distributor,Automotive,Josephberg,Sweden,2023-02-14,1
20235014,313,84,3,85,3,3,5,3698.38,2895.5,802.88,3764.21,3641.47,P0313,Cooling Systems Product 313,Cooling Systems,197,588,C00084,Banks Inc,Distributor,Manufacturing,Garciamouth,Austria,2021-02-21,1
20222817,220,2214,10,55,7,3,3,4061.13,3595.57,465.56,4154.62,4405.18,P0220,Filtration Product 220,Filtration,401,447,C02214,Mercer Inc,Fleet,Manufacturing,East Sharonhaven,Germany,2021-02-10,1
20259591,263,1924,2,85,4,3,14,3743.88,2617.14,1126.74,3856.5,3893.39,P0263,Sensors Product 263,Sensors,106,470,C01924,Davis-Hill,Distributor,Manufacturing,Buckleyton,Germany,2020-12-19,1
20246608,25,107,7,97,9,1,3,4286.83,3012.56,1274.27,4244.67,4123.78,P0025,Cooling Systems Product 25,Cooling Systems,346,262,C00107,Gonzales-Wright,Distributor,Transportation,East Elizabeth,Poland,2018-06-07,1
20242113,9,3167,7,73,10,4,15,3846.41,3247.5,598.91,3660.56,3771.68,P0009,Sensors Product 9,Sensors,489,328,C03167,Bell Inc,Fleet,Manufacturing,East Jillian,Spain,2024-06-05,1
20222154,343,2476,4,89,6,2,12,3022.4,2398.54,623.86,3034.01,3321.58,P0343,Electronics Product 343,Electronics,477,488,C02476,Patton PLC,Fleet,Transportation,Kimberlyberg,Belgium,2019-04-05,1
20222810,412,1284,5,79,1,4,14,3397.97,2761.65,636.32,3550.42,3313.14,P0412,Sensors Product 412,Sensors,472,328,C01284,Nelson-Moore,OEM,Automotive,East Emily,France,2020-11-18,1
20224070,210,1992,2,67,2,5,14,2910.79,2438.4,472.39,3001.62,3096.01,P0210,Sensors Product 210,Sensors,381,886,C01992,Brown-Wilson,Fleet,Automotive,North Willieburgh,France,2021-01-24,1
20238212,305,1974,8,7,8,4,13,4335.52,2881.96,1453.56,4468.68,4738.1,P0305,Turbochargers Product 305,Turbochargers,461,501,C01974,Ramirez Group,Distributor,Automotive,New Stevenport,Germany,2018-05-24,1
20261008,389,614,1,89,3,1,3,3947.87,3183.7,764.17,3807.23,4305.95,P0389,Aftertreatment Product 389,Aftertreatment,339,386,C00614,"Lee, Barton and Martin",Fleet,Automotive,Nelsonmouth,Austria,2026-02-13,1
20226182,289,4741,1,33,8,4,20,2546.44,2148.82,397.62,2479.91,2710.45,P0289,Fuel Systems Product 289,Fuel Systems,169,373,C04741,Carney-Hall,OEM,Manufacturing,Wellschester,Italy,2022-01-26,1
20256693,366,3746,9,112,1,2,18,3923.23,2636.47,1286.76,3836.27,4022.22,P0366,Sensors Product 366,Sensors,359,401,C03746,Ho-Gonzalez,OEM,Transportation,North Stephanieton,Belgium,2026-05-30,1
20225612,433,3247,9,110,1,3,19,4085.66,3296.21,789.45,4090.63,4473.04,P0433,Turbochargers Product 433,Turbochargers,231,779,C03247,Maldonado Inc,Fleet,Transportation,Marthaland,Austria,2024-05-09,1
20245100,72,1094,5,37,8,1,15,2263.4,1649.2,614.2,2287.73,2428.52,P0072,Filtration Product 72,Filtration,99,254,C01094,"Fitzpatrick, Smith and Clark",OEM,Transportation,Larryton,France,2018-11-14,1
20250032,229,1719,2,87,9,2,10,4339.51,3433.39,906.12,4360.32,4351.62,P0229,Cooling Systems Product 229,Cooling Systems,283,213,C01719,Bennett Ltd,Fleet,Manufacturing,West Alexiston,Austria,2023-01-31,1
20243583,141,1783,4,108,9,1,15,1841.06,1312.85,528.21,1823.03,1919.03,P0141,Aftertreatment Product 141,Aftertreatment,150,465,C01783,Wood-Baker,Fleet,Automotive,Nicholasfort,Sweden,2020-12-17,1
20254039,284,1566,1,26,7,2,5,4690.73,3430.15,1260.58,4637.36,4809.86,P0284,Cooling Systems Product 284,Cooling Systems,378,813,C01566,"Duncan, Huber and Mcdaniel",Fleet,Transportation,New Catherineshire,Netherlands,2026-07-14,1
20243132,4,4146,2,116,10,4,17,4072.02,3274.93,797.09,4257.26,4224.66,P0004,Fuel Systems Product 4,Fuel Systems,284,750,C04146,Powell-Shaffer,Distributor,Automotive,South Wesley,Sweden,2020-08-24,1
20226850,349,2626,5,41,1,3,14,2687.08,2099.35,587.73,2667.0,2589.46,P0349,Sensors Product 349,Sensors,433,706,C02626,Trevino LLC,OEM,Transportation,West Alanland,France,2026-07-21,1
20221325,216,3716,9,92,4,3,12,4413.07,2964.67,1448.4,4430.7,4299.26,P0216,Cooling Systems Product 216,Cooling Systems,366,240,C03716,Decker Group,Fleet,Transportation,Lake Erin,Spain,2026-02-18,1
20223969,279,2399,7,95,3,2,10,2603.61,1934.16,669.45,2648.32,2487.3,P0279,Turbochargers Product 279,Turbochargers,196,110,C02399,Ward Group,Distributor,Manufacturing,Edwardsbury,Austria,2017-08-08,1
20222787,314,3259,8,74,1,3,11,4354.21,3081.51,1272.7,4427.76,4300.15,P0314,Sensors Product 314,Sensors,460,598,C03259,Wright LLC,Distributor,Manufacturing,Aguilarview,France,2026-06-21,1
20225545,410,625,8,72,3,3,7,2198.38,1794.78,403.6,2146.58,2309.68,P0410,Filtration Product 410,Filtration,442,172,C00625,"Boone, Ramirez and Mccarthy",Fleet,Manufacturing,North Nicholasberg,Sweden,2022-02-09,1
20222795,489,2941,6,19,9,2,2,3165.42,2196.85,968.57,3242.76,3147.84,P0489,Cooling Systems Product 489,Cooling Systems,159,158,C02941,Williams-Hanson,OEM,Manufacturing,South Andreaborough,Sweden,2022-04-24,1
20222130,366,1679,4,12,5,3,7,4116.64,2763.64,1353.0,4086.12,4248.7,P0366,Sensors Product 366,Sensors,359,401,C01679,"Clark, Douglas and Smith",Fleet,Automotive,Joshuafort,Sweden,2018-09-05,1
20227660,426,226,9,96,3,3,1,4124.8,3120.81,1003.99,4110.43,4380.73,P0426,Turbochargers Product 426,Turbochargers,67,778,C00226,Craig-Harris,OEM,Transportation,North Johnny,Netherlands,2020-06-10,1
20232920,75,4320,2,35,6,3,3,1285.21,909.91,375.3,1283.06,1323.89,P0075,Electronics Product 75,Electronics,51,323,C04320,Smith-Mccarty,Distributor,Automotive,Fergusonshire,Italy,2019-09-20,1
20224717,22,2640,8,7,7,4,5,3590.82,2930.31,660.51,3642.27,3455.48,P0022,Fuel Systems Product 22,Fuel Systems,161,526,C02640,Cooper PLC,OEM,Manufacturing,Wareberg,Belgium,2021-07-14,1
20247012,273,4591,3,115,3,3,7,470.45,324.0,146.45,454.03,507.59,P0273,Electronics Product 273,Electronics,359,829,C04591,Flores-Norris,Distributor,Manufacturing,South Melissahaven,Sweden,2017-03-03,1
20247722,16,553,5,94,6,2,3,1433.43,1090.11,343.32,1407.61,1500.76,P0016,Turbochargers Product 16,Turbochargers,269,629,C00553,Salas LLC,Fleet,Transportation,Brownland,Netherlands,2026-04-06,1
20240076,145,959,9,120,8,2,2,2454.11,2147.63,306.48,2449.18,2521.18,P0145,Turbochargers Product 145,Turbochargers,254,255,C00959,"Lawrence, Johnson and Daniels",OEM,Transportation,Dominiqueberg,Germany,2024-01-09,1
20222660,19,524,5,56,5,4,4,1233.08,1075.99,157.09,1222.8,1216.83,P0019,Filtration Product 19,Filtration,481,705,C00524,Poole-Knight,OEM,Transportation,Port Mariaport,Netherlands,2025-03-14,1
20258019,130,2856,7,38,10,1,8,1518.97,965.67,553.3,1540.35,1537.63,P0130,Cooling Systems Product 130,Cooling Systems,452,145,C02856,Walls-Zhang,Distributor,Transportation,Johnfort,Netherlands,2024-11-26,1
20248839,314,2448,5,89,4,5,10,3231.55,2506.13,725.42,3379.02,3255.76,P0314,Sensors Product 314,Sensors,460,598,C02448,Pace-Rogers,Fleet,Manufacturing,Dannyland,Austria,2021-12-09,1
20228067,340,3186,6,75,5,4,11,179.29,135.22,44.07,181.15,185.96,P0340,Aftertreatment Product 340,Aftertreatment,182,184,C03186,Carroll Group,OEM,Manufacturing,Port Danielle,Sweden,2016-11-17,1
20240060,358,2784,7,98,7,3,4,1608.45,1289.55,318.9,1546.22,1575.17,P0358,Electronics Product 358,Electronics,297,764,C02784,Jimenez Ltd,OEM,Transportation,Port Amandaville,Sweden,2024-12-24,1
20247265,473,3416,3,92,8,5,9,2070.98,1458.7,612.28,1978.89,2037.29,P0473,Aftertreatment Product 473,Aftertreatment,413,797,C03416,"Preston, Morris and Buchanan",Fleet,Automotive,Millerborough,Germany,2023-04-10,1
20259555,166,4466,6,68,4,1,4,2749.97,1857.5,892.47,2742.36,2841.58,P0166,Filtration Product 166,Filtration,399,723,C04466,"Zamora, Ramos and Norris",OEM,Automotive,Lake Tiffany,France,2022-05-27,1
20228760,211,3653,5,1,7,4,17,2169.42,1369.2,800.22,2101.03,2117.69,P0211,Sensors Product 211,Sensors,246,215,C03653,Roberts-Villarreal,Fleet,Transportation,Connerton,Belgium,2018-02-05,1
20229722,241,4052,9,87,4,1,13,1889.86,1574.76,315.1,1802.24,1828.44,P0241,Sensors Product 241,Sensors,348,470,C04052,"Chandler, White and Meza",Fleet,Manufacturing,South Miaport,Belgium,2018-11-24,1
20242596,294,3811,7,42,7,2,19,293.54,186.46,107.08,284.48,312.51,P0294,Aftertreatment Product 294,Aftertreatment,75,306,C03811,Bailey-Williams,Fleet,Manufacturing,Chadfurt,Sweden,2022-07-04,1
20220606,121,179,9,10,9,3,8,3171.98,2606.62,565.36,3229.27,3407.77,P0121,Filtration Product 121,Filtration,74,611,C00179,"Payne, Byrd and Valencia",Fleet,Transportation,South Rachel,Sweden,2018-11-27,1
20229616,38,4319,1,82,9,1,15,1965.05,1505.14,459.91,1912.07,1994.46,P0038,Cooling Systems Product 38,Cooling Systems,192,521,C04319,Ward-Ross,OEM,Automotive,Lake James,Spain,2020-01-26,1
20255349,241,2038,4,38,1,1,5,3549.11,2936.71,612.4,3505.71,3480.87,P0241,Sensors Product 241,Sensors,348,470,C02038,Johnson PLC,Distributor,Transportation,Currychester,Italy,2024-12-31,1
20228686,298,4358,10,72,10,5,17,3897.78,3041.73,856.05,4020.52,3913.32,P0298,Sensors Product 298,Sensors,292,933,C04358,Warner-Bowman,Fleet,Manufacturing,South Helen,France,2019-04-26,1
20227768,487,2200,4,1,10,3,9,3828.35,3008.66,819.69,3991.65,3644.1,P0487,Turbochargers Product 487,Turbochargers,77,981,C02200,Ross-Carroll,OEM,Manufacturing,Lake Jacobshire,France,2019-10-30,1
20236400,256,1134,8,119,8,1,12,4728.14,3810.11,918.03,4627.17,5140.77,P0256,Cooling Systems Product 256,Cooling Systems,331,546,C01134,Savage and Sons,OEM,Transportation,Caroltown,France,2021-02-20,1
20240000,314,791,5,12,6,5,8,4022.19,3412.09,610.1,3832.12,4134.02,P0314,Sensors Product 314,Sensors,460,598,C00791,"Stewart, Lewis and Townsend",OEM,Automotive,East Mary,Sweden,2022-08-27,1
20254981,492,1351,7,86,7,2,5,3754.37,3238.42,515.95,3795.08,3649.13,P0492,Fuel Systems Product 492,Fuel Systems,164,323,C01351,Morrow and Sons,Fleet,Transportation,Abbottchester,Germany,2019-08-03,1
20247565,466,866,2,50,10,2,4,4061.02,2535.74,1525.28,4175.5,4234.56,P0466,Electronics Product 466,Electronics,346,745,C00866,"Williams, Woods and Baker",OEM,Automotive,Aliciafort,Spain,2023-05-17,1
20226984,79,3721,3,68,8,5,17,1048.35,859.0,189.35,1037.86,1101.63,P0079,Fuel Systems Product 79,Fuel Systems,182,426,C03721,Collins Group,Distributor,Automotive,North Jeffrey,France,2021-09-10,1
20224901,216,2377,4,38,8,2,15,2205.36,1344.91,860.45,2195.28,2176.12,P0216,Cooling Systems Product 216,Cooling Systems,366,240,C02377,"Hernandez, Little and Martinez",OEM,Transportation,Port Stephanie,Spain,2019-07-06,1
20237677,374,1668,1,83,6,3,8,2326.87,2069.73,257.14,2390.17,2506.25,P0374,Fuel Systems Product 374,Fuel Systems,138,940,C01668,"Anderson, Brooks and Wilson",Fleet,Manufacturing,West Alexander,Germany,2017-12-17,1
20250621,141,3740,4,68,2,2,20,887.5,772.36,115.14,886.04,936.22,P0141,Aftertreatment Product 141,Aftertreatment,150,465,C03740,Smith and Sons,OEM,Automotive,Smithview,France,2019-06-06,1
20237570,212,1200,4,101,2,4,7,2748.27,1870.62,877.65,2789.62,2850.48,P0212,Filtration Product 212,Filtration,310,952,C01200,"Allen, Anderson and Kim",OEM,Manufacturing,Jessicaport,Spain,2017-05-21,1
20254611,493,2675,9,57,3,4,15,1295.21,816.16,479.05,1313.44,1280.16,P0493,Fuel Systems Product 493,Fuel Systems,201,213,C02675,"Moore, Weber and Davenport",Fleet,Automotive,Marksfurt,Germany,2024-11-12,1
20234196,5,4403,9,102,8,3,12,460.73,308.72,152.01,465.64,505.32,P0005,Sensors Product 5,Sensors,264,744,C04403,Wagner-Frederick,Fleet,Automotive,East Rhondafurt,Sweden,2021-01-22,1
20260244,478,2296,8,56,1,4,10,2673.18,2229.58,443.6,2751.02,2872.91,P0478,Filtration Product 478,Filtration,181,926,C02296,"Rollins, Mcdonald and Mathews",Fleet,Automotive,North Christinefort,Netherlands,2019-05-14,1
20253835,410,2505,4,105,2,3,14,4912.54,3685.35,1227.19,5001.18,5102.09,P0410,Filtration Product 410,Filtration,442,172,C02505,"Washington, Nicholson and Vasquez",Distributor,Automotive,Dunnside,Spain,2025-01-01,1
20254324,444,673,4,67,2,4,20,3221.67,2892.46,329.21,3066.97,3287.79,P0444,Sensors Product 444,Sensors,216,648,C00673,"Davis, Smith and Wood",Fleet,Manufacturing,Lake Philip,Austria,2020-01-20,1
20258763,403,2165,10,110,4,5,17,3705.48,2593.93,1111.55,3589.23,3736.89,P0403,Fuel Systems Product 403,Fuel Systems,144,701,C02165,Allen-Hays,Fleet,Transportation,South Samuel,Netherlands,2022-03-06,1
20241521,406,3770,8,114,3,1,1,4969.34,3355.9,1613.44,4999.23,5376.72,P0406,Filtration Product 406,Filtration,303,924,C03770,"Parrish, Martinez and Potts",Distributor,Automotive,North Charleshaven,Italy,2023-12-22,1
20232438,334,954,3,33,10,3,4,3320.51,2446.8,873.71,3397.83,3221.98,P0334,Electronics Product 334,Electronics,212,536,C00954,Owens-Johnson,Fleet,Manufacturing,West Nicole,Germany,2022-12-28,1
20229711,13,4678,8,63,10,1,2,3036.31,1850.21,1186.1,3049.0,2913.99,P0013,Turbochargers Product 13,Turbochargers,289,541,C04678,Moran-Sullivan,Distributor,Automotive,Jessicaville,Sweden,2024-12-02,1
20246675,297,3895,7,112,3,2,5,3873.98,2427.14,1446.84,3747.29,3757.79,P0297,Electronics Product 297,Electronics,158,281,C03895,Shah-Brown,Fleet,Manufacturing,North Francisco,Belgium,2022-11-19,1
20225469,82,1354,7,69,4,1,3,2995.11,1849.69,1145.42,2953.66,3095.38,P0082,Sensors Product 82,Sensors,452,363,C01354,Chapman PLC,Distributor,Automotive,Gonzalezfort,Italy,2023-04-21,1
20234338,210,3818,1,106,9,4,4,3920.03,2787.4,1132.63,4004.99,4121.4,P0210,Sensors Product 210,Sensors,381,886,C03818,Kelly-Hamilton,Fleet,Automotive,South Michaelbury,Austria,2022-02-12,1
20256776,321,663,1,9,2,3,7,582.52,521.07,61.45,567.64,640.04,P0321,Cooling Systems Product 321,Cooling Systems,340,488,C00663,Caldwell-Weaver,Distributor,Manufacturing,Chaseport,Poland,2025-04-07,1
20245351,353,3437,9,91,2,3,17,1504.05,962.15,541.9,1472.69,1598.67,P0353,Sensors Product 353,Sensors,250,528,C03437,"Grant, Berg and Valenzuela",OEM,Transportation,East Shawnborough,Poland,2017-02-10,1
20258439,96,2668,9,17,1,1,6,896.15,671.16,224.99,891.72,971.4,P0096,Turbochargers Product 96,Turbochargers,72,549,C02668,Callahan-Gutierrez,OEM,Manufacturing,South Bonnie,Italy,2026-01-26,1
20221064,166,2828,10,20,6,1,3,1829.38,1595.33,234.05,1838.52,1894.55,P0166,Filtration Product 166,Filtration,399,723,C02828,"Buckley, Hammond and Brewer",Fleet,Transportation,Copelandville,Sweden,2020-02-08,1
20227089,418,1440,6,1,1,2,8,397.31,245.54,151.77,383.07,401.61,P0418,Sensors Product 418,Sensors,65,522,C01440,Roberts-Hernandez,Distributor,Transportation,New Micheleton,Netherlands,2018-07-19,1
20223048,494,1711,4,114,9,2,8,892.83,688.35,204.48,888.13,888.32,P0494,Turbochargers Product 494,Turbochargers,491,324,C01711,Turner LLC,OEM,Transportation,Port Jacquelineview,Spain,2016-09-08,1
20233952,435,3563,4,16,10,2,11,1846.65,1472.0,374.65,1922.88,1973.56,P0435,Aftertreatment Product 435,Aftertreatment,175,492,C03563,"Morales, Bradley and West",OEM,Automotive,Hugheston,France,2017-09-14,1
20245150,182,3245,5,92,3,4,1,3562.31,2489.64,1072.67,3408.42,3622.35,P0182,Aftertreatment Product 182,Aftertreatment,492,433,C03245,Garrett-Brown,Distributor,Transportation,Christopherfort,Italy,2017-01-22,1
20251378,428,1151,5,88,9,1,6,1691.66,1348.54,343.12,1770.09,1814.44,P0428,Turbochargers Product 428,Turbochargers,101,943,C01151,"Levy, Freeman and Moore",OEM,Transportation,Barbaramouth,Spain,2023-02-19,1
20251575,11,4647,10,98,3,2,19,943.39,689.6,253.79,907.41,1026.94,P0011,Aftertreatment Product 11,Aftertreatment,391,101,C04647,Cunningham-Flores,Distributor,Manufacturing,Lake Alexaburgh,Netherlands,2024-01-24,1
20249455,267,1552,6,107,5,1,6,1408.52,954.59,453.93,1404.35,1463.35,P0267,Turbochargers Product 267,Turbochargers,306,322,C01552,Jones-White,OEM,Automotive,Andersonshire,Belgium,2017-07-23,1
20253694,445,3635,10,87,4,1,14,893.3,657.86,235.44,860.1,921.55,P0445,Fuel Systems Product 445,Fuel Systems,236,412,C03635,Jennings PLC,OEM,Automotive,West Kathleenberg,France,2024-10-29,1
20251578,293,1401,2,95,2,4,8,3696.04,2580.85,1115.19,3722.49,3960.75,P0293,Sensors Product 293,Sensors,124,541,C01401,Richards Inc,Fleet,Manufacturing,West Christineside,Spain,2017-03-01,1
20228923,142,4768,8,12,10,1,4,1414.79,879.51,535.28,1364.86,1486.62,P0142,Sensors Product 142,Sensors,199,694,C04768,Carlson Inc,Distributor,Transportation,Amandachester,Netherlands,2024-03-06,1
20246798,392,3757,6,43,9,3,12,720.97,449.95,271.02,740.22,746.11,P0392,Turbochargers Product 392,Turbochargers,136,802,C03757,Thompson-Thomas,OEM,Transportation,Lake Josephville,Italy,2025-05-09,1
20245163,296,1220,4,73,1,1,3,3819.77,2781.73,1038.04,3817.61,3918.46,P0296,Electronics Product 296,Electronics,200,189,C01220,"Adams, Horton and Ayala",Distributor,Manufacturing,East Edward,Spain,2022-03-14,1
20260048,200,2031,6,16,5,1,16,1174.57,989.28,185.29,1222.67,1248.29,P0200,Electronics Product 200,Electronics,57,195,C02031,Smith-Johnston,OEM,Transportation,West Mariaville,France,2026-05-04,1
20253079,171,3926,6,66,1,3,9,1430.13,983.89,446.24,1419.6,1414.29,P0171,Cooling Systems Product 171,Cooling Systems,353,541,C03926,Long-Schmidt,OEM,Transportation,Vargasborough,Italy,2024-02-04,1
20259187,413,478,8,53,6,1,15,643.68,393.49,250.19,634.28,673.12,P0413,Filtration Product 413,Filtration,249,343,C00478,Gonzalez-Blackburn,Distributor,Automotive,Josephberg,Sweden,2023-02-14,1
20221385,142,1518,9,88,6,2,9,744.3,620.29,124.01,707.69,805.12,P0142,Sensors Product 142,Sensors,199,694,C01518,"Lee, Berry and Nixon",OEM,Manufacturing,Port Danaborough,Poland,2017-02-26,1
20241030,455,1425,10,108,6,3,9,881.0,588.68,292.32,838.9,921.89,P0455,Fuel Systems Product 455,Fuel Systems,304,983,C01425,Barnes Ltd,Distributor,Manufacturing,Hubbardhaven,France,2021-07-11,1
20220873,18,3363,4,100,5,2,17,2950.91,2450.71,500.2,2811.3,3123.99,P0018,Electronics Product 18,Electronics,486,482,C03363,Wang Inc,OEM,Transportation,Jamesburgh,Germany,2023-04-09,1
20238694,80,202,3,77,8,5,20,4200.82,3596.79,604.03,4322.94,4555.27,P0080,Aftertreatment Product 80,Aftertreatment,365,577,C00202,Lutz Inc,OEM,Manufacturing,Richardberg,Netherlands,2016-09-24,1
20232129,119,4713,3,43,3,5,7,3044.41,2092.54,951.87,3074.0,2998.76,P0119,Electronics Product 119,Electronics,469,932,C04713,"Parker, Matthews and Elliott",Fleet,Transportation,South Anthony,Spain,2024-11-08,1
20246272,234,305,7,3,4,3,1,4269.01,2994.54,1274.47,4410.95,4447.25,P0234,Filtration Product 234,Filtration,444,779,C00305,Smith LLC,Distributor,Automotive,Valerietown,Belgium,2022-06-23,1
20229554,72,1489,7,42,4,1,15,3007.12,1976.52,1030.6,2970.88,3013.45,P0072,Filtration Product 72,Filtration,99,254,C01489,Cox LLC,Fleet,Transportation,Gabrielahaven,Netherlands,2016-12-04,1
20231903,300,2831,1,15,3,5,15,238.53,146.2,92.33,236.2,231.86,P0300,Cooling Systems Product 300,Cooling Systems,360,329,C02831,Rodriguez Group,OEM,Automotive,Port Christopherfurt,Sweden,2019-08-29,1
20229548,24,4872,10,84,7,3,8,3665.52,3229.48,436.04,3659.69,3533.37,P0024,Aftertreatment Product 24,Aftertreatment,382,526,C04872,"Jackson, Aguirre and Bartlett",Distributor,Transportation,New Cassandra,Italy,2024-06-21,1
20237970,17,3651,4,64,5,4,10,2476.45,2152.9,323.55,2456.26,2484.21,P0017,Electronics Product 17,Electronics,160,200,C03651,Perez-Schultz,OEM,Transportation,Coryside,Poland,2017-01-30,1
20220988,36,416,6,50,9,2,6,4224.81,2797.22,1427.59,4405.8,4095.23,P0036,Electronics Product 36,Electronics,480,345,C00416,"Hudson, Lee and Burgess",Distributor,Manufacturing,New Yolanda,Germany,2019-05-02,1
20230167,15,500,3,50,8,3,6,2189.37,1886.71,302.66,2269.16,2159.18,P0015,Cooling Systems Product 15,Cooling Systems,361,538,C00500,Atkinson PLC,Distributor,Manufacturing,Evansburgh,Austria,2021-08-08,1
20232144,90,4793,1,46,2,2,2,1501.72,1267.68,234.04,1540.26,1627.97,P0090,Electronics Product 90,Electronics,466,974,C04793,Wilson-Thomas,Distributor,Automotive,Joshuatown,Spain,2022-11-28,1
20259928,268,3056,10,44,2,3,6,4318.14,2916.37,1401.77,4338.26,4404.07,P0268,Sensors Product 268,Sensors,491,116,C03056,Henson PLC,Fleet,Automotive,North Teresa,Poland,2020-03-06,1
20238220,192,4292,7,72,8,3,2,2428.58,2130.96,297.62,2470.39,2410.76,P0192,Sensors Product 192,Sensors,76,900,C04292,Jones-Williams,Distributor,Automotive,South Lindaport,Italy,2020-12-26,1
20250927,80,1942,7,87,10,3,11,3354.23,2555.99,798.24,3507.11,3228.24,P0080,Aftertreatment Product 80,Aftertreatment,365,577,C01942,"Charles, Taylor and Hanson",OEM,Automotive,Mccormickberg,Sweden,2020-07-16,1
20247785,398,3247,2,109,5,3,9,4453.79,2801.5,1652.29,4648.31,4232.16,P0398,Fuel Systems Product 398,Fuel Systems,493,797,C03247,Maldonado Inc,Fleet,Transportation,Marthaland,Austria,2024-05-09,1
20238153,229,1120,8,111,8,4,4,103.96,81.34,22.62,104.69,106.83,P0229,Cooling Systems Product 229,Cooling Systems,283,213,C01120,Walls-Waters,OEM,Automotive,New Katiehaven,Belgium,2019-10-08,1
20260959,242,1326,10,21,8,5,10,935.28,676.4,258.88,980.1,991.99,P0242,Aftertreatment Product 242,Aftertreatment,231,167,C01326,Oliver-Coleman,OEM,Automotive,West Randy,Germany,2023-03-24,1
20258530,111,3190,3,41,9,4,13,3526.34,2262.02,1264.32,3683.67,3532.74,P0111,Filtration Product 111,Filtration,249,946,C03190,Brown Inc,Distributor,Automotive,Grantview,Poland,2017-07-20,1
20222211,394,1739,9,46,5,5,13,4064.37,3348.21,716.16,3952.83,3893.31,P0394,Sensors Product 394,Sensors,430,463,C01739,Stewart PLC,OEM,Transportation,Lake Danielle,Sweden,2021-07-28,1
20252898,232,3318,7,88,2,1,20,2026.45,1251.28,775.17,1972.0,1985.77,P0232,Aftertreatment Product 232,Aftertreatment,485,876,C03318,Mason-Garcia,OEM,Manufacturing,West Pamelaland,Netherlands,2017-12-01,1
20234503,313,1034,10,23,2,3,6,4824.41,4025.76,798.65,4954.04,4966.71,P0313,Cooling Systems Product 313,Cooling Systems,197,588,C01034,"Allen, Mitchell and Reed",OEM,Automotive,North Scott,Netherlands,2017-04-05,1
20225133,89,3063,8,71,3,1,5,475.25,301.17,174.08,469.96,498.96,P0089,Sensors Product 89,Sensors,93,629,C03063,Rodriguez Group,OEM,Transportation,Lake Cheryl,Spain,2022-06-11,1
20256441,424,2556,3,11,1,4,12,3832.58,3303.32,529.26,3654.23,4204.85,P0424,Filtration Product 424,Filtration,265,363,C02556,"Mccullough, Hernandez and Lopez",Distributor,Automotive,Port Jesusland,Sweden,2017-12-27,1
20247121,256,1351,2,34,7,2,18,2313.55,1746.23,567.32,2245.31,2368.04,P0256,Cooling Systems Product 256,Cooling Systems,331,546,C01351,Morrow and Sons,Fleet,Transportation,Abbottchester,Germany,2019-08-03,1
20220960,78,388,5,35,3,2,10,2403.19,1825.91,577.28,2318.92,2494.87,P0078,Turbochargers Product 78,Turbochargers,353,157,C00388,Waters-Nelson,Fleet,Transportation,Brownhaven,Spain,2021-06-14,1
20240642,485,2943,10,75,5,4,20,2940.07,1913.02,1027.05,2999.24,3114.17,P0485,Aftertreatment Product 485,Aftertreatment,458,554,C02943,"Clark, Key and Hudson",OEM,Manufacturing,South Ryanberg,Spain,2018-06-21,1
20241419,7,2952,1,81,1,1,16,4422.56,3224.03,1198.53,4588.87,4679.85,P0007,Sensors Product 7,Sensors,349,969,C02952,"Reilly, Harper and Franklin",Distributor,Automotive,Jimeneztown,Belgium,2016-09-29,1
20259480,16,3243,6,89,3,4,9,2523.87,1747.12,776.75,2416.07,2765.79,P0016,Turbochargers Product 16,Turbochargers,269,629,C03243,"Hines, Pollard and Ortiz",OEM,Transportation,East Kimberly,Poland,2024-03-21,1
20220369,154,4179,3,89,1,2,7,1906.53,1378.46,528.07,1858.69,2032.15,P0154,Cooling Systems Product 154,Cooling Systems,279,445,C04179,Woods Inc,OEM,Automotive,East Monica,Austria,2020-06-14,1
20241173,229,4065,7,92,7,5,11,3489.09,2126.73,1362.36,3557.03,3595.6,P0229,Cooling Systems Product 229,Cooling Systems,283,213,C04065,Cole-Fisher,OEM,Transportation,Matthewhaven,Belgium,2026-08-04,1
20247264,433,2626,4,17,6,1,16,3669.2,2802.75,866.45,3794.47,3493.41,P0433,Turbochargers Product 433,Turbochargers,231,779,C02626,Trevino LLC,OEM,Transportation,West Alanland,France,2026-07-21,1
20251087,45,1812,6,41,2,1,10,1365.43,1171.97,193.46,1390.5,1463.47,P0045,Aftertreatment Product 45,Aftertreatment,192,571,C01812,Rivas Ltd,Fleet,Automotive,North Kristenbury,Germany,2020-09-12,1
20235320,169,3936,5,49,2,5,14,4587.52,2815.32,1772.2,4599.67,4966.58,P0169,Turbochargers Product 169,Turbochargers,442,635,C03936,"Kim, Aguilar and White",Distributor,Transportation,Samanthaton,Belgium,2020-11-16,1
20227419,267,4902,9,4,2,3,9,3539.6,2866.74,672.86,3708.65,3872.13,P0267,Turbochargers Product 267,Turbochargers,306,322,C04902,Jenkins-Barrett,OEM,Automotive,North Charlesburgh,Belgium,2022-10-15,1
20225832,324,214,6,53,5,4,10,1735.98,1514.53,221.45,1738.51,1823.39,P0324,Fuel Systems Product 324,Fuel Systems,310,610,C00214,"Baker, Parsons and Turner",Distributor,Manufacturing,Jonesville,Poland,2020-08-29,1
20252416,447,1184,3,23,6,4,17,3356.55,2022.82,1333.73,3365.99,3451.36,P0447,Turbochargers Product 447,Turbochargers,304,314,C01184,Atkinson-Cruz,Fleet,Manufacturing,West Janetshire,Netherlands,2024-09-11,1
20224246,463,4939,6,100,5,4,7,1677.03,1449.94,227.09,1682.95,1841.81,P0463,Sensors Product 463,Sensors,387,229,C04939,Wiley-Lee,Fleet,Manufacturing,Carlafort,Belgium,2017-11-19,1
20225473,9,2427,8,93,10,5,4,831.13,688.76,142.37,821.96,868.34,P0009,Sensors Product 9,Sensors,489,328,C02427,"Jenkins, Ballard and Steele",Distributor,Automotive,Harrisbury,Belgium,2023-03-13,1
20246105,57,76,10,14,7,1,8,332.02,284.23,47.79,325.01,315.89,P0057,Filtration Product 57,Filtration,182,606,C00076,May Ltd,OEM,Transportation,Monicaburgh,Italy,2017-04-13,1
20222460,293,3800,4,38,1,3,17,901.79,634.11,267.68,883.16,939.53,P0293,Sensors Product 293,Sensors,124,541,C03800,"Crawford, White and Jones",OEM,Transportation,Drakechester,Sweden,2019-04-15,1
20223854,389,410,7,63,3,4,1,3180.71,2419.4,761.31,3246.88,3256.51,P0389,Aftertreatment Product 389,Aftertreatment,339,386,C00410,Nguyen Ltd,Fleet,Automotive,South Barbarafurt,Germany,2019-03-25,1
20238445,467,4406,4,112,7,4,11,1976.97,1603.39,373.58,2002.24,2055.69,P0467,Aftertreatment Product 467,Aftertreatment,451,174,C04406,"Hughes, Walton and Villanueva",Fleet,Transportation,Port Clinton,France,2026-04-22,1
20223949,451,3532,10,102,1,2,20,668.11,539.6,128.51,658.12,724.04,P0451,Fuel Systems Product 451,Fuel Systems,211,626,C03532,Mcmillan-Brown,Distributor,Automotive,Lopezborough,Netherlands,2022-10-25,1
20225741,95,3692,5,72,7,2,18,4849.56,3579.72,1269.84,4640.57,4726.06,P0095,Aftertreatment Product 95,Aftertreatment,466,868,C03692,Knox and Sons,Fleet,Automotive,West Erin,Poland,2022-04-01,1
20243389,491,4457,7,107,9,2,19,434.95,375.58,59.37,421.62,435.47,P0491,Filtration Product 491,Filtration,377,254,C04457,Munoz LLC,OEM,Automotive,New Susan,Italy,2017-03-01,1
20229151,172,2727,1,90,4,5,18,4437.16,3268.75,1168.41,4261.01,4520.58,P0172,Filtration Product 172,Filtration,326,911,C02727,Ortiz-Garcia,OEM,Automotive,North Danielville,Belgium,2018-06-10,1
20221567,10,3185,6,98,1,5,11,2788.86,2003.35,785.51,2748.6,2744.75,P0010,Fuel Systems Product 10,Fuel Systems,65,148,C03185,Mckay LLC,Distributor,Manufacturing,New Karen,Spain,2024-11-18,1
20260491,472,4991,8,93,9,4,12,4669.34,3184.51,1484.83,4559.68,4997.21,P0472,Aftertreatment Product 472,Aftertreatment,267,714,C04991,"Robertson, Harris and Lynch",Fleet,Automotive,Aliciaport,Netherlands,2020-07-10,1
20222795,165,3943,5,69,6,4,11,1177.53,925.83,251.7,1144.81,1265.34,P0165,Turbochargers Product 165,Turbochargers,126,845,C03943,"Mata, King and Nguyen",Fleet,Manufacturing,South Katrinatown,Germany,2024-11-27,1
20221734,250,3470,1,111,10,4,5,4553.92,3734.32,819.6,4627.46,4511.74,P0250,Filtration Product 250,Filtration,54,887,C03470,Mckay-Martinez,Distributor,Transportation,West Misty,Austria,2024-09-29,1
20225440,448,4599,2,95,2,5,8,2437.33,2193.12,244.21,2320.56,2540.67,P0448,Cooling Systems Product 448,Cooling Systems,64,439,C04599,"Shepherd, White and Carrillo",Distributor,Automotive,Lake Loriberg,Netherlands,2018-05-15,1
20244754,21,3912,2,66,1,4,2,1814.39,1205.12,609.27,1888.21,1991.71,P0021,Turbochargers Product 21,Turbochargers,138,197,C03912,Floyd PLC,Fleet,Transportation,West Sarah,Netherlands,2024-11-02,1
20254194,365,2171,3,114,3,1,12,2683.28,1904.21,779.07,2692.02,2667.55,P0365,Aftertreatment Product 365,Aftertreatment,222,506,C02171,Norris-Burke,OEM,Transportation,Jamieview,France,2024-02-26,1
20247550,96,1122,1,54,6,5,9,679.18,494.89,184.29,696.02,647.92,P0096,Turbochargers Product 96,Turbochargers,72,549,C01122,Lewis Group,Fleet,Transportation,Alanberg,Italy,2024-06-05,1
20236677,111,622,8,75,8,3,6,1384.78,1233.06,151.72,1443.93,1435.05,P0111,Filtration Product 111,Filtration,249,946,C00622,Griffin PLC,Distributor,Automotive,North Russell,Belgium,2022-02-08,1
20237046,485,4026,6,28,7,3,7,1405.61,1210.42,195.19,1474.56,1415.75,P0485,Aftertreatment Product 485,Aftertreatment,458,554,C04026,Bennett-Flores,OEM,Transportation,South Madeline,Poland,2022-02-05,1
20234853,345,1636,1,24,3,4,14,3286.99,2623.18,663.81,3418.53,3518.09,P0345,Electronics Product 345,Electronics,104,632,C01636,Gray-Smith,Fleet,Manufacturing,Robertburgh,Sweden,2016-09-26,1
20238093,70,1423,9,69,5,2,3,3831.36,3400.54,430.82,3794.0,4068.22,P0070,Turbochargers Product 70,Turbochargers,115,117,C01423,Murphy-Ramsey,OEM,Automotive,South Jessicashire,Netherlands,2017-11-02,1
20247879,263,3942,5,23,7,3,16,2114.55,1719.12,395.43,2048.39,2207.21,P0263,Sensors Product 263,Sensors,106,470,C03942,Garcia-Avila,OEM,Manufacturing,Lake Jennifer,Sweden,2017-08-16,1
20221925,138,2662,6,72,5,4,16,3006.6,2099.81,906.79,2878.04,2954.27,P0138,Filtration Product 138,Filtration,450,603,C02662,"Brown, Gray and Brown",Distributor,Transportation,Thomasmouth,Italy,2019-04-03,1
20257065,126,3463,5,104,7,3,12,4118.32,2886.88,1231.44,4059.3,4477.8,P0126,Cooling Systems Product 126,Cooling Systems,302,414,C03463,Frank Inc,Distributor,Automotive,Port Marisa,France,2025-09-09,1
20237181,120,3664,1,54,3,2,1,2668.78,2064.94,603.84,2680.81,2586.48,P0120,Cooling Systems Product 120,Cooling Systems,484,991,C03664,Alvarado PLC,Fleet,Manufacturing,Thomasport,Italy,2025-05-17,1
20248745,107,3665,2,97,7,2,1,737.44,475.2,262.24,709.23,768.14,P0107,Filtration Product 107,Filtration,112,196,C03665,Perez-Riggs,Fleet,Automotive,Josephport,Austria,2026-04-08,1
20248631,11,4932,2,107,7,3,9,3176.05,2347.95,828.1,3030.43,3253.27,P0011,Aftertreatment Product 11,Aftertreatment,391,101,C04932,Ray Inc,Fleet,Transportation,West Anneborough,Netherlands,2016-08-09,1
20239500,280,4308,6,58,5,5,3,4954.07,3914.78,1039.29,5157.09,5093.27,P0280,Filtration Product 280,Filtration,159,364,C04308,"Moore, Becker and Hall",Fleet,Transportation,South Caitlinport,Netherlands,2018-03-17,1
20244968,250,3693,5,107,9,4,4,630.85,502.71,128.14,631.96,628.91,P0250,Filtration Product 250,Filtration,54,887,C03693,"Marshall, Liu and Moore",Fleet,Transportation,Port Michelleland,Belgium,2019-06-13,1
20252733,409,625,3,62,7,5,10,4572.56,2795.86,1776.7,4722.49,4773.04,P0409,Aftertreatment Product 409,Aftertreatment,58,859,C00625,"Boone, Ramirez and Mccarthy",Fleet,Manufacturing,North Nicholasberg,Sweden,2022-02-09,1
20226893,331,4658,7,57,6,2,6,2296.9,1451.69,845.21,2255.41,2386.53,P0331,Cooling Systems Product 331,Cooling Systems,438,820,C04658,Martinez-Compton,Fleet,Transportation,Baldwinville,Netherlands,2022-02-12,1
20234058,449,154,10,67,4,1,3,2846.78,2186.56,660.22,2886.5,2997.07,P0449,Turbochargers Product 449,Turbochargers,466,253,C00154,"Mitchell, Glover and Wilson",Distributor,Automotive,Port Katie,Germany,2017-05-15,1
20256226,294,2089,4,31,4,4,16,2154.04,1696.62,457.42,2223.11,2259.37,P0294,Aftertreatment Product 294,Aftertreatment,75,306,C02089,Hayden and Sons,Fleet,Transportation,Port Shawn,Italy,2026-01-01,1
20230384,389,4664,7,23,4,5,4,3621.77,3217.48,404.29,3586.15,3753.05,P0389,Aftertreatment Product 389,Aftertreatment,339,386,C04664,Jordan Inc,Fleet,Automotive,Sharonport,Germany,2022-12-11,1
20245782,363,205,3,20,6,3,1,3615.82,2642.13,973.69,3743.73,3961.91,P0363,Aftertreatment Product 363,Aftertreatment,413,911,C00205,Barber LLC,Fleet,Manufacturing,Vernonland,France,2019-06-26,1
20253771,479,422,9,68,6,4,3,1118.24,792.59,325.65,1130.96,1108.77,P0479,Sensors Product 479,Sensors,332,781,C00422,Johns Ltd,Distributor,Transportation,Jenniferside,Spain,2018-09-09,1
20226583,3,2594,10,26,10,4,9,3110.63,2559.12,551.51,3216.91,3268.13,P0003,Aftertreatment Product 3,Aftertreatment,441,811,C02594,"Perez, Jones and Brooks",Distributor,Transportation,New Michaelshire,Austria,2024-08-09,1
20221819,466,166,8,28,5,3,11,1381.53,1201.68,179.85,1425.03,1365.9,P0466,Electronics Product 466,Electronics,346,745,C00166,Wells LLC,Distributor,Manufacturing,East David,Sweden,2020-07-29,1
20246336,44,1723,1,83,2,4,14,3409.57,2983.71,425.86,3296.93,3541.29,P0044,Electronics Product 44,Electronics,254,373,C01723,"Miller, Collins and Smith",OEM,Transportation,West William,Austria,2018-10-08,1
20220869,41,2295,6,54,7,2,16,986.63,665.66,320.97,984.33,1067.76,P0041,Fuel Systems Product 41,Fuel Systems,90,256,C02295,"Garner, Becker and Jones",Fleet,Manufacturing,Brooksmouth,Sweden,2018-07-15,1
20259201,254,3275,5,91,6,3,14,1448.48,897.63,550.85,1411.27,1465.33,P0254,Sensors Product 254,Sensors,174,101,C03275,Dean-Daniels,OEM,Manufacturing,Evansview,Netherlands,2022-08-16,1
20227179,442,3494,7,73,8,2,2,1093.2,766.85,326.35,1067.96,1118.59,P0442,Cooling Systems Product 442,Cooling Systems,330,163,C03494,"Martinez, Conley and Morgan",Distributor,Automotive,Shannonmouth,Austria,2020-01-08,1
20221356,318,3620,6,70,1,5,7,919.61,633.28,286.33,938.33,1011.37,P0318,Sensors Product 318,Sensors,407,237,C03620,"Arias, Williams and Lambert",Distributor,Manufacturing,New Jenniferberg,Italy,2025-10-19,1
20251126,411,530,10,86,7,3,14,2055.22,1396.31,658.91,2145.64,2237.49,P0411,Turbochargers Product 411,Turbochargers,451,439,C00530,Campos-Cordova,Distributor,Transportation,Aprilland,Poland,2026-04-29,1
20251040,147,147,1,26,5,2,6,129.84,112.07,17.77,134.89,128.22,P0147,Sensors Product 147,Sensors,54,359,C00147,"Rice, Garcia and Warren",OEM,Automotive,Hernandezside,Spain,2022-02-03,1
20252329,369,1585,10,61,4,3,17,3253.95,2716.38,537.57,3255.07,3401.27,P0369,Cooling Systems Product 369,Cooling Systems,129,206,C01585,Soto-Snyder,OEM,Transportation,Port Nathan,France,2021-01-11,1
20255601,334,489,3,79,8,5,17,1364.68,954.14,410.54,1343.86,1456.39,P0334,Electronics Product 334,Electronics,212,536,C00489,Cruz-Gilbert,OEM,Transportation,Kellyton,Germany,2023-09-27,1
20247582,97,2926,1,41,10,3,8,2305.16,1644.27,660.89,2381.03,2510.05,P0097,Turbochargers Product 97,Turbochargers,328,510,C02926,Thomas-Wong,OEM,Automotive,Hoffmanton,Belgium,2025-09-03,1
20225837,318,1122,9,73,3,1,3,3413.63,2574.36,839.27,3363.44,3619.6,P0318,Sensors Product 318,Sensors,407,237,C01122,Lewis Group,Fleet,Transportation,Alanberg,Italy,2024-06-05,1
20240399,411,1117,7,95,9,5,2,2648.67,2340.88,307.79,2567.63,2798.77,P0411,Turbochargers Product 411,Turbochargers,451,439,C01117,Howard-Brown,Fleet,Automotive,Acostaview,Italy,2024-03-15,1
20234710,454,4148,3,88,4,4,7,4362.89,2931.73,1431.16,4152.75,4673.17,P0454,Cooling Systems Product 454,Cooling Systems,141,632,C04148,"Davis, Fuentes and Gross",Distributor,Transportation,New Christian,Italy,2024-07-30,1
20225343,20,3289,6,75,6,1,20,4928.03,4015.51,912.52,5146.37,4916.45,P0020,Turbochargers Product 20,Turbochargers,66,961,C03289,Robertson-Jordan,Distributor,Transportation,Williamhaven,Belgium,2026-06-23,1
20260077,387,740,9,55,1,5,8,2784.92,1903.44,881.48,2699.59,3062.3,P0387,Fuel Systems Product 387,Fuel Systems,99,119,C00740,Santos-Garcia,OEM,Manufacturing,Johntown,Spain,2024-10-04,1
20258663,475,4831,3,24,5,2,10,3276.81,2362.31,914.5,3136.77,3185.27,P0475,Cooling Systems Product 475,Cooling Systems,469,481,C04831,"Reynolds, Graham and Sanders",Distributor,Manufacturing,Port Debbieton,Sweden,2024-12-17,1
20231486,426,4651,8,8,10,4,18,133.34,95.77,37.57,136.43,143.55,P0426,Turbochargers Product 426,Turbochargers,67,778,C04651,Crawford Group,Distributor,Manufacturing,South Joshua,Germany,2022-08-05,1
20255655,256,2058,8,43,10,3,14,3562.99,2657.76,905.23,3518.94,3386.12,P0256,Cooling Systems Product 256,Cooling Systems,331,546,C02058,"Diaz, Chambers and Sherman",Distributor,Automotive,Randychester,Austria,2025-03-03,1
20226288,380,4610,7,80,4,2,11,1683.4,1468.73,214.67,1696.56,1599.44,P0380,Electronics Product 380,Electronics,190,323,C04610,"Hester, Hess and Frederick",Fleet,Automotive,North Sonya,Spain,2020-04-22,1
20237764,207,4889,4,98,7,1,19,895.79,666.74,229.05,923.08,919.54,P0207,Filtration Product 207,Filtration,343,630,C04889,"Ryan, Reeves and Nelson",Fleet,Transportation,Elizabethbury,Sweden,2016-08-14,1
20247554,411,288,4,3,5,3,1,3672.47,2370.92,1301.55,3569.25,3506.06,P0411,Turbochargers Product 411,Turbochargers,451,439,C00288,Smith Inc,Distributor,Automotive,South Kimmouth,Germany,2022-02-03,1
20221331,66,2888,7,18,6,4,5,3747.04,3246.75,500.29,3598.82,3731.99,P0066,Cooling Systems Product 66,Cooling Systems,227,616,C02888,"Martin, Estrada and Pearson",OEM,Automotive,Andrewport,France,2022-08-23,1
20246111,146,1688,9,109,10,1,4,1905.45,1605.79,299.66,1952.51,1985.96,P0146,Fuel Systems Product 146,Fuel Systems,401,816,C01688,"Jones, Alvarado and Parker",OEM,Manufacturing,North Whitneychester,Sweden,2020-07-28,1
20241211,47,3266,4,100,6,5,3,3485.2,2573.87,911.33,3521.57,3608.85,P0047,Aftertreatment Product 47,Aftertreatment,487,629,C03266,Calhoun-Burns,Fleet,Automotive,Garciahaven,France,2020-12-27,1
20231594,384,275,2,33,9,3,4,3601.77,2660.07,941.7,3702.45,3801.15,P0384,Filtration Product 384,Filtration,443,820,C00275,"Cruz, Coleman and Hill",OEM,Manufacturing,New Robin,Austria,2018-12-06,1
20229567,267,3429,5,55,4,1,13,1160.22,989.28,170.94,1139.74,1214.88,P0267,Turbochargers Product 267,Turbochargers,306,322,C03429,"Castro, Sanchez and Smith",OEM,Automotive,East Ericburgh,Austria,2019-10-03,1
20257843,26,3074,4,34,8,2,12,564.73,455.51,109.22,556.98,552.64,P0026,Fuel Systems Product 26,Fuel Systems,79,165,C03074,"Bennett, Hudson and Henry",Fleet,Automotive,Lake Davidmouth,Germany,2017-03-24,1
20241730,285,2758,8,22,10,3,19,4090.9,3510.34,580.56,4084.2,3979.26,P0285,Turbochargers Product 285,Turbochargers,252,155,C02758,"Collins, Flynn and Wallace",Distributor,Manufacturing,Spencechester,Belgium,2018-08-23,1
20226986,182,885,2,75,4,5,13,4975.95,4463.46,512.49,4753.82,5457.43,P0182,Aftertreatment Product 182,Aftertreatment,492,433,C00885,Huffman Ltd,Distributor,Automotive,Andreatown,Austria,2021-09-17,1
20224350,454,843,9,111,9,3,17,965.85,809.26,156.59,992.47,1006.62,P0454,Cooling Systems Product 454,Cooling Systems,141,632,C00843,Rivera-Griffin,OEM,Automotive,West Amandaview,Belgium,2026-07-19,1
20232680,441,1551,3,107,8,1,3,3487.5,2096.6,1390.9,3561.61,3560.71,P0441,Electronics Product 441,Electronics,161,670,C01551,Franklin-Rodriguez,Distributor,Manufacturing,West Beth,Sweden,2022-06-17,1
20237383,244,1797,9,5,3,5,15,4085.21,3258.93,826.28,4168.22,4006.79,P0244,Fuel Systems Product 244,Fuel Systems,364,551,C01797,"Martinez, Green and Brown",Distributor,Automotive,East Williamburgh,France,2019-05-12,1
20224349,305,3693,5,114,2,4,17,2041.49,1550.91,490.58,2056.74,1980.67,P0305,Turbochargers Product 305,Turbochargers,461,501,C03693,"Marshall, Liu and Moore",Fleet,Transportation,Port Michelleland,Belgium,2019-06-13,1
20229374,131,1033,1,102,6,4,7,1121.97,688.41,433.56,1140.73,1076.52,P0131,Turbochargers Product 131,Turbochargers,475,212,C01033,"Terrell, Bates and Aguirre",OEM,Automotive,Hopkinshaven,France,2025-03-26,1
20249898,454,3777,5,29,8,4,7,4691.43,3137.75,1553.68,4573.72,4709.88,P0454,Cooling Systems Product 454,Cooling Systems,141,632,C03777,Martin-Baker,Fleet,Transportation,Lake Ricky,Italy,2022-03-31,1
20248869,470,309,6,55,8,2,6,2163.99,1652.77,511.22,2240.15,2196.05,P0470,Electronics Product 470,Electronics,408,327,C00309,Harris-Campbell,Distributor,Automotive,Dominiqueville,Poland,2025-10-29,1
20255643,288,2847,2,117,3,1,18,404.42,259.65,144.77,394.09,444.62,P0288,Sensors Product 288,Sensors,78,583,C02847,Edwards-Johnson,OEM,Manufacturing,Courtneyshire,Belgium,2017-06-10,1
20235816,114,4669,2,116,1,4,16,2879.46,1803.11,1076.35,2811.32,2738.78,P0114,Turbochargers Product 114,Turbochargers,261,467,C04669,"Flores, Kelley and Morales",Distributor,Manufacturing,Stevenfort,Austria,2024-08-15,1
20257252,155,2597,1,114,6,2,7,1249.47,827.0,422.47,1235.72,1323.12,P0155,Fuel Systems Product 155,Fuel Systems,406,343,C02597,"Newman, Walker and Brown",Fleet,Manufacturing,Browntown,Netherlands,2019-11-13,1
20243395,317,3800,1,119,7,2,18,2614.28,2010.1,604.18,2610.9,2749.55,P0317,Cooling Systems Product 317,Cooling Systems,303,365,C03800,"Crawford, White and Jones",OEM,Transportation,Drakechester,Sweden,2019-04-15,1
20243409,211,148,7,82,2,3,16,1458.89,1010.37,448.52,1395.27,1603.17,P0211,Sensors Product 211,Sensors,246,215,C00148,"Gibson, Garcia and Mueller",OEM,Automotive,West Lori,Poland,2016-12-21,1
20221157,427,4524,4,2,10,3,2,366.17,281.76,84.41,361.41,358.02,P0427,Sensors Product 427,Sensors,314,409,C04524,Reyes and Sons,Distributor,Automotive,Port Robin,Italy,2023-05-29,1
20237481,44,2859,5,43,9,3,18,4677.73,3101.67,1576.06,4540.3,5114.07,P0044,Electronics Product 44,Electronics,254,373,C02859,Cunningham and Sons,Fleet,Manufacturing,Freemantown,Germany,2025-08-30,1
20252996,84,73,8,55,2,5,3,1466.93,900.5,566.43,1509.27,1495.9,P0084,Cooling Systems Product 84,Cooling Systems,69,892,C00073,Rivera-Harris,OEM,Manufacturing,East Bryan,Netherlands,2024-04-07,1
20248816,370,3210,1,59,7,1,18,4500.85,4014.91,485.94,4577.58,4642.73,P0370,Cooling Systems Product 370,Cooling Systems,487,266,C03210,Johnson-Perry,OEM,Automotive,Port Ethan,Spain,2022-04-19,1
20235383,15,3210,6,14,3,3,8,4168.85,3351.07,817.78,4175.21,4584.44,P0015,Cooling Systems Product 15,Cooling Systems,361,538,C03210,Johnson-Perry,OEM,Automotive,Port Ethan,Spain,2022-04-19,1
20243968,428,724,3,42,6,4,19,4092.65,3044.88,1047.77,4030.2,4177.15,P0428,Turbochargers Product 428,Turbochargers,101,943,C00724,Barber Inc,Distributor,Transportation,Smithshire,Italy,2018-06-29,1
20230631,248,48,8,113,8,4,9,3390.31,2924.26,466.05,3286.37,3606.7,P0248,Electronics Product 248,Electronics,231,1000,C00048,Jackson-Curtis,Fleet,Manufacturing,Lake Williamfort,Netherlands,2020-08-17,1
20239114,417,178,2,37,6,2,6,2111.34,1388.85,722.49,2013.02,2272.67,P0417,Fuel Systems Product 417,Fuel Systems,346,907,C00178,Fisher-Perez,Distributor,Automotive,Port Kimberly,Austria,2025-08-27,1
20247974,435,3603,6,88,5,1,14,3912.8,3420.88,491.92,3936.78,4237.61,P0435,Aftertreatment Product 435,Aftertreatment,175,492,C03603,Schroeder Inc,Distributor,Transportation,Danielberg,Sweden,2019-04-14,1
20223709,21,1465,7,57,5,3,15,2223.54,1797.21,426.33,2188.75,2336.8,P0021,Turbochargers Product 21,Turbochargers,138,197,C01465,"Pierce, Escobar and Leach",Distributor,Automotive,Port Gregoryshire,Germany,2020-06-18,1
20222891,64,3700,10,52,7,2,12,166.23,128.2,38.03,171.92,160.36,P0064,Cooling Systems Product 64,Cooling Systems,430,732,C03700,Sanchez-Wall,OEM,Manufacturing,Shannonhaven,Belgium,2025-04-21,1
20244553,363,3574,2,53,8,2,10,2952.73,2641.28,311.45,2921.02,2838.35,P0363,Aftertreatment Product 363,Aftertreatment,413,911,C03574,Davis and Sons,Distributor,Transportation,Ryanmouth,Spain,2026-06-17,1
20237611,84,1559,1,17,10,2,9,4974.36,3563.17,1411.19,4761.18,5395.79,P0084,Cooling Systems Product 84,Cooling Systems,69,892,C01559,Fischer PLC,OEM,Automotive,East Christopher,Austria,2023-04-19,1
20223162,421,1963,8,93,5,5,12,4820.31,3129.34,1690.97,4929.4,4902.36,P0421,Sensors Product 421,Sensors,88,105,C01963,Rosario-Fields,Distributor,Manufacturing,Kristaland,Germany,2023-08-27,1
20260292,56,1008,8,59,6,4,6,2848.44,2014.15,834.29,2781.22,2944.03,P0056,Electronics Product 56,Electronics,160,902,C01008,Pacheco LLC,OEM,Transportation,Amberburgh,Spain,2023-08-24,1
20246719,333,796,3,113,7,3,18,4312.3,3149.89,1162.41,4138.23,4308.42,P0333,Aftertreatment Product 333,Aftertreatment,409,194,C00796,"Foster, Perez and Thompson",Distributor,Automotive,Samuelland,Poland,2026-04-16,1
20231580,147,4818,2,23,7,4,6,2702.0,2297.24,404.76,2807.84,2625.91,P0147,Sensors Product 147,Sensors,54,359,C04818,Kim Inc,Distributor,Automotive,Stevensfort,Austria,2019-04-30,1
20240001,240,974,7,48,10,4,12,4214.19,3188.81,1025.38,4085.82,4608.57,P0240,Turbochargers Product 240,Turbochargers,89,780,C00974,Macdonald-Pacheco,Distributor,Manufacturing,East Pamelatown,Belgium,2018-04-22,1
20259220,420,4407,5,106,9,5,7,4125.2,3176.03,949.17,4179.82,4456.58,P0420,Fuel Systems Product 420,Fuel Systems,251,703,C04407,Frye-Campbell,Fleet,Automotive,Smithtown,Belgium,2017-08-31,1
20231564,23,1989,2,118,3,5,17,885.2,784.33,100.87,921.72,915.0,P0023,Filtration Product 23,Filtration,188,256,C01989,Glenn-Mccullough,OEM,Manufacturing,Karenchester,Sweden,2024-11-18,1
20255168,32,1438,7,77,2,1,19,3384.99,2467.34,917.65,3404.41,3278.98,P0032,Cooling Systems Product 32,Cooling Systems,124,192,C01438,"Mendez, Johnson and Smith",OEM,Transportation,Angelborough,Germany,2016-10-11,1
20259069,298,4393,2,49,3,2,17,2804.44,1750.89,1053.55,2704.51,2771.62,P0298,Sensors Product 298,Sensors,292,933,C04393,Burgess and Sons,OEM,Automotive,Alexanderside,Spain,2016-12-17,1
20226228,68,3705,8,8,7,2,13,3416.01,2657.41,758.6,3392.36,3317.85,P0068,Filtration Product 68,Filtration,120,182,C03705,Henry-Harris,Distributor,Transportation,South Rachel,Germany,2023-06-11,1
20233362,382,1602,4,118,7,5,16,1924.99,1367.85,557.14,1999.64,1916.03,P0382,Sensors Product 382,Sensors,460,927,C01602,Williams Ltd,OEM,Automotive,Halefort,Netherlands,2018-09-08,1
20222946,350,1332,4,72,6,3,7,1560.59,951.37,609.22,1592.34,1614.28,P0350,Fuel Systems Product 350,Fuel Systems,378,846,C01332,Noble Group,OEM,Automotive,Lake Laurafurt,Spain,2022-09-24,1
20232845,451,405,4,32,10,2,7,4649.08,3141.4,1507.68,4765.98,4895.56,P0451,Fuel Systems Product 451,Fuel Systems,211,626,C00405,"Perez, Jacobson and Matthews",Fleet,Automotive,Seanshire,Spain,2018-04-05,1
20220393,396,2527,7,56,9,3,12,4159.54,2722.78,1436.76,4129.41,4017.2,P0396,Turbochargers Product 396,Turbochargers,351,349,C02527,Ramsey Ltd,Distributor,Transportation,Lynnburgh,Netherlands,2022-06-27,1
20234212,35,4787,7,65,8,4,6,3530.66,2866.17,664.49,3415.64,3841.18,P0035,Filtration Product 35,Filtration,488,634,C04787,"Welch, Johnson and Foster",Fleet,Transportation,Brownborough,Belgium,2024-02-20,1
20225928,161,2309,4,62,4,1,10,1441.66,1019.91,421.75,1511.11,1443.63,P0161,Turbochargers Product 161,Turbochargers,413,546,C02309,"Gray, Hart and Scott",Distributor,Automotive,Norrisshire,Germany,2023-02-02,1
20241091,34,863,8,107,8,3,13,4065.38,3189.65,875.73,4194.77,3901.88,P0034,Fuel Systems Product 34,Fuel Systems,67,719,C00863,Hernandez Group,Distributor,Manufacturing,West Nicholas,France,2017-11-30,1
20255996,442,465,8,55,1,3,8,354.62,222.92,131.7,350.71,355.93,P0442,Cooling Systems Product 442,Cooling Systems,330,163,C00465,"Yu, Brown and Johnson",Fleet,Transportation,Ericchester,Spain,2024-10-04,1
20245627,252,614,4,3,2,3,13,3915.04,3321.76,593.28,3975.28,3825.2,P0252,Aftertreatment Product 252,Aftertreatment,486,396,C00614,"Lee, Barton and Martin",Fleet,Automotive,Nelsonmouth,Austria,2026-02-13,1
20232413,24,1017,7,8,2,5,15,1656.54,1322.2,334.34,1734.58,1618.94,P0024,Aftertreatment Product 24,Aftertreatment,382,526,C01017,Salas-Ross,Fleet,Automotive,North Samanthahaven,France,2020-03-26,1
20242264,405,1161,8,32,10,2,7,1166.49,781.56,384.93,1188.02,1213.97,P0405,Cooling Systems Product 405,Cooling Systems,129,167,C01161,"Rivera, Turner and Beck",Distributor,Transportation,Robertshaven,Germany,2018-02-15,1
20238558,162,2447,9,28,5,3,13,2945.86,2114.04,831.82,3049.29,3156.79,P0162,Sensors Product 162,Sensors,284,405,C02447,"Lopez, Jones and Burton",OEM,Automotive,Wendyberg,Germany,2021-08-05,1
20236588,292,3918,8,114,1,1,2,888.75,688.18,200.57,870.53,896.88,P0292,Aftertreatment Product 292,Aftertreatment,465,130,C03918,Williams-Holloway,Fleet,Transportation,Stacymouth,France,2020-07-30,1
20230430,252,2574,4,16,9,4,16,1002.78,751.37,251.41,960.64,1006.01,P0252,Aftertreatment Product 252,Aftertreatment,486,396,C02574,Vincent LLC,Distributor,Manufacturing,Cameronfurt,Austria,2016-11-12,1
20247229,388,2400,1,11,9,2,4,2238.57,1393.71,844.86,2203.72,2226.26,P0388,Aftertreatment Product 388,Aftertreatment,170,132,C02400,"Martinez, Chavez and Ross",Distributor,Manufacturing,New Frank,Belgium,2025-10-08,1
20229490,79,4610,10,59,10,4,7,801.43,642.13,159.3,769.44,867.14,P0079,Fuel Systems Product 79,Fuel Systems,182,426,C04610,"Hester, Hess and Frederick",Fleet,Automotive,North Sonya,Spain,2020-04-22,1
20256133,134,4166,3,16,5,3,15,4577.15,3234.06,1343.09,4530.76,4984.45,P0134,Fuel Systems Product 134,Fuel Systems,256,227,C04166,Davis-Morgan,Distributor,Manufacturing,New Patricia,Belgium,2021-07-22,1
20235539,318,4041,4,100,6,1,12,797.16,673.62,123.54,800.42,778.1,P0318,Sensors Product 318,Sensors,407,237,C04041,Torres Inc,Distributor,Transportation,West Karen,France,2025-09-12,1
20245225,72,2219,4,115,4,1,7,3876.37,2845.66,1030.71,3685.16,4235.88,P0072,Filtration Product 72,Filtration,99,254,C02219,Townsend Ltd,Distributor,Manufacturing,South Meagan,Italy,2018-09-15,1
20231294,54,2161,4,37,5,5,8,3536.68,2812.06,724.62,3585.07,3629.36,P0054,Electronics Product 54,Electronics,301,825,C02161,Hunt-Guerrero,Fleet,Automotive,West Sue,Belgium,2024-03-21,1
20254021,425,3835,10,90,7,3,2,960.78,718.41,242.37,988.27,986.0,P0425,Sensors Product 425,Sensors,236,818,C03835,Roach-Duarte,Fleet,Automotive,Nancyland,Italy,2016-11-23,1
20250747,333,900,2,101,4,5,2,4761.82,3656.85,1104.97,4735.81,4823.7,P0333,Aftertreatment Product 333,Aftertreatment,409,194,C00900,Brandt-White,Distributor,Transportation,New Matthewfort,France,2017-08-21,1
20224532,217,561,2,104,8,3,4,767.53,679.13,88.4,794.95,835.32,P0217,Turbochargers Product 217,Turbochargers,436,835,C00561,Hardin-Stewart,Fleet,Transportation,East Karachester,Poland,2022-01-31,1
20234267,289,2720,9,100,8,2,5,4985.13,3887.8,1097.33,4797.86,5141.0,P0289,Fuel Systems Product 289,Fuel Systems,169,373,C02720,Mayer-Smith,OEM,Transportation,Emilyhaven,Spain,2021-12-07,1
20228850,356,2639,1,71,3,3,13,3903.49,3275.29,628.2,4037.48,3867.38,P0356,Filtration Product 356,Filtration,250,324,C02639,Medina-Durham,Distributor,Automotive,Michaelfurt,Austria,2026-04-11,1
20230444,55,3374,9,82,8,5,4,141.86,111.27,30.59,140.78,143.93,P0055,Fuel Systems Product 55,Fuel Systems,389,928,C03374,"Walker, Hardin and Anderson",Distributor,Manufacturing,Schaeferfort,Spain,2026-07-09,1
20227523,440,3573,4,35,2,4,10,1876.41,1217.05,659.36,1895.98,1852.88,P0440,Sensors Product 440,Sensors,382,762,C03573,Miller Inc,Distributor,Manufacturing,Port Sheenamouth,Germany,2024-12-18,1
20244230,98,1167,4,54,4,5,11,4029.87,2745.07,1284.8,3864.27,4373.93,P0098,Filtration Product 98,Filtration,94,362,C01167,Ware and Sons,Distributor,Transportation,North Christian,Sweden,2018-08-14,1
20251289,204,3672,2,12,1,5,6,3452.42,2616.64,835.78,3401.24,3474.2,P0204,Filtration Product 204,Filtration,430,301,C03672,"Mcdaniel, Newman and Johnson",Distributor,Manufacturing,Rhondamouth,Poland,2016-09-11,1
20244964,6,3075,2,101,10,2,18,4604.08,2835.71,1768.37,4478.83,4595.14,P0006,Cooling Systems Product 6,Cooling Systems,345,257,C03075,"White, Green and Ortiz",Distributor,Automotive,Adamsfort,Belgium,2021-04-26,1
20246942,41,4939,2,57,9,2,10,4101.85,2604.13,1497.72,4298.1,4506.91,P0041,Fuel Systems Product 41,Fuel Systems,90,256,C04939,Wiley-Lee,Fleet,Manufacturing,Carlafort,Belgium,2017-11-19,1
20231693,260,1363,8,118,9,5,20,1765.9,1357.52,408.38,1726.08,1900.03,P0260,Cooling Systems Product 260,Cooling Systems,369,254,C01363,"Carroll, Mitchell and Snyder",Distributor,Automotive,Melissafort,Sweden,2019-06-20,1
20226386,488,4016,4,23,2,3,14,2615.14,2215.91,399.23,2500.93,2818.34,P0488,Filtration Product 488,Filtration,167,240,C04016,Paul-Mendoza,Fleet,Transportation,Emilyview,Belgium,2023-12-29,1
20224262,490,4556,7,21,10,1,14,2061.1,1765.22,295.88,2133.03,2018.45,P0490,Filtration Product 490,Filtration,178,560,C04556,Mitchell-Johnson,OEM,Transportation,Lake Charleschester,Italy,2024-02-16,1
20232760,287,413,4,89,9,2,6,2643.87,2041.99,601.88,2692.86,2792.5,P0287,Electronics Product 287,Electronics,63,884,C00413,Andrews-Lyons,Distributor,Transportation,North Xavierberg,Italy,2017-01-17,1
20246847,488,373,8,17,9,4,14,3316.86,2865.99,450.87,3380.32,3354.97,P0488,Filtration Product 488,Filtration,167,240,C00373,Edwards-Arnold,Fleet,Automotive,Taylorville,France,2021-04-04,1
20224487,421,3633,10,44,5,4,15,3229.38,2118.33,1111.05,3352.33,3096.72,P0421,Sensors Product 421,Sensors,88,105,C03633,"Robbins, Moore and Smith",OEM,Automotive,East Stephen,Belgium,2026-04-09,1
20224816,65,3397,6,115,6,1,19,807.0,639.55,167.45,819.56,777.71,P0065,Filtration Product 65,Filtration,144,887,C03397,Watkins-Lawson,Fleet,Transportation,Catherineport,France,2023-01-10,1
20242311,166,2074,8,6,4,1,3,3590.05,2206.74,1383.31,3611.21,3770.71,P0166,Filtration Product 166,Filtration,399,723,C02074,"Branch, Dillon and Benton",OEM,Automotive,Chrisside,Netherlands,2024-12-12,1
20260072,355,2004,10,5,9,2,19,439.4,389.05,50.35,445.18,448.76,P0355,Electronics Product 355,Electronics,166,924,C02004,"Brown, Baker and Gutierrez",Fleet,Transportation,Kennedyville,Poland,2023-08-15,1
20251458,292,4266,1,60,7,1,18,659.66,449.02,210.64,656.19,695.72,P0292,Aftertreatment Product 292,Aftertreatment,465,130,C04266,Ramirez LLC,Fleet,Manufacturing,East Bonnie,Sweden,2016-08-21,1
20221140,40,187,8,114,7,1,13,3938.73,3292.61,646.12,4080.69,3935.55,P0040,Electronics Product 40,Electronics,462,786,C00187,Murphy-Adams,Distributor,Manufacturing,Paulville,Sweden,2022-10-11,1
20225907,112,966,2,56,3,1,3,4378.98,3917.09,461.89,4581.21,4376.2,P0112,Cooling Systems Product 112,Cooling Systems,416,407,C00966,"Martinez, Schroeder and Fitzpatrick",Fleet,Automotive,Jamesland,Sweden,2019-01-02,1
20223038,136,2905,3,99,6,2,16,2121.6,1640.94,480.66,2225.58,2143.77,P0136,Cooling Systems Product 136,Cooling Systems,216,619,C02905,Lopez Ltd,OEM,Automotive,Jillstad,Austria,2024-01-20,1
20241118,446,4586,3,63,6,2,4,2838.99,1883.41,955.58,2932.2,2709.94,P0446,Fuel Systems Product 446,Fuel Systems,211,595,C04586,Phillips Group,OEM,Manufacturing,Port Matthewstad,Italy,2022-07-10,1
20260419,72,4845,2,78,3,1,14,1977.11,1364.16,612.95,1883.68,1904.6,P0072,Filtration Product 72,Filtration,99,254,C04845,Morton LLC,OEM,Transportation,Oliviaborough,Germany,2026-01-23,1
20231973,315,1955,1,70,6,5,18,4644.58,3534.14,1110.44,4688.17,4823.69,P0315,Cooling Systems Product 315,Cooling Systems,222,841,C01955,"Mccall, Francis and Ramos",Distributor,Automotive,North Melindaview,Netherlands,2025-10-17,1
20232484,54,2859,9,45,10,4,2,2409.06,1711.77,697.29,2306.24,2548.76,P0054,Electronics Product 54,Electronics,301,825,C02859,Cunningham and Sons,Fleet,Manufacturing,Freemantown,Germany,2025-08-30,1
20256131,87,2209,9,12,5,3,20,891.5,570.32,321.18,866.52,970.57,P0087,Turbochargers Product 87,Turbochargers,199,502,C02209,"Bailey, Long and Lewis",Distributor,Manufacturing,Port Maryton,Italy,2024-07-30,1
20241319,223,2419,5,104,6,2,2,4538.67,3836.18,702.49,4749.35,4912.51,P0223,Aftertreatment Product 223,Aftertreatment,270,307,C02419,Thornton-Velazquez,Distributor,Automotive,Christopherhaven,Germany,2019-08-24,1
20251596,153,2487,6,27,1,3,5,1568.98,1166.75,402.23,1519.65,1675.37,P0153,Electronics Product 153,Electronics,190,922,C02487,Bowers-Harrell,Distributor,Transportation,Lake Lydiastad,Poland,2020-08-25,1
20227097,250,2531,2,70,6,1,1,3271.87,2281.73,990.14,3385.44,3344.0,P0250,Filtration Product 250,Filtration,54,887,C02531,Sanchez-Parrish,Distributor,Manufacturing,Manningfort,Belgium,2018-02-25,1
20252330,251,359,7,100,6,1,16,2311.86,1959.96,351.9,2425.43,2271.82,P0251,Sensors Product 251,Sensors,385,817,C00359,Morris-Cruz,OEM,Automotive,North Gregory,Spain,2024-02-21,1
20251675,74,4451,1,61,4,5,19,4884.56,2934.17,1950.39,5117.25,4996.92,P0074,Sensors Product 74,Sensors,140,914,C04451,Collins and Sons,Distributor,Transportation,North James,Belgium,2020-04-19,1
20250438,118,2094,1,91,3,4,7,2965.55,2567.88,397.67,2853.72,2937.15,P0118,Turbochargers Product 118,Turbochargers,151,106,C02094,Choi PLC,Fleet,Manufacturing,Kennethfort,Poland,2018-06-24,1
20236672,281,2788,7,28,7,4,8,3561.73,3014.03,547.7,3468.58,3748.0,P0281,Fuel Systems Product 281,Fuel Systems,223,797,C02788,"Schmidt, Hernandez and Kennedy",OEM,Manufacturing,East Paulaville,Poland,2024-06-19,1
20249162,321,1539,9,15,5,3,16,582.41,406.74,175.67,578.64,575.44,P0321,Cooling Systems Product 321,Cooling Systems,340,488,C01539,Brooks LLC,OEM,Manufacturing,Greenshire,Germany,2024-05-06,1
20222945,127,4481,10,32,8,3,19,2023.85,1430.15,593.7,2030.92,1967.22,P0127,Aftertreatment Product 127,Aftertreatment,488,991,C04481,"Boyd, Riddle and Dean",Fleet,Manufacturing,Port Stevenview,Spain,2019-08-05,1
20226698,465,4811,4,20,10,3,7,2319.02,1400.96,918.06,2275.47,2326.78,P0465,Fuel Systems Product 465,Fuel Systems,52,135,C04811,Mcneil and Sons,Distributor,Manufacturing,Bethanyfort,Sweden,2025-12-28,1
20255264,130,4885,1,111,5,3,19,2639.19,2177.63,461.56,2638.24,2801.38,P0130,Cooling Systems Product 130,Cooling Systems,452,145,C04885,Wallace-Collier,Distributor,Transportation,East Michael,Poland,2018-01-13,1
20220434,478,2405,9,65,1,1,11,1574.02,1194.43,379.59,1553.38,1727.25,P0478,Filtration Product 478,Filtration,181,926,C02405,"Mahoney, Sanchez and Pierce",Fleet,Transportation,New Antonio,Austria,2019-10-27,1
20229826,464,4690,3,37,6,4,1,1069.36,853.01,216.35,1118.0,1140.74,P0464,Filtration Product 464,Filtration,103,843,C04690,Logan Inc,Distributor,Automotive,Vanessafurt,Netherlands,2019-02-10,1
20259524,288,2898,10,89,3,5,6,4230.8,2982.5,1248.3,4285.24,4188.5,P0288,Sensors Product 288,Sensors,78,583,C02898,Williams-Acosta,OEM,Transportation,Huertatown,Sweden,2020-03-29,1
20246694,207,1813,10,46,6,4,15,3717.24,2343.71,1373.53,3558.29,3730.82,P0207,Filtration Product 207,Filtration,343,630,C01813,Hunter PLC,Fleet,Manufacturing,Perryburgh,France,2019-01-10,1
20250543,179,3523,10,63,5,2,18,2307.35,1575.08,732.27,2419.45,2434.3,P0179,Sensors Product 179,Sensors,202,270,C03523,"Reeves, Martinez and Brown",Fleet,Automotive,Lake Amy,Austria,2023-05-09,1
20226686,155,4383,1,1,7,4,16,3334.13,2959.04,375.09,3216.55,3208.54,P0155,Fuel Systems Product 155,Fuel Systems,406,343,C04383,Bailey-Ryan,Distributor,Transportation,Adkinschester,Italy,2021-09-26,1
20228778,403,4279,1,22,6,2,9,611.12,467.94,143.18,603.11,580.66,P0403,Fuel Systems Product 403,Fuel Systems,144,701,C04279,Kaufman PLC,Fleet,Automotive,New Stephaniemouth,Sweden,2018-11-25,1
20241887,159,4015,7,87,5,3,12,1926.65,1680.18,246.47,1876.45,2029.19,P0159,Filtration Product 159,Filtration,180,372,C04015,"Adams, Parker and Rodriguez",Fleet,Automotive,Arnoldshire,Italy,2024-06-18,1
20243544,258,3371,2,17,9,1,2,3410.83,2799.32,611.51,3553.44,3614.29,P0258,Filtration Product 258,Filtration,160,553,C03371,"Wright, Middleton and Evans",Distributor,Automotive,Brianfurt,Italy,2017-02-02,1
20240888,202,857,5,39,8,1,3,1218.52,790.66,427.86,1249.63,1195.18,P0202,Turbochargers Product 202,Turbochargers,235,182,C00857,Martinez-Yang,OEM,Automotive,Castillofurt,Netherlands,2022-06-26,1
20241605,492,2918,1,107,7,4,9,160.09,117.2,42.89,165.25,155.23,P0492,Fuel Systems Product 492,Fuel Systems,164,323,C02918,"Miller, Morris and Murphy",OEM,Transportation,Bryanmouth,Netherlands,2024-08-18,1
20220989,64,4780,6,100,5,4,1,2421.9,1821.02,600.88,2506.44,2355.42,P0064,Cooling Systems Product 64,Cooling Systems,430,732,C04780,Brown-Hayes,Distributor,Automotive,West Jacobburgh,Belgium,2022-05-11,1
20221823,67,1930,10,22,10,2,19,4865.42,3024.68,1840.74,4885.87,5012.69,P0067,Turbochargers Product 67,Turbochargers,160,257,C01930,Thomas Inc,Distributor,Transportation,Tracyland,Poland,2023-08-18,1
20248554,164,3970,10,49,7,2,1,495.99,373.22,122.77,483.57,508.39,P0164,Turbochargers Product 164,Turbochargers,99,253,C03970,Lewis LLC,Distributor,Transportation,East Carla,Italy,2017-12-14,1
20254132,427,1784,10,116,2,4,10,4863.87,3668.51,1195.36,5070.7,5294.04,P0427,Sensors Product 427,Sensors,314,409,C01784,Watts and Sons,Fleet,Transportation,South Vanessa,Sweden,2022-01-14,1
20225060,297,2273,5,49,10,5,17,3204.67,2824.41,380.26,3329.71,3074.58,P0297,Electronics Product 297,Electronics,158,281,C02273,Cruz-Hughes,OEM,Manufacturing,South William,Germany,2024-12-09,1
20233275,243,3165,7,46,10,1,20,1386.07,916.0,470.07,1382.42,1395.98,P0243,Fuel Systems Product 243,Fuel Systems,174,391,C03165,"Taylor, Hernandez and Johnson",Fleet,Transportation,Port Jennifer,Germany,2025-09-19,1
20249254,226,4550,4,29,3,1,8,1907.26,1555.26,352.0,1898.55,1918.78,P0226,Sensors Product 226,Sensors,473,523,C04550,Henry-Daniel,Distributor,Automotive,North Juan,Netherlands,2024-02-07,1
20258189,313,3544,9,58,5,1,14,4209.53,3562.55,646.98,4031.2,4167.76,P0313,Cooling Systems Product 313,Cooling Systems,197,588,C03544,Steele Ltd,OEM,Transportation,Smithland,Italy,2021-01-22,1
20252302,377,2127,6,47,8,5,12,434.11,274.01,160.1,421.56,475.47,P0377,Electronics Product 377,Electronics,179,258,C02127,Pearson Inc,Distributor,Manufacturing,Michelestad,Italy,2024-05-01,1
20233867,58,230,9,36,3,3,19,868.38,557.88,310.5,852.59,890.62,P0058,Sensors Product 58,Sensors,250,741,C00230,Harris-Cooke,Fleet,Manufacturing,Terrellshire,France,2025-08-07,1
20241086,290,639,3,30,6,4,19,4170.61,2742.83,1427.78,4019.76,4471.98,P0290,Fuel Systems Product 290,Fuel Systems,374,318,C00639,Love-Singh,OEM,Manufacturing,Port Sarah,Germany,2021-12-23,1
20232466,487,2604,8,114,9,5,7,2446.26,2083.1,363.16,2537.78,2582.17,P0487,Turbochargers Product 487,Turbochargers,77,981,C02604,Sanchez-Nelson,Distributor,Transportation,Noahview,Sweden,2021-01-16,1
20238119,335,421,6,15,1,5,6,2084.68,1286.55,798.13,2154.53,2181.78,P0335,Cooling Systems Product 335,Cooling Systems,434,418,C00421,Smith Inc,OEM,Transportation,Royfort,Germany,2018-07-23,1
20226425,229,4413,2,35,7,5,10,2804.3,2410.14,394.16,2863.97,3029.31,P0229,Cooling Systems Product 229,Cooling Systems,283,213,C04413,"Thomas, Marks and Austin",Distributor,Manufacturing,North Melinda,Spain,2025-03-04,1
20230268,124,3971,8,69,8,1,2,4239.98,2830.65,1409.33,4213.45,4131.35,P0124,Turbochargers Product 124,Turbochargers,212,315,C03971,Mitchell Ltd,Distributor,Transportation,West Danamouth,Poland,2018-12-05,1
20259627,139,2023,1,118,6,2,1,1965.54,1515.01,450.53,1927.88,1947.56,P0139,Filtration Product 139,Filtration,167,1000,C02023,"Sanders, Fuller and James",Fleet,Transportation,Port Nancymouth,Netherlands,2020-02-27,1
20245883,276,417,10,77,4,4,14,1735.07,1130.72,604.35,1788.75,1848.59,P0276,Sensors Product 276,Sensors,475,986,C00417,"Franklin, Johns and Lewis",Fleet,Automotive,Cruzbury,Spain,2023-07-27,1
20249827,180,304,3,10,6,2,19,3607.1,2765.63,841.47,3612.51,3715.64,P0180,Filtration Product 180,Filtration,163,558,C00304,Hill Ltd,OEM,Manufacturing,Port Kevinland,Italy,2022-12-14,1
20253405,51,1191,1,36,4,5,20,3359.8,2943.93,415.87,3224.56,3542.52,P0051,Electronics Product 51,Electronics,420,511,C01191,"Johnston, May and Curtis",OEM,Transportation,Theresaborough,Spain,2024-08-10,1
20251261,14,4658,10,23,2,2,7,2743.37,1749.31,994.06,2640.64,2866.19,P0014,Electronics Product 14,Electronics,120,660,C04658,Martinez-Compton,Fleet,Transportation,Baldwinville,Netherlands,2022-02-12,1
20249960,216,762,7,35,2,1,1,1661.99,1369.85,292.14,1741.83,1654.1,P0216,Cooling Systems Product 216,Cooling Systems,366,240,C00762,Wright-Short,Distributor,Manufacturing,Port Stephenmouth,Austria,2023-09-18,1
20256355,179,1227,9,25,9,2,10,1532.18,1231.1,301.08,1468.1,1669.58,P0179,Sensors Product 179,Sensors,202,270,C01227,Arnold Group,Fleet,Manufacturing,East John,Spain,2018-08-13,1
20234190,155,1479,4,117,1,4,8,968.08,581.86,386.22,1015.79,930.44,P0155,Fuel Systems Product 155,Fuel Systems,406,343,C01479,"Yu, Brown and Cook",Distributor,Automotive,Connorport,Poland,2020-02-06,1
20253872,364,1798,7,74,6,4,7,4813.4,3879.71,933.69,4909.56,5282.66,P0364,Sensors Product 364,Sensors,242,217,C01798,"Myers, Wheeler and Hurst",Distributor,Transportation,Haleside,Austria,2018-06-02,1
20233019,446,1461,9,111,8,3,17,3759.75,3055.61,704.14,3892.53,4035.18,P0446,Fuel Systems Product 446,Fuel Systems,211,595,C01461,Wiggins-Martinez,OEM,Transportation,East Samantha,Spain,2025-04-28,1
20247587,79,648,4,33,1,1,20,4114.49,2551.31,1563.18,4271.7,4177.61,P0079,Fuel Systems Product 79,Fuel Systems,182,426,C00648,Patrick Ltd,Distributor,Manufacturing,Johnshire,Spain,2020-11-06,1
20243466,72,4424,8,93,1,2,4,384.07,334.79,49.28,393.79,417.32,P0072,Filtration Product 72,Filtration,99,254,C04424,"Smith, Jones and Rodriguez",OEM,Automotive,New Mandy,Austria,2022-12-16,1
20237385,122,3628,5,31,10,3,18,2067.02,1461.54,605.48,2086.14,2183.4,P0122,Electronics Product 122,Electronics,164,537,C03628,Gomez and Sons,Distributor,Automotive,Danielshire,France,2023-04-25,1
20239985,404,3340,8,46,1,4,1,2541.3,2233.85,307.45,2495.86,2512.66,P0404,Fuel Systems Product 404,Fuel Systems,366,655,C03340,"Davis, Allen and Williams",Distributor,Manufacturing,Hoshire,Belgium,2020-11-01,1
20242270,298,1110,1,55,6,2,14,3685.02,2744.31,940.71,3695.36,3949.96,P0298,Sensors Product 298,Sensors,292,933,C01110,Casey LLC,Distributor,Transportation,Rodriguezside,France,2020-05-20,1
20243755,376,2390,1,7,6,2,19,3654.52,3156.83,497.69,3835.57,3954.97,P0376,Cooling Systems Product 376,Cooling Systems,75,159,C02390,Butler Ltd,Fleet,Automotive,Taylorchester,France,2025-02-28,1
20230479,452,34,7,97,5,3,8,853.25,539.52,313.73,868.65,920.78,P0452,Aftertreatment Product 452,Aftertreatment,397,753,C00034,Rhodes and Sons,Distributor,Transportation,South Alan,Poland,2025-08-13,1
20221498,203,1320,7,45,3,1,9,288.62,233.2,55.42,282.53,305.03,P0203,Turbochargers Product 203,Turbochargers,387,910,C01320,Hunter LLC,Distributor,Transportation,Harperberg,Spain,2022-12-31,1
20258373,102,2002,2,12,4,2,4,4398.42,3831.13,567.29,4218.57,4601.48,P0102,Electronics Product 102,Electronics,346,814,C02002,Roberts Ltd,Fleet,Manufacturing,North Jenniferland,Poland,2024-02-09,1
20239740,74,1548,3,18,9,5,13,2282.81,1529.96,752.85,2196.06,2393.88,P0074,Sensors Product 74,Sensors,140,914,C01548,Cuevas Ltd,Fleet,Manufacturing,Moralesside,Germany,2020-04-10,1
20257699,375,2143,8,88,4,2,4,3118.6,2298.0,820.6,3043.68,3374.82,P0375,Electronics Product 375,Electronics,53,145,C02143,"Powell, Hayes and Green",Distributor,Manufacturing,West Karen,Spain,2019-03-09,1
20256966,470,4126,4,116,4,3,3,678.67,542.21,136.46,706.44,692.71,P0470,Electronics Product 470,Electronics,408,327,C04126,Daniel-Morton,Distributor,Manufacturing,Charlesville,Sweden,2018-10-25,1
20232925,8,4782,5,17,3,3,14,4348.71,3841.34,507.37,4438.07,4290.64,P0008,Turbochargers Product 8,Turbochargers,408,245,C04782,Flores and Sons,Distributor,Transportation,Poncefort,Belgium,2021-12-06,1
20244511,333,2960,1,91,9,4,12,1401.38,851.68,549.7,1431.35,1419.14,P0333,Aftertreatment Product 333,Aftertreatment,409,194,C02960,Black-Yates,Distributor,Automotive,North Matthew,Belgium,2024-12-16,1
20246136,10,4354,8,61,2,5,7,1076.13,699.17,376.96,1035.97,1137.77,P0010,Fuel Systems Product 10,Fuel Systems,65,148,C04354,Little-Brown,Fleet,Transportation,Cunninghamton,France,2019-12-30,1
20254370,498,2124,9,11,9,3,18,4191.7,2534.39,1657.31,4066.77,4054.48,P0498,Fuel Systems Product 498,Fuel Systems,235,606,C02124,"Trevino, Jennings and Lambert",OEM,Transportation,Serranomouth,Austria,2021-11-27,1
20239829,448,1773,7,66,10,5,1,2541.52,1848.62,692.9,2625.86,2616.26,P0448,Cooling Systems Product 448,Cooling Systems,64,439,C01773,Perez-Snow,Distributor,Manufacturing,Martinezview,Sweden,2021-01-17,1
20256423,182,4671,5,82,6,2,1,146.83,103.01,43.82,149.79,146.27,P0182,Aftertreatment Product 182,Aftertreatment,492,433,C04671,Benitez Inc,Distributor,Transportation,Fosterland,Italy,2020-04-08,1
20222716,6,1494,1,4,9,4,9,238.3,180.89,57.41,229.68,258.26,P0006,Cooling Systems Product 6,Cooling Systems,345,257,C01494,Klein-Jennings,Distributor,Transportation,North Janeberg,France,2026-05-04,1
20248524,244,4942,5,20,8,4,9,2120.12,1524.4,595.72,2182.26,2078.66,P0244,Fuel Systems Product 244,Fuel Systems,364,551,C04942,"Douglas, Gutierrez and Vasquez",Fleet,Transportation,Lopezborough,Netherlands,2021-05-04,1
20227816,58,1038,7,60,9,5,2,3476.11,2528.23,947.88,3351.82,3779.28,P0058,Sensors Product 58,Sensors,250,741,C01038,"Lawrence, Nelson and Lucas",Distributor,Manufacturing,Marychester,Sweden,2019-04-25,1
20233430,139,2320,8,16,9,3,19,4702.88,4101.85,601.03,4858.72,4775.09,P0139,Filtration Product 139,Filtration,167,1000,C02320,Oliver-Davis,Fleet,Transportation,North Kristinafurt,Netherlands,2018-06-06,1
20237854,159,1533,3,83,4,3,10,1419.38,1097.33,322.05,1412.33,1524.72,P0159,Filtration Product 159,Filtration,180,372,C01533,Sutton-Anderson,OEM,Manufacturing,Barreramouth,Germany,2017-07-17,1
20226679,345,2449,1,106,3,4,12,4095.11,3353.09,742.02,3917.97,4439.91,P0345,Electronics Product 345,Electronics,104,632,C02449,"Patterson, Harris and Johnson",Distributor,Manufacturing,South Kellyfurt,Poland,2020-02-28,1
20244382,458,1307,8,6,10,4,2,139.26,101.46,37.8,132.36,151.23,P0458,Sensors Product 458,Sensors,64,799,C01307,Long LLC,Fleet,Automotive,Lake Jennifer,Austria,2025-11-10,1
20261071,375,3550,5,9,1,2,9,3245.16,2419.72,825.44,3251.33,3536.06,P0375,Electronics Product 375,Electronics,53,145,C03550,"Hester, Johnson and Evans",Fleet,Manufacturing,Parkerview,Netherlands,2020-03-06,1
20251273,101,213,1,26,4,1,16,2643.71,1965.73,677.98,2562.03,2856.68,P0101,Turbochargers Product 101,Turbochargers,215,334,C00213,Burgess PLC,Fleet,Manufacturing,Barbarafurt,Austria,2024-05-27,1
20256390,170,2555,9,105,9,3,15,1471.66,1045.67,425.99,1461.08,1592.41,P0170,Fuel Systems Product 170,Fuel Systems,339,713,C02555,"Odom, Stone and Norman",Distributor,Manufacturing,West Jonathan,Poland,2018-02-15,1
20224344,30,414,3,4,4,4,5,2108.25,1498.83,609.42,2056.81,2285.2,P0030,Aftertreatment Product 30,Aftertreatment,124,141,C00414,Best PLC,Fleet,Manufacturing,Garymouth,Belgium,2019-03-10,1
20254269,228,1147,1,36,2,3,7,3619.01,2694.34,924.67,3506.47,3470.55,P0228,Filtration Product 228,Filtration,197,732,C01147,Sanders Ltd,Distributor,Manufacturing,Reynoldsmouth,Germany,2022-02-07,1
20259297,7,4678,3,69,10,1,1,2559.49,1627.06,932.43,2433.24,2659.49,P0007,Sensors Product 7,Sensors,349,969,C04678,Moran-Sullivan,Distributor,Automotive,Jessicaville,Sweden,2024-12-02,1
20227543,43,2703,1,110,8,3,17,2441.52,2152.69,288.83,2384.02,2487.09,P0043,Turbochargers Product 43,Turbochargers,303,322,C02703,Lopez LLC,OEM,Automotive,New Barbaraland,Netherlands,2024-09-03,1
20257590,150,2057,10,48,9,2,17,3475.78,2995.21,480.57,3336.28,3769.67,P0150,Sensors Product 150,Sensors,296,856,C02057,Rodriguez Ltd,OEM,Transportation,Olsonland,Belgium,2023-07-11,1
20255389,417,3799,6,37,7,2,18,1706.58,1457.78,248.8,1790.12,1632.19,P0417,Fuel Systems Product 417,Fuel Systems,346,907,C03799,French and Sons,OEM,Automotive,Murphyhaven,Spain,2024-10-08,1
20234936,324,3954,6,5,9,4,7,192.02,159.56,32.46,192.58,205.99,P0324,Fuel Systems Product 324,Fuel Systems,310,610,C03954,Walls-Boone,Fleet,Automotive,North Amanda,Spain,2026-06-08,1
20229714,409,1995,4,26,1,3,7,3240.18,2369.97,870.21,3260.04,3435.85,P0409,Aftertreatment Product 409,Aftertreatment,58,859,C01995,Holmes Group,OEM,Manufacturing,Justinborough,Belgium,2022-03-02,1
20222853,250,3568,7,27,7,1,5,673.74,589.32,84.42,689.18,730.14,P0250,Filtration Product 250,Filtration,54,887,C03568,"Edwards, Lee and Riley",Distributor,Transportation,Michaelfurt,France,2021-03-07,1
20234533,295,2217,4,31,6,3,11,1641.18,1155.84,485.34,1612.88,1669.6,P0295,Sensors Product 295,Sensors,177,878,C02217,Mcclure-Brewer,OEM,Transportation,Williamhaven,Germany,2018-01-17,1
20233496,258,671,9,45,7,1,19,3926.74,3082.54,844.2,4094.14,4129.5,P0258,Filtration Product 258,Filtration,160,553,C00671,Lee-Hall,Distributor,Automotive,North Harold,Italy,2022-11-24,1
20244070,417,4107,9,85,5,3,9,3519.44,2903.72,615.72,3584.37,3557.1,P0417,Fuel Systems Product 417,Fuel Systems,346,907,C04107,"Gallagher, Schmidt and Rollins",Fleet,Automotive,Clarkberg,Poland,2019-03-29,1
20231061,130,2382,3,88,5,5,8,4959.76,4362.29,597.47,5020.76,5340.7,P0130,Cooling Systems Product 130,Cooling Systems,452,145,C02382,Wilson-Lowe,OEM,Transportation,Brownfort,Poland,2020-08-25,1
20231919,431,4917,8,113,1,2,14,3902.13,2783.61,1118.52,4021.34,3868.15,P0431,Fuel Systems Product 431,Fuel Systems,367,503,C04917,Lynn LLC,Distributor,Transportation,Skinnershire,Germany,2019-04-24,1
20227453,27,4155,6,76,3,3,18,3964.17,3562.6,401.57,4026.5,4030.39,P0027,Sensors Product 27,Sensors,402,926,C04155,Welch Group,Distributor,Automotive,East Loristad,Spain,2026-06-01,1
20237164,351,568,6,92,3,4,19,2647.34,1924.97,722.37,2534.93,2588.28,P0351,Fuel Systems Product 351,Fuel Systems,369,435,C00568,"Williams, Richards and Hess",Distributor,Automotive,Goldentown,Italy,2023-11-01,1
20243894,400,4806,3,46,2,2,15,658.02,484.32,173.7,636.5,627.17,P0400,Fuel Systems Product 400,Fuel Systems,344,103,C04806,Davis and Sons,Distributor,Manufacturing,Castillomouth,Belgium,2022-01-07,1
20260055,479,2869,8,29,8,4,9,2667.92,1828.78,839.14,2625.01,2574.13,P0479,Sensors Product 479,Sensors,332,781,C02869,Howard and Sons,Distributor,Automotive,East Jacquelineburgh,France,2024-02-28,1
20235914,493,3399,4,107,4,5,5,2748.81,1737.79,1011.02,2840.5,2964.24,P0493,Fuel Systems Product 493,Fuel Systems,201,213,C03399,Bautista Inc,Fleet,Transportation,East Jacqueline,Netherlands,2019-01-11,1
20258242,221,4709,10,55,1,2,14,750.56,641.84,108.72,758.95,723.89,P0221,Cooling Systems Product 221,Cooling Systems,468,573,C04709,Weiss LLC,Distributor,Manufacturing,Kennethfurt,Germany,2026-03-04,1
20251354,276,4788,2,26,1,3,19,511.68,406.2,105.48,494.53,561.79,P0276,Sensors Product 276,Sensors,475,986,C04788,Paul Group,Distributor,Automotive,South Maryland,Poland,2021-01-11,1
20242316,434,4734,7,60,4,4,6,4076.49,2639.18,1437.31,3953.25,4337.62,P0434,Sensors Product 434,Sensors,70,783,C04734,"Johnson, Marsh and Hensley",OEM,Automotive,Whiteville,Austria,2020-06-08,1
20259434,305,3883,4,71,1,3,13,1952.99,1480.69,472.3,1896.97,1859.23,P0305,Turbochargers Product 305,Turbochargers,461,501,C03883,Munoz Inc,Fleet,Automotive,Jacksonville,Netherlands,2019-01-15,1
20236332,500,2626,4,31,7,5,4,3302.8,2774.66,528.14,3457.96,3139.95,P0500,Cooling Systems Product 500,Cooling Systems,497,280,C02626,Trevino LLC,OEM,Transportation,West Alanland,France,2026-07-21,1
20226868,494,4518,2,43,7,5,19,3903.88,3255.63,648.25,3952.08,4211.89,P0494,Turbochargers Product 494,Turbochargers,491,324,C04518,Moore-Thomas,Distributor,Automotive,Christopherside,Germany,2018-11-02,1
20254295,275,107,5,31,5,3,2,4050.7,3462.05,588.65,4144.54,4381.18,P0275,Electronics Product 275,Electronics,69,802,C00107,Gonzales-Wright,Distributor,Transportation,East Elizabeth,Poland,2018-06-07,1
20227344,249,1855,9,81,4,4,18,774.62,642.0,132.62,811.34,757.09,P0249,Fuel Systems Product 249,Fuel Systems,135,790,C01855,Bryant PLC,Distributor,Transportation,Wrighthaven,Italy,2025-10-07,1
20258622,82,2636,9,57,7,1,8,999.88,799.6,200.28,1008.73,1010.1,P0082,Sensors Product 82,Sensors,452,363,C02636,Parks Group,OEM,Manufacturing,Port Jessica,France,2017-05-24,1
20221020,146,513,2,31,4,4,13,2796.45,2018.99,777.46,2804.63,2824.24,P0146,Fuel Systems Product 146,Fuel Systems,401,816,C00513,"Franklin, Taylor and Henderson",Distributor,Transportation,Ramirezville,Spain,2022-04-22,1
20256774,94,4241,4,57,1,5,5,4651.63,4082.66,568.97,4692.46,4711.69,P0094,Aftertreatment Product 94,Aftertreatment,214,964,C04241,"Lambert, Long and Moore",Distributor,Manufacturing,Westfurt,Netherlands,2023-09-28,1
20247210,226,4834,8,7,9,4,8,158.73,123.6,35.13,160.81,170.52,P0226,Sensors Product 226,Sensors,473,523,C04834,Webb LLC,Fleet,Manufacturing,Bautistamouth,Poland,2019-12-16,1
20245209,358,515,2,47,10,4,5,4692.1,3122.51,1569.59,4718.64,4514.78,P0358,Electronics Product 358,Electronics,297,764,C00515,Phillips PLC,Distributor,Manufacturing,Reyesport,Austria,2024-01-31,1
20239951,89,2883,5,34,8,1,15,3006.68,1915.85,1090.83,2924.98,3293.26,P0089,Sensors Product 89,Sensors,93,629,C02883,Stone-Woodward,OEM,Automotive,East Randallview,Spain,2026-07-25,1
20221493,432,182,7,60,5,2,2,3075.76,2084.39,991.37,3066.27,3292.11,P0432,Aftertreatment Product 432,Aftertreatment,144,546,C00182,Burnett Inc,OEM,Automotive,Allentown,Germany,2022-05-31,1
20227498,458,212,7,74,7,4,1,1226.8,1033.2,193.6,1269.14,1201.98,P0458,Sensors Product 458,Sensors,64,799,C00212,Mcbride-Rivera,OEM,Automotive,Port Lisastad,Italy,2021-07-24,1
20252506,439,4986,6,34,2,4,9,3553.3,2405.93,1147.37,3703.59,3693.1,P0439,Filtration Product 439,Filtration,399,853,C04986,Mora LLC,OEM,Transportation,East Jesseland,Netherlands,2019-02-11,1
20237567,32,2362,7,49,7,4,17,1871.8,1149.07,722.73,1873.15,1975.36,P0032,Cooling Systems Product 32,Cooling Systems,124,192,C02362,"Patterson, Bradley and Miller",Fleet,Transportation,North Savannahton,Austria,2017-06-13,1
20230561,334,1604,9,56,5,4,9,4835.03,3743.39,1091.64,4681.48,4677.37,P0334,Electronics Product 334,Electronics,212,536,C01604,"Roberts, Taylor and Rodriguez",OEM,Transportation,West Amandamouth,Poland,2023-05-08,1
20236276,330,3616,3,17,2,4,4,2423.26,1472.46,950.8,2428.64,2484.5,P0330,Electronics Product 330,Electronics,71,949,C03616,Gomez Group,Fleet,Automotive,Gabriellachester,Netherlands,2020-02-19,1
20243749,321,2530,6,34,2,5,11,4442.65,3592.43,850.22,4508.38,4325.41,P0321,Cooling Systems Product 321,Cooling Systems,340,488,C02530,Hutchinson-Smith,OEM,Automotive,Willisland,Belgium,2017-02-15,1
20232616,61,3775,1,47,4,3,16,1110.49,683.71,426.78,1060.18,1164.97,P0061,Turbochargers Product 61,Turbochargers,365,974,C03775,"Dillon, Grant and Foster",Fleet,Manufacturing,New Sheila,Netherlands,2017-07-22,1
20260955,285,124,8,83,8,1,16,2315.53,1504.81,810.72,2297.45,2536.79,P0285,Turbochargers Product 285,Turbochargers,252,155,C00124,Hart-Sanders,Fleet,Transportation,Lake Brian,France,2017-10-31,1
20245066,31,2839,8,89,4,2,15,194.14,144.72,49.42,190.56,210.2,P0031,Sensors Product 31,Sensors,178,855,C02839,"Hernandez, Thompson and Stephenson",Fleet,Manufacturing,New Jason,Germany,2023-07-03,1
20244868,356,4522,1,47,10,3,20,230.84,195.43,35.41,237.67,244.04,P0356,Filtration Product 356,Filtration,250,324,C04522,Jones Group,Fleet,Transportation,South Mikaylaton,Germany,2026-02-08,1
20260336,192,1176,9,83,10,3,14,2734.06,2004.95,729.11,2868.16,2645.34,P0192,Sensors Product 192,Sensors,76,900,C01176,Kelley-Rivas,Fleet,Transportation,Williamsberg,Netherlands,2025-11-26,1
20226922,205,1092,8,11,2,5,13,3083.36,2026.21,1057.15,3061.35,3257.0,P0205,Sensors Product 205,Sensors,355,908,C01092,"Rowe, Garrison and Camacho",OEM,Automotive,Sandersbury,Spain,2023-12-12,1
20246545,230,2014,1,38,9,3,12,4321.56,3680.38,641.18,4474.12,4226.01,P0230,Sensors Product 230,Sensors,356,451,C02014,"Morton, Brown and Coffey",OEM,Automotive,West Eugene,Italy,2020-07-04,1
20237923,389,1140,8,48,6,4,1,2677.37,1910.81,766.56,2573.13,2840.02,P0389,Aftertreatment Product 389,Aftertreatment,339,386,C01140,"Elliott, Wolf and Hall",Distributor,Transportation,Carterfort,Sweden,2021-05-04,1
20258337,364,4053,6,110,9,5,8,590.84,389.7,201.14,596.23,604.93,P0364,Sensors Product 364,Sensors,242,217,C04053,Ayers LLC,Fleet,Transportation,Chavezchester,Austria,2017-08-08,1
20252809,386,3483,7,21,9,1,3,1085.32,837.48,247.84,1038.07,1092.12,P0386,Cooling Systems Product 386,Cooling Systems,112,448,C03483,Oneill PLC,Fleet,Automotive,South Derekfort,Netherlands,2022-06-15,1
20249855,387,1977,2,84,7,5,19,1350.99,1047.81,303.18,1320.76,1461.09,P0387,Fuel Systems Product 387,Fuel Systems,99,119,C01977,Norris-Cook,Distributor,Automotive,Port Michael,France,2023-10-08,1
20245091,373,615,2,30,7,4,1,1654.95,1414.46,240.49,1605.15,1784.78,P0373,Aftertreatment Product 373,Aftertreatment,170,200,C00615,Velasquez-Hawkins,Fleet,Manufacturing,Walshhaven,Netherlands,2024-02-23,1
20222329,145,2212,4,30,2,5,7,3833.57,2375.64,1457.93,3986.7,4095.33,P0145,Turbochargers Product 145,Turbochargers,254,255,C02212,Vargas-Graham,OEM,Transportation,Matthewsburgh,Italy,2025-10-31,1
20247704,1,2036,1,41,7,3,4,158.73,109.41,49.32,155.1,152.56,P0001,Cooling Systems Product 1,Cooling Systems,339,166,C02036,"Jones, Valentine and Wood",Distributor,Automotive,South Nicolas,Italy,2019-11-15,1
20239751,204,1680,1,91,8,4,14,2556.43,1901.36,655.07,2510.22,2596.05,P0204,Filtration Product 204,Filtration,430,301,C01680,Johnson PLC,Fleet,Manufacturing,Wilsonland,Sweden,2021-01-24,1
20227704,421,77,8,14,5,1,5,267.25,173.65,93.6,280.04,263.7,P0421,Sensors Product 421,Sensors,88,105,C00077,Gay and Sons,Distributor,Automotive,Jameston,Sweden,2019-03-07,1
20233891,170,290,10,92,10,2,16,3404.8,2290.09,1114.71,3290.8,3719.14,P0170,Fuel Systems Product 170,Fuel Systems,339,713,C00290,"Mccoy, Elliott and Bennett",OEM,Automotive,Robertmouth,Germany,2018-11-07,1
20254526,466,3989,5,100,10,1,17,2084.47,1330.77,753.7,2174.32,2075.68,P0466,Electronics Product 466,Electronics,346,745,C03989,Valdez-Warner,OEM,Automotive,Roberttown,Sweden,2018-12-19,1
20247672,455,1942,10,81,10,3,11,3269.75,2880.53,389.22,3244.46,3130.15,P0455,Fuel Systems Product 455,Fuel Systems,304,983,C01942,"Charles, Taylor and Hanson",OEM,Automotive,Mccormickberg,Sweden,2020-07-16,1
20244804,407,2075,5,17,6,5,6,179.38,127.46,51.92,178.81,176.31,P0407,Aftertreatment Product 407,Aftertreatment,268,118,C02075,Spencer Ltd,Fleet,Automotive,West Anthony,Italy,2025-02-22,1
20254051,461,4912,4,59,7,3,8,4931.32,3513.03,1418.29,4807.74,4699.42,P0461,Fuel Systems Product 461,Fuel Systems,267,237,C04912,Wyatt-Gonzalez,Distributor,Transportation,Amandatown,Spain,2017-08-16,1
20232788,222,3011,10,1,2,5,17,4085.23,3079.15,1006.08,4280.56,4247.38,P0222,Cooling Systems Product 222,Cooling Systems,375,952,C03011,"Davis, Rodriguez and Reid",OEM,Transportation,Port Douglaston,Austria,2016-12-02,1
20246426,301,1693,4,92,7,3,9,881.66,705.59,176.07,838.84,947.91,P0301,Electronics Product 301,Electronics,269,697,C01693,Johnson Group,OEM,Automotive,South Scott,Belgium,2020-06-04,1
20227122,210,4070,2,79,3,2,17,3251.91,2901.81,350.1,3387.7,3536.3,P0210,Sensors Product 210,Sensors,381,886,C04070,Murphy PLC,Distributor,Transportation,South Gregory,Italy,2017-06-15,1
20230284,165,4539,3,97,7,1,9,3629.89,3251.04,378.85,3622.79,3811.25,P0165,Turbochargers Product 165,Turbochargers,126,845,C04539,"Wagner, Davis and Martinez",Fleet,Automotive,Caldwellview,Italy,2022-08-29,1
20229290,150,604,1,4,4,1,6,2557.65,1861.48,696.17,2598.47,2531.32,P0150,Sensors Product 150,Sensors,296,856,C00604,Russo-Mckinney,OEM,Automotive,New Anaton,Netherlands,2022-02-18,1
20230155,44,3439,6,52,3,4,17,1657.02,1204.22,452.8,1716.88,1762.28,P0044,Electronics Product 44,Electronics,254,373,C03439,"Thompson, Moran and Webster",OEM,Manufacturing,South Eric,Belgium,2018-01-28,1
20232471,86,1837,1,103,8,3,19,481.34,302.98,178.36,462.92,520.1,P0086,Filtration Product 86,Filtration,290,692,C01837,"Thomas, Davis and Avery",OEM,Manufacturing,Williamsfort,Spain,2026-01-19,1
20250891,316,4227,5,89,8,4,13,3492.96,2516.09,976.87,3648.09,3516.23,P0316,Aftertreatment Product 316,Aftertreatment,412,807,C04227,"Bond, Allen and Collins",Distributor,Manufacturing,Jamesburgh,France,2020-05-03,1
20243603,455,3126,10,42,3,5,18,681.45,456.96,224.49,712.2,674.29,P0455,Fuel Systems Product 455,Fuel Systems,304,983,C03126,Payne and Sons,Fleet,Automotive,Baileystad,Austria,2019-01-21,1
20245423,289,1436,6,68,5,3,5,2137.24,1614.64,522.6,2130.45,2282.27,P0289,Fuel Systems Product 289,Fuel Systems,169,373,C01436,Evans Inc,Fleet,Manufacturing,Jacobsport,Italy,2024-09-09,1
20255380,159,2985,5,76,8,3,20,239.59,146.97,92.62,240.45,227.92,P0159,Filtration Product 159,Filtration,180,372,C02985,Peters and Sons,Fleet,Automotive,Port Jessemouth,Poland,2016-09-21,1
20255306,469,1155,7,62,2,2,9,3203.98,2759.82,444.16,3116.03,3480.89,P0469,Turbochargers Product 469,Turbochargers,275,157,C01155,"Curtis, Gaines and Robinson",Fleet,Manufacturing,Sarahton,France,2018-02-27,1
20223404,429,221,9,114,6,2,16,728.39,630.42,97.97,749.41,736.31,P0429,Aftertreatment Product 429,Aftertreatment,463,540,C00221,"Lewis, Washington and Cox",Fleet,Transportation,New Janet,France,2017-10-07,1
20256517,262,3911,3,11,8,4,11,1611.82,1266.41,345.41,1683.1,1550.96,P0262,Fuel Systems Product 262,Fuel Systems,206,497,C03911,Hess and Sons,Distributor,Transportation,North Timothy,Italy,2025-04-29,1
20258879,110,4471,6,88,3,5,7,2375.34,1655.5,719.84,2322.81,2404.28,P0110,Electronics Product 110,Electronics,272,303,C04471,Salazar and Sons,OEM,Automotive,Amandaville,Austria,2019-08-27,1
20231694,397,2430,3,39,1,4,3,3341.45,2803.38,538.07,3427.43,3357.62,P0397,Fuel Systems Product 397,Fuel Systems,173,384,C02430,"Avery, Nguyen and Patton",Fleet,Manufacturing,North Aaronmouth,Germany,2022-03-16,1
20227003,488,2963,5,79,6,4,19,4625.02,3947.49,677.53,4822.64,4841.23,P0488,Filtration Product 488,Filtration,167,240,C02963,Salazar LLC,OEM,Transportation,Hartstad,France,2017-06-03,1
20223441,95,2750,3,116,7,5,4,2124.18,1896.63,227.55,2023.67,2241.31,P0095,Aftertreatment Product 95,Aftertreatment,466,868,C02750,Sutton-Blake,Fleet,Transportation,Port Erica,Austria,2019-05-19,1
20243089,8,1292,3,8,1,4,2,2824.02,2361.27,462.75,2950.18,3088.79,P0008,Turbochargers Product 8,Turbochargers,408,245,C01292,Taylor-Hughes,Fleet,Transportation,West Ronald,Belgium,2022-07-12,1
20228582,218,3668,7,33,9,5,7,2972.68,2015.29,957.39,2836.32,3199.68,P0218,Fuel Systems Product 218,Fuel Systems,416,430,C03668,Doyle Group,Distributor,Automotive,Valenzuelahaven,Italy,2017-09-03,1
20226403,279,478,3,24,9,3,4,830.2,525.02,305.18,792.18,906.45,P0279,Turbochargers Product 279,Turbochargers,196,110,C00478,Gonzalez-Blackburn,Distributor,Automotive,Josephberg,Sweden,2023-02-14,1
20227318,269,561,9,25,5,4,8,2943.77,2233.44,710.33,3064.11,2959.44,P0269,Filtration Product 269,Filtration,473,207,C00561,Hardin-Stewart,Fleet,Transportation,East Karachester,Poland,2022-01-31,1
20248372,104,1356,6,93,8,1,4,4479.49,2931.73,1547.76,4537.46,4746.11,P0104,Sensors Product 104,Sensors,395,283,C01356,"Brown, Collins and Lawson",Fleet,Transportation,Carlaview,Belgium,2018-02-06,1
20228373,125,2467,2,110,8,5,12,4028.71,3258.5,770.21,4229.36,3870.69,P0125,Turbochargers Product 125,Turbochargers,437,990,C02467,Lewis Group,OEM,Manufacturing,New Anthonyshire,France,2021-10-22,1
20245711,397,430,3,52,1,5,20,734.27,561.91,172.36,748.27,772.0,P0397,Fuel Systems Product 397,Fuel Systems,173,384,C00430,Clark-Boyd,Fleet,Automotive,Port Jeffreyville,France,2025-12-27,1
20231292,433,4748,1,114,1,2,12,4647.06,3626.89,1020.17,4461.53,4781.46,P0433,Turbochargers Product 433,Turbochargers,231,779,C04748,"Colon, Salazar and Mcintyre",OEM,Manufacturing,Andrewstown,Germany,2016-10-29,1
20247918,299,3741,9,72,2,2,13,3031.12,2155.26,875.86,2991.36,2927.36,P0299,Sensors Product 299,Sensors,234,391,C03741,Kennedy-Moore,Distributor,Automotive,West Alyssahaven,Spain,2025-10-27,1
20253699,407,3077,9,36,7,2,11,4968.01,3861.0,1107.01,4825.91,5309.77,P0407,Aftertreatment Product 407,Aftertreatment,268,118,C03077,"Gomez, Nielsen and Marshall",OEM,Automotive,Nguyenside,Italy,2017-09-07,1
20241173,132,2819,2,93,5,4,15,2894.09,2332.39,561.7,2842.05,3034.77,P0132,Electronics Product 132,Electronics,363,596,C02819,Thornton-Nguyen,Fleet,Automotive,Brittanyport,Belgium,2020-02-14,1
20252843,217,3310,4,117,10,1,4,4782.34,3814.17,968.17,4738.77,5260.57,P0217,Turbochargers Product 217,Turbochargers,436,835,C03310,Brock Inc,OEM,Transportation,Josephbury,Netherlands,2017-01-14,1
20225887,187,2852,9,5,3,5,10,3739.06,3142.3,596.76,3771.35,3888.66,P0187,Fuel Systems Product 187,Fuel Systems,253,517,C02852,Leach-Maldonado,Fleet,Transportation,Jenkinsview,Austria,2022-02-07,1
20255268,141,3438,8,112,5,1,19,2159.38,1926.91,232.47,2075.43,2063.36,P0141,Aftertreatment Product 141,Aftertreatment,150,465,C03438,Miller-Campbell,Fleet,Transportation,East Tracy,Italy,2021-02-24,1
20243053,498,3751,2,99,7,3,14,4938.93,3183.69,1755.24,4886.91,5380.73,P0498,Fuel Systems Product 498,Fuel Systems,235,606,C03751,Schroeder-Mccall,Fleet,Automotive,Williamberg,Sweden,2018-08-11,1
20250892,440,4119,7,88,7,5,12,4192.69,3320.03,872.66,4059.99,4089.78,P0440,Sensors Product 440,Sensors,382,762,C04119,Wilkinson-Williamson,Fleet,Transportation,New Markview,Belgium,2018-04-25,1
20228228,402,1987,9,80,5,5,13,4311.02,3243.33,1067.69,4276.96,4359.17,P0402,Sensors Product 402,Sensors,229,502,C01987,Blair-Clements,Distributor,Transportation,Mayview,Belgium,2021-02-20,1
20260619,402,135,10,5,4,4,9,3119.45,2505.19,614.26,3226.97,3137.03,P0402,Sensors Product 402,Sensors,229,502,C00135,Norton and Sons,OEM,Manufacturing,Karenhaven,Sweden,2023-04-27,1
20245848,54,3073,10,94,7,3,6,2871.11,2357.81,513.3,2782.93,3036.1,P0054,Electronics Product 54,Electronics,301,825,C03073,Reyes Inc,OEM,Automotive,Rebeccahaven,Sweden,2022-10-14,1
20252839,345,1343,8,8,6,2,2,1612.19,1016.76,595.43,1662.43,1628.33,P0345,Electronics Product 345,Electronics,104,632,C01343,Hamilton Ltd,OEM,Automotive,South Patricia,Austria,2018-07-31,1
20234589,373,3809,10,108,3,5,8,2156.71,1760.88,395.83,2254.73,2298.12,P0373,Aftertreatment Product 373,Aftertreatment,170,200,C03809,Vargas Inc,Distributor,Transportation,Gilmoremouth,Poland,2021-03-19,1
20258748,307,3815,5,8,2,2,12,1291.72,826.75,464.97,1276.16,1380.48,P0307,Fuel Systems Product 307,Fuel Systems,324,670,C03815,Rogers-Bailey,Fleet,Automotive,Tammyview,Sweden,2022-01-08,1
20242321,284,3602,6,47,3,1,16,1934.3,1590.9,343.4,1999.73,2049.95,P0284,Cooling Systems Product 284,Cooling Systems,378,813,C03602,"Brown, Case and Johns",Fleet,Manufacturing,South Tammy,Italy,2025-12-01,1
20241725,310,3539,9,28,5,5,5,1644.14,1361.96,282.18,1645.51,1745.99,P0310,Filtration Product 310,Filtration,299,806,C03539,Sellers-Smith,Distributor,Automotive,Lake Ashleyland,France,2019-05-17,1
20233539,310,3977,9,93,9,4,3,3819.41,3069.45,749.96,3704.37,3639.21,P0310,Filtration Product 310,Filtration,299,806,C03977,Olson-Smith,Fleet,Automotive,Sarahmouth,Belgium,2018-11-24,1
20246118,200,1902,10,57,6,3,1,2532.97,2000.04,532.93,2492.2,2450.38,P0200,Electronics Product 200,Electronics,57,195,C01902,Hill-Villa,Fleet,Manufacturing,Nicholasburgh,Poland,2020-01-28,1
20238623,273,808,3,96,7,3,5,2572.69,2012.16,560.53,2502.98,2647.7,P0273,Electronics Product 273,Electronics,359,829,C00808,"Morris, Cordova and Ortiz",OEM,Manufacturing,North Steventown,Spain,2021-11-01,1
20234444,283,262,4,36,4,4,5,2798.37,2077.95,720.42,2758.17,2777.51,P0283,Electronics Product 283,Electronics,313,844,C00262,"Salinas, Green and Morgan",OEM,Automotive,Collinsside,France,2020-10-13,1
20246988,367,4637,2,95,9,1,15,3716.43,2450.78,1265.65,3765.99,3558.49,P0367,Sensors Product 367,Sensors,144,431,C04637,Scott-Nelson,Fleet,Manufacturing,New Andreachester,Netherlands,2017-11-10,1
20221526,167,4796,4,10,5,4,18,889.1,735.29,153.81,928.67,913.39,P0167,Fuel Systems Product 167,Fuel Systems,235,341,C04796,"Gonzalez, Sullivan and Franco",Fleet,Automotive,Ronaldstad,Germany,2023-03-19,1
20224929,71,3228,9,95,7,3,11,3443.52,2840.72,602.8,3316.72,3633.13,P0071,Fuel Systems Product 71,Fuel Systems,497,663,C03228,Nixon Ltd,OEM,Manufacturing,North Kristina,Austria,2019-10-11,1
20246566,323,3570,10,21,6,5,16,3696.81,2487.55,1209.26,3513.04,3876.98,P0323,Sensors Product 323,Sensors,450,646,C03570,"Walsh, Francis and Jones",Distributor,Transportation,Whitetown,Netherlands,2022-03-29,1
20258901,433,2418,1,98,8,5,7,1732.34,1147.96,584.38,1716.71,1819.73,P0433,Turbochargers Product 433,Turbochargers,231,779,C02418,Dunlap-Coleman,Distributor,Manufacturing,Randolphmouth,Poland,2023-09-06,1
20253998,467,1022,8,101,1,3,4,2940.11,2596.19,343.92,2985.92,2892.37,P0467,Aftertreatment Product 467,Aftertreatment,451,174,C01022,"Martin, Watson and Kline",OEM,Automotive,East Ashleyville,Sweden,2017-02-03,1
20260740,433,3337,3,11,3,2,6,857.37,527.32,330.05,814.91,848.86,P0433,Turbochargers Product 433,Turbochargers,231,779,C03337,"Duke, Preston and Tucker",OEM,Automotive,South Patricktown,France,2024-01-30,1
20225303,67,4877,6,9,10,5,16,2387.46,1891.1,496.36,2432.06,2539.88,P0067,Turbochargers Product 67,Turbochargers,160,257,C04877,Johnson PLC,Fleet,Transportation,Port Jennifer,Netherlands,2018-07-17,1
20254227,147,369,5,87,8,3,16,1427.11,1207.18,219.93,1387.41,1500.65,P0147,Sensors Product 147,Sensors,54,359,C00369,Harvey-Ortiz,Distributor,Automotive,Moorefurt,Germany,2020-10-06,1
20234101,452,2585,2,46,1,2,8,3451.06,2184.51,1266.55,3353.45,3590.4,P0452,Aftertreatment Product 452,Aftertreatment,397,753,C02585,Warren LLC,OEM,Manufacturing,Brendaside,Sweden,2024-10-16,1
20230513,415,104,5,116,3,1,9,1915.07,1721.6,193.47,1860.11,2035.01,P0415,Fuel Systems Product 415,Fuel Systems,482,931,C00104,Navarro-Zhang,Distributor,Transportation,New Robert,Germany,2018-08-08,1
20257486,81,562,1,69,8,1,5,1055.85,940.33,115.52,1103.93,1113.05,P0081,Cooling Systems Product 81,Cooling Systems,246,679,C00562,"Frederick, Parrish and Black",OEM,Transportation,New Christinaton,Austria,2019-07-01,1
20227594,491,1074,9,108,3,1,16,3746.32,2553.04,1193.28,3857.54,3806.94,P0491,Filtration Product 491,Filtration,377,254,C01074,"Perry, Cobb and Avery",OEM,Transportation,East Daniel,Austria,2016-11-20,1
20228574,80,255,8,24,4,3,5,3850.61,2497.71,1352.9,3807.59,4113.04,P0080,Aftertreatment Product 80,Aftertreatment,365,577,C00255,Scott PLC,Fleet,Manufacturing,Christopherport,Netherlands,2026-02-07,1
20221344,341,4817,2,74,5,4,1,4348.01,2662.57,1685.44,4470.67,4459.77,P0341,Aftertreatment Product 341,Aftertreatment,113,675,C04817,Koch-Duncan,Fleet,Manufacturing,Port Christopherton,Spain,2017-03-27,1
20221587,268,1073,7,10,8,2,5,4636.97,2820.71,1816.26,4807.48,4421.01,P0268,Sensors Product 268,Sensors,491,116,C01073,Anderson and Sons,Distributor,Automotive,Port Melinda,Italy,2019-02-03,1
20243043,177,2441,2,116,10,3,12,4687.48,3067.31,1620.17,4827.87,4603.38,P0177,Turbochargers Product 177,Turbochargers,253,190,C02441,"Nielsen, Boone and Roberts",Fleet,Automotive,East Johnnyberg,Spain,2017-12-11,1
20257068,14,734,9,15,8,4,3,3240.73,2026.62,1214.11,3332.35,3280.49,P0014,Electronics Product 14,Electronics,120,660,C00734,Taylor PLC,Distributor,Transportation,Lake Brentborough,Germany,2018-01-25,1
20225114,499,302,1,115,10,3,7,4639.3,3226.05,1413.25,4438.91,4538.1,P0499,Turbochargers Product 499,Turbochargers,82,373,C00302,Brown and Sons,OEM,Transportation,Bestbury,Poland,2017-03-22,1
20244605,219,2038,1,118,4,3,12,587.71,428.07,159.64,574.94,597.7,P0219,Electronics Product 219,Electronics,469,530,C02038,Johnson PLC,Distributor,Transportation,Currychester,Italy,2024-12-31,1
20228275,335,2192,2,45,8,4,13,818.95,662.46,156.49,835.74,830.45,P0335,Cooling Systems Product 335,Cooling Systems,434,418,C02192,Johnson Inc,Distributor,Automotive,Andrademouth,Germany,2022-07-28,1
20240704,323,1729,9,90,8,3,4,2426.83,1529.87,896.96,2334.05,2665.68,P0323,Sensors Product 323,Sensors,450,646,C01729,Fuller-Bauer,OEM,Automotive,Lake Desireehaven,Belgium,2022-11-18,1
20248694,6,3184,4,15,4,2,13,1699.04,1360.77,338.27,1720.6,1655.69,P0006,Cooling Systems Product 6,Cooling Systems,345,257,C03184,Avery Inc,Fleet,Automotive,Williamburgh,Germany,2025-07-29,1
20252721,279,876,10,20,4,3,16,2551.92,1928.34,623.58,2554.73,2425.74,P0279,Turbochargers Product 279,Turbochargers,196,110,C00876,Lambert-Wright,Fleet,Manufacturing,Oconnellton,Italy,2018-03-20,1
20257420,229,1844,7,49,8,5,5,4006.41,3314.72,691.69,4148.93,3856.89,P0229,Cooling Systems Product 229,Cooling Systems,283,213,C01844,"Cochran, Marquez and Murray",OEM,Manufacturing,West Alex,Austria,2019-10-24,1
20261085,469,3376,9,79,7,1,2,4713.02,3789.74,923.28,4592.91,5174.78,P0469,Turbochargers Product 469,Turbochargers,275,157,C03376,Bruce-Jackson,OEM,Manufacturing,Hodgestown,Italy,2021-06-10,1
20235439,255,4838,3,67,4,3,12,204.54,171.61,32.93,205.45,202.86,P0255,Cooling Systems Product 255,Cooling Systems,66,596,C04838,"Ward, Wallace and Crawford",Distributor,Automotive,Port Michaela,Germany,2023-08-02,1
20246177,8,1217,10,83,7,2,2,3520.77,2215.98,1304.79,3598.87,3510.13,P0008,Turbochargers Product 8,Turbochargers,408,245,C01217,Waller-Mendoza,OEM,Automotive,Marystad,Germany,2024-10-19,1
20227382,26,2431,7,26,6,3,17,3647.23,2828.09,819.14,3512.75,3664.54,P0026,Fuel Systems Product 26,Fuel Systems,79,165,C02431,Marsh LLC,Fleet,Manufacturing,Jenniferland,Poland,2017-03-07,1
20254441,467,1730,8,39,7,5,6,1928.3,1453.84,474.46,2003.78,2076.3,P0467,Aftertreatment Product 467,Aftertreatment,451,174,C01730,"Ortega, Evans and Robles",Distributor,Manufacturing,South Jennifer,Spain,2021-01-22,1
20257654,285,142,4,119,6,4,2,1793.66,1175.54,618.12,1755.02,1738.55,P0285,Turbochargers Product 285,Turbochargers,252,155,C00142,"Mills, Myers and Bennett",Fleet,Transportation,Monicashire,France,2021-08-25,1
20229823,66,1222,7,67,1,1,9,1551.72,1361.19,190.53,1556.79,1489.67,P0066,Cooling Systems Product 66,Cooling Systems,227,616,C01222,Morris-Boyd,Distributor,Transportation,New Crystal,Poland,2023-04-19,1
20250151,431,1577,3,104,6,1,18,3609.68,2320.86,1288.82,3500.23,3627.16,P0431,Fuel Systems Product 431,Fuel Systems,367,503,C01577,"Whitney, Garner and Wade",Fleet,Transportation,Garciatown,Sweden,2021-12-01,1
20259049,488,4439,3,77,6,3,13,4501.71,4049.14,452.57,4495.6,4544.69,P0488,Filtration Product 488,Filtration,167,240,C04439,"Castillo, Hunter and Steele",Distributor,Manufacturing,Christinaview,Belgium,2018-04-17,1
20258850,127,3286,9,58,2,5,20,4732.38,3888.34,844.04,4539.44,4701.41,P0127,Aftertreatment Product 127,Aftertreatment,488,991,C03286,"Wells, Lewis and Chapman",Distributor,Manufacturing,East Madisonville,Spain,2016-11-15,1
20234888,331,112,4,41,5,2,2,3063.21,2234.7,828.51,3093.37,3273.99,P0331,Cooling Systems Product 331,Cooling Systems,438,820,C00112,Perez-Conway,Fleet,Transportation,East Blake,Austria,2016-11-04,1
20233953,80,4740,8,1,10,5,4,3533.89,2997.56,536.33,3691.52,3536.46,P0080,Aftertreatment Product 80,Aftertreatment,365,577,C04740,Davis and Sons,OEM,Automotive,Harmonmouth,Spain,2017-02-26,1
20259586,272,4690,5,46,8,5,2,1648.8,1037.94,610.86,1713.67,1680.84,P0272,Turbochargers Product 272,Turbochargers,361,817,C04690,Logan Inc,Distributor,Automotive,Vanessafurt,Netherlands,2019-02-10,1
20232772,478,2208,6,56,6,4,8,2944.13,1920.99,1023.14,3061.69,3147.72,P0478,Filtration Product 478,Filtration,181,926,C02208,Terry-Long,Distributor,Transportation,Greenport,Germany,2020-04-20,1
20239247,156,2226,1,81,8,4,11,1483.15,1274.81,208.34,1546.22,1542.8,P0156,Sensors Product 156,Sensors,455,484,C02226,Johnson-Yates,Fleet,Manufacturing,Lake Cody,Spain,2017-04-16,1
20224179,342,4713,6,81,4,4,7,2731.59,2290.76,440.83,2832.08,2697.92,P0342,Cooling Systems Product 342,Cooling Systems,304,613,C04713,"Parker, Matthews and Elliott",Fleet,Transportation,South Anthony,Spain,2024-11-08,1
20254497,437,2942,3,97,3,4,19,4413.57,2729.03,1684.54,4534.46,4447.13,P0437,Turbochargers Product 437,Turbochargers,415,793,C02942,Alvarez Group,Fleet,Transportation,North Elainechester,Poland,2025-04-04,1
20260417,248,4136,3,65,10,3,5,1642.71,1209.63,433.08,1569.25,1770.06,P0248,Electronics Product 248,Electronics,231,1000,C04136,"Butler, Freeman and Miller",OEM,Transportation,New Victoriaborough,Germany,2017-03-04,1
20238065,131,35,9,24,8,5,19,2459.14,1563.15,895.99,2505.77,2492.22,P0131,Turbochargers Product 131,Turbochargers,475,212,C00035,Rhodes PLC,Fleet,Automotive,Lake Kevin,Poland,2025-08-04,1
20258070,397,3877,10,52,1,2,19,523.85,331.36,192.49,499.19,573.45,P0397,Fuel Systems Product 397,Fuel Systems,173,384,C03877,Miller Ltd,Distributor,Manufacturing,Port Colton,Netherlands,2023-05-19,1
20236183,277,1564,5,9,8,4,2,3218.77,2332.28,886.49,3195.4,3361.91,P0277,Filtration Product 277,Filtration,372,298,C01564,Clark-Glenn,Fleet,Transportation,Larryburgh,Austria,2017-08-24,1
20240676,279,945,6,90,6,4,6,516.8,438.12,78.68,534.49,492.43,P0279,Turbochargers Product 279,Turbochargers,196,110,C00945,"Phillips, White and Hernandez",Distributor,Manufacturing,Crawfordborough,Belgium,2023-03-20,1
20243066,78,686,9,107,3,2,11,2763.99,2127.79,636.2,2728.47,2902.1,P0078,Turbochargers Product 78,Turbochargers,353,157,C00686,"Wallace, Weber and Buchanan",OEM,Manufacturing,Port Aprilview,Germany,2019-12-13,1
20234245,105,4144,7,25,1,5,3,1085.49,870.62,214.87,1084.34,1169.57,P0105,Filtration Product 105,Filtration,163,690,C04144,"Bruce, Cox and Clark",Distributor,Automotive,Hollandborough,Italy,2019-01-13,1
20228299,483,1382,4,115,3,3,12,1992.28,1324.0,668.28,1906.0,1922.28,P0483,Cooling Systems Product 483,Cooling Systems,190,504,C01382,Gonzales-Collins,OEM,Transportation,Lake Colleenstad,France,2022-01-15,1
20252998,161,3993,10,107,4,1,9,1630.18,1085.47,544.71,1568.09,1673.1,P0161,Turbochargers Product 161,Turbochargers,413,546,C03993,"Smith, Gates and Garcia",Distributor,Transportation,Yolandabury,Belgium,2026-05-16,1
20228686,477,2941,8,64,10,1,12,4289.22,2992.65,1296.57,4477.36,4531.03,P0477,Aftertreatment Product 477,Aftertreatment,143,204,C02941,Williams-Hanson,OEM,Manufacturing,South Andreaborough,Sweden,2022-04-24,1
20220505,282,3344,2,119,8,4,7,1664.66,1076.27,588.39,1679.07,1589.37,P0282,Sensors Product 282,Sensors,228,207,C03344,Howard PLC,Distributor,Transportation,Torresfort,Belgium,2019-12-14,1
20241853,278,4119,2,115,5,5,9,1016.03,810.38,205.65,999.24,993.34,P0278,Aftertreatment Product 278,Aftertreatment,153,148,C04119,Wilkinson-Williamson,Fleet,Transportation,New Markview,Belgium,2018-04-25,1
20256137,379,2208,8,32,3,5,20,4706.39,3820.38,886.01,4543.25,5052.65,P0379,Cooling Systems Product 379,Cooling Systems,221,917,C02208,Terry-Long,Distributor,Transportation,Greenport,Germany,2020-04-20,1
20224644,471,4970,2,110,4,3,4,3393.77,2669.46,724.31,3515.98,3388.26,P0471,Sensors Product 471,Sensors,496,390,C04970,"Morris, Miller and Flores",Fleet,Automotive,Lake Jennifer,Sweden,2024-06-22,1
20248720,497,423,8,59,9,3,15,2354.7,1523.94,830.76,2315.74,2382.94,P0497,Electronics Product 497,Electronics,217,126,C00423,"Black, Dixon and Mccoy",OEM,Manufacturing,Kimberlyton,Spain,2022-04-19,1
20239928,308,4589,7,63,9,3,11,4911.13,4147.68,763.45,4968.59,4880.23,P0308,Turbochargers Product 308,Turbochargers,154,702,C04589,"Curtis, Johnson and Walker",Distributor,Automotive,Port Michaelville,Belgium,2016-11-06,1
20225441,495,2897,8,18,3,5,6,3392.08,2280.16,1111.92,3478.1,3294.83,P0495,Electronics Product 495,Electronics,383,743,C02897,Faulkner Inc,Fleet,Manufacturing,Adammouth,Poland,2019-09-27,1
20230652,120,901,3,84,7,1,3,4037.92,3126.05,911.87,4033.3,4414.56,P0120,Cooling Systems Product 120,Cooling Systems,484,991,C00901,Hardy-Lambert,Distributor,Manufacturing,Angelafort,Poland,2025-05-19,1
20236882,163,2444,2,13,2,3,5,1859.17,1153.24,705.93,1947.64,1802.6,P0163,Sensors Product 163,Sensors,305,195,C02444,Gamble-Mcdonald,Fleet,Transportation,Hayestown,Spain,2016-10-18,1
20258223,1,3439,1,22,4,3,4,3484.28,2947.63,536.65,3639.85,3570.58,P0001,Cooling Systems Product 1,Cooling Systems,339,166,C03439,"Thompson, Moran and Webster",OEM,Manufacturing,South Eric,Belgium,2018-01-28,1
20249257,333,577,2,31,3,2,7,2755.36,2362.11,393.25,2696.48,2810.87,P0333,Aftertreatment Product 333,Aftertreatment,409,194,C00577,"Smith, Williams and Parker",OEM,Automotive,Sawyerfort,Netherlands,2020-10-07,1
20256225,247,3823,2,89,4,4,7,3764.92,2897.5,867.42,3883.09,3678.15,P0247,Aftertreatment Product 247,Aftertreatment,457,906,C03823,Johnson PLC,Distributor,Automotive,New Andrewborough,Germany,2018-12-14,1
20221598,234,4172,3,63,5,2,15,3686.17,2993.94,692.23,3532.43,3916.35,P0234,Filtration Product 234,Filtration,444,779,C04172,Gross and Sons,OEM,Automotive,West Williambury,Netherlands,2026-02-26,1
20245151,20,1100,5,62,10,3,17,3491.92,2225.72,1266.2,3623.01,3634.25,P0020,Turbochargers Product 20,Turbochargers,66,961,C01100,"Smith, Brewer and Hopkins",OEM,Manufacturing,Latashaton,Belgium,2019-08-18,1
20259961,247,941,1,91,6,3,9,3141.46,2329.22,812.24,3172.34,3109.14,P0247,Aftertreatment Product 247,Aftertreatment,457,906,C00941,Schneider-Chen,Fleet,Automotive,North Richard,Italy,2021-04-17,1
20238286,295,3891,4,10,7,2,12,1322.01,797.63,524.38,1304.76,1335.38,P0295,Sensors Product 295,Sensors,177,878,C03891,"Simmons, White and Strong",Fleet,Transportation,Sarahmouth,Austria,2023-02-01,1
20259467,31,1732,7,85,3,2,20,2682.24,1975.99,706.25,2651.35,2943.43,P0031,Sensors Product 31,Sensors,178,855,C01732,Morales-Ware,Distributor,Manufacturing,West Susan,Spain,2022-01-27,1
20253353,19,4317,3,43,4,4,20,2746.88,2139.55,607.33,2757.23,2787.78,P0019,Filtration Product 19,Filtration,481,705,C04317,"Green, Lawrence and Garcia",Distributor,Transportation,Debbieport,Belgium,2021-03-10,1
20259999,135,395,1,117,6,5,14,2114.62,1771.55,343.07,2104.86,2287.14,P0135,Turbochargers Product 135,Turbochargers,137,641,C00395,"White, Simmons and Gibson",OEM,Manufacturing,New Justinport,Spain,2022-02-08,1
20234386,166,4330,6,49,10,3,10,4662.82,3236.3,1426.52,4720.72,4732.13,P0166,Filtration Product 166,Filtration,399,723,C04330,Clay Group,Distributor,Transportation,North Jessicaside,Italy,2019-09-30,1
20243387,446,2791,4,59,8,4,15,273.25,189.77,83.48,263.9,271.65,P0446,Fuel Systems Product 446,Fuel Systems,211,595,C02791,Howard-Manning,Fleet,Transportation,Lake Taylorbury,Spain,2019-10-18,1
20245203,26,4856,8,114,10,2,20,2863.64,1976.0,887.64,2872.76,2917.08,P0026,Fuel Systems Product 26,Fuel Systems,79,165,C04856,Campbell-Gregory,Distributor,Transportation,Port Andrea,Sweden,2021-07-12,1
20254177,9,3074,5,64,7,2,17,4022.29,2962.62,1059.67,3936.94,4089.57,P0009,Sensors Product 9,Sensors,489,328,C03074,"Bennett, Hudson and Henry",Fleet,Automotive,Lake Davidmouth,Germany,2017-03-24,1
20232353,396,718,2,87,5,4,18,585.47,466.93,118.54,569.86,589.81,P0396,Turbochargers Product 396,Turbochargers,351,349,C00718,Lopez-Hebert,OEM,Manufacturing,Frankville,Poland,2023-06-22,1
20245384,2,3280,1,60,3,4,6,437.91,289.33,148.58,439.03,420.21,P0002,Aftertreatment Product 2,Aftertreatment,342,443,C03280,Dawson-Alvarez,Distributor,Manufacturing,Port Kimberlychester,Germany,2016-08-07,1
20259785,402,2657,3,119,10,4,18,3441.79,2795.73,646.06,3444.56,3645.81,P0402,Sensors Product 402,Sensors,229,502,C02657,Russell-Sims,OEM,Transportation,East Scott,Sweden,2016-12-23,1
20232250,262,4641,4,24,7,2,5,4272.53,2674.33,1598.2,4203.88,4225.08,P0262,Fuel Systems Product 262,Fuel Systems,206,497,C04641,Shepard-Boyd,Distributor,Manufacturing,New Travistown,Sweden,2019-03-20,1
20236187,221,1220,3,80,9,4,12,1872.29,1588.33,283.96,1892.04,1929.52,P0221,Cooling Systems Product 221,Cooling Systems,468,573,C01220,"Adams, Horton and Ayala",Distributor,Manufacturing,East Edward,Spain,2022-03-14,1
20227372,71,447,9,15,1,5,15,2939.75,2286.31,653.44,3004.75,2873.02,P0071,Fuel Systems Product 71,Fuel Systems,497,663,C00447,Brown LLC,Fleet,Manufacturing,Port Amy,Poland,2022-03-24,1
20256782,264,4271,9,50,3,4,20,2667.01,1983.71,683.3,2717.84,2856.47,P0264,Electronics Product 264,Electronics,85,333,C04271,Hopkins-Henderson,OEM,Automotive,North Tracy,Germany,2018-09-21,1
20258263,379,2331,5,90,1,1,14,3869.22,3381.71,487.51,4048.4,4001.71,P0379,Cooling Systems Product 379,Cooling Systems,221,917,C02331,"Thomas, Taylor and Levy",OEM,Manufacturing,Bonniefurt,France,2017-07-11,1
20251855,465,3887,7,106,3,4,2,3695.8,2799.43,896.37,3793.6,3756.02,P0465,Fuel Systems Product 465,Fuel Systems,52,135,C03887,"Mason, Garcia and Ward",Fleet,Automotive,Mahoneystad,Belgium,2022-01-11,1
20232016,494,4264,2,83,2,5,1,1779.03,1078.76,700.27,1791.9,1743.99,P0494,Turbochargers Product 494,Turbochargers,491,324,C04264,Lawson-Yu,Fleet,Manufacturing,Nunezfort,Belgium,2021-12-12,1
20245873,193,4251,2,79,9,2,13,1357.62,848.98,508.64,1326.21,1325.41,P0193,Turbochargers Product 193,Turbochargers,376,442,C04251,Costa-Rivers,Fleet,Manufacturing,North Jacqueline,Poland,2018-06-24,1
20245988,195,4576,5,116,10,1,19,424.46,370.29,54.17,404.71,412.4,P0195,Fuel Systems Product 195,Fuel Systems,417,373,C04576,Estrada LLC,OEM,Transportation,West Denise,France,2022-10-03,1
20230511,255,738,4,1,5,1,12,3224.18,2347.26,876.92,3133.2,3506.38,P0255,Cooling Systems Product 255,Cooling Systems,66,596,C00738,Gonzalez LLC,OEM,Automotive,East Andreborough,Poland,2018-07-23,1
20237922,498,4981,5,18,1,4,1,1242.07,1024.88,217.19,1233.08,1316.2,P0498,Fuel Systems Product 498,Fuel Systems,235,606,C04981,Carpenter-Haynes,Distributor,Automotive,West Benjamin,Netherlands,2021-10-07,1
20252289,3,2162,1,35,7,2,4,355.18,271.06,84.12,344.23,382.26,P0003,Aftertreatment Product 3,Aftertreatment,441,811,C02162,Murphy-Griffin,Fleet,Automotive,South Melanie,Germany,2022-05-17,1
20229299,85,1062,5,47,9,5,8,4844.23,4001.59,842.64,4695.46,5128.47,P0085,Filtration Product 85,Filtration,316,630,C01062,"Johnson, Herman and Love",Fleet,Transportation,Robertmouth,Italy,2021-02-12,1
20237020,384,999,10,40,3,3,7,2919.04,1812.93,1106.11,3043.75,2981.02,P0384,Filtration Product 384,Filtration,443,820,C00999,Nash Inc,Fleet,Automotive,Doughertyberg,Belgium,2019-06-04,1
20248249,475,3951,1,22,3,4,8,4868.64,4144.85,723.79,4757.56,5028.1,P0475,Cooling Systems Product 475,Cooling Systems,469,481,C03951,"Ramos, Ramirez and Martinez",OEM,Automotive,Melissaview,Sweden,2024-06-16,1
20224832,215,4182,8,67,8,1,8,3255.24,2474.83,780.41,3324.97,3409.01,P0215,Filtration Product 215,Filtration,442,307,C04182,Thomas Inc,Distributor,Automotive,Lake Isaac,Sweden,2021-12-25,1
20223404,484,3166,7,59,3,5,11,4247.88,2616.1,1631.78,4160.01,4224.85,P0484,Turbochargers Product 484,Turbochargers,493,349,C03166,Hernandez-Larson,OEM,Transportation,Dunnton,Germany,2022-12-27,1
20257196,4,1466,3,107,4,4,2,462.41,303.55,158.86,470.5,442.47,P0004,Fuel Systems Product 4,Fuel Systems,284,750,C01466,Fritz Group,OEM,Manufacturing,North Jillberg,Italy,2022-08-27,1
20243247,5,204,7,109,7,5,9,834.1,589.65,244.45,812.79,861.84,P0005,Sensors Product 5,Sensors,264,744,C00204,Roberts-Lin,OEM,Transportation,Robertsville,Austria,2024-06-24,1
20247226,278,2299,10,100,2,2,18,1671.83,1434.22,237.61,1588.68,1775.34,P0278,Aftertreatment Product 278,Aftertreatment,153,148,C02299,"Jones, Rodriguez and Miller",OEM,Manufacturing,Port Kathrynstad,France,2025-06-15,1
20259833,193,2224,9,88,4,1,9,3085.41,2250.69,834.72,3031.54,3029.51,P0193,Turbochargers Product 193,Turbochargers,376,442,C02224,"Lopez, Perry and Price",Distributor,Automotive,New William,Italy,2019-10-16,1
20242061,419,2386,5,22,2,1,12,195.38,155.86,39.52,193.45,191.04,P0419,Aftertreatment Product 419,Aftertreatment,52,624,C02386,Gardner-White,OEM,Transportation,Hardinland,France,2019-05-18,1
20256130,162,1825,2,115,5,4,19,699.31,482.9,216.41,688.95,669.98,P0162,Sensors Product 162,Sensors,284,405,C01825,"Ingram, Pacheco and Harris",OEM,Manufacturing,Greenchester,Spain,2022-02-19,1
20240338,273,3543,9,84,2,3,18,3954.2,2620.21,1333.99,4059.41,4224.33,P0273,Electronics Product 273,Electronics,359,829,C03543,Evans-Tucker,OEM,Manufacturing,Kelseyberg,Germany,2024-07-12,1
20249082,460,4146,3,55,10,5,9,3217.42,2361.08,856.34,3349.59,3284.75,P0460,Cooling Systems Product 460,Cooling Systems,158,883,C04146,Powell-Shaffer,Distributor,Automotive,South Wesley,Sweden,2020-08-24,1
20239504,71,4256,4,72,4,3,14,2436.29,1906.09,530.2,2331.29,2494.61,P0071,Fuel Systems Product 71,Fuel Systems,497,663,C04256,Watkins Group,Distributor,Automotive,Rodriguezview,Italy,2024-10-20,1
20223465,205,3833,4,13,9,2,4,2015.32,1431.52,583.8,2104.45,1975.62,P0205,Sensors Product 205,Sensors,355,908,C03833,"Vasquez, Washington and Peterson",OEM,Automotive,North Alexis,Sweden,2019-11-13,1
20228583,182,4525,5,23,3,2,15,1565.67,1097.0,468.67,1591.13,1660.82,P0182,Aftertreatment Product 182,Aftertreatment,492,433,C04525,Wheeler-Torres,Fleet,Transportation,South Susan,Germany,2019-09-16,1
20238271,279,3361,4,63,3,2,13,694.17,518.24,175.93,728.58,682.76,P0279,Turbochargers Product 279,Turbochargers,196,110,C03361,Newman Inc,Distributor,Manufacturing,Scottland,Austria,2020-06-04,1
20221232,322,3641,7,6,7,3,9,3746.68,2905.05,841.63,3766.31,3853.11,P0322,Fuel Systems Product 322,Fuel Systems,145,993,C03641,Osborne-Mccarthy,Fleet,Transportation,Lake Kimberly,Sweden,2018-03-16,1
20254437,145,100,3,46,9,4,15,3919.29,2608.27,1311.02,3797.55,4276.74,P0145,Turbochargers Product 145,Turbochargers,254,255,C00100,"Mejia, Joseph and Williams",Fleet,Transportation,Montoyastad,Belgium,2023-05-01,1
20247328,224,3944,10,41,1,5,5,3807.37,2956.88,850.49,3762.68,4180.47,P0224,Cooling Systems Product 224,Cooling Systems,385,175,C03944,Rogers-Sweeney,Distributor,Automotive,East Zachary,France,2023-01-14,1
20231817,500,4410,1,43,5,4,19,3326.63,2635.76,690.87,3460.48,3197.27,P0500,Cooling Systems Product 500,Cooling Systems,497,280,C04410,Day and Sons,Distributor,Automotive,Janetmouth,Poland,2019-10-31,1
20223021,47,2409,5,59,9,1,5,2343.71,1950.8,392.91,2451.23,2338.04,P0047,Aftertreatment Product 47,Aftertreatment,487,629,C02409,"Santos, Conway and Cardenas",Fleet,Automotive,Johnsonside,Austria,2026-02-03,1
20252960,273,3208,10,42,7,5,10,250.89,155.93,94.96,249.89,259.08,P0273,Electronics Product 273,Electronics,359,829,C03208,"Cummings, Thomas and Zhang",Distributor,Transportation,Herrerashire,Austria,2023-08-07,1
20257155,45,847,2,29,8,1,16,2000.83,1545.41,455.42,2047.3,2174.46,P0045,Aftertreatment Product 45,Aftertreatment,192,571,C00847,"Smith, Holland and Evans",Distributor,Automotive,Jeffreytown,Spain,2016-12-08,1
20241871,394,1746,2,78,10,1,5,450.13,348.58,101.55,428.95,442.07,P0394,Sensors Product 394,Sensors,430,463,C01746,Reeves-Holmes,Fleet,Automotive,New Christopher,Belgium,2024-07-31,1
20225645,231,3502,7,113,2,3,18,883.39,596.56,286.83,857.87,954.3,P0231,Fuel Systems Product 231,Fuel Systems,293,699,C03502,Villegas-Wilson,OEM,Manufacturing,Sarafurt,Germany,2022-03-17,1
20248988,367,1096,6,117,9,2,14,739.0,464.39,274.61,769.66,802.15,P0367,Sensors Product 367,Sensors,144,431,C01096,Jones Group,OEM,Manufacturing,Lake Crystalberg,Belgium,2016-08-17,1
20224523,287,1923,1,115,4,3,17,2883.96,1917.03,966.93,3009.59,3048.1,P0287,Electronics Product 287,Electronics,63,884,C01923,Walker-Davis,Fleet,Automotive,Millerside,Poland,2021-07-18,1
20244326,10,3206,2,76,10,2,11,2193.49,1574.38,619.11,2160.11,2141.73,P0010,Fuel Systems Product 10,Fuel Systems,65,148,C03206,Lamb-Kelley,OEM,Manufacturing,Duncanstad,Italy,2019-07-20,1
20226971,379,1573,10,12,9,4,11,1328.11,938.4,389.71,1315.72,1428.55,P0379,Cooling Systems Product 379,Cooling Systems,221,917,C01573,Moreno-Smith,OEM,Manufacturing,North Janet,Belgium,2021-06-17,1
20249548,432,2279,5,46,4,2,8,4623.4,3740.51,882.89,4577.34,4616.67,P0432,Aftertreatment Product 432,Aftertreatment,144,546,C02279,Walker-Murphy,Fleet,Transportation,West Patricia,France,2017-01-28,1
20258697,334,1385,6,25,8,1,13,2288.67,1656.28,632.39,2389.42,2194.84,P0334,Electronics Product 334,Electronics,212,536,C01385,"Le, Miller and Smith",OEM,Automotive,Caseymouth,France,2023-04-16,1
20255488,453,3451,8,55,8,4,15,736.34,466.1,270.24,765.56,773.62,P0453,Aftertreatment Product 453,Aftertreatment,450,357,C03451,Rojas-Moreno,Fleet,Transportation,North Caseyberg,Germany,2020-05-24,1
20254945,279,2601,1,38,7,5,9,2777.52,1821.44,956.08,2722.83,2703.86,P0279,Turbochargers Product 279,Turbochargers,196,110,C02601,Buckley Ltd,OEM,Manufacturing,Sarahview,Spain,2025-10-16,1
20248846,7,3810,8,91,7,2,2,309.39,262.79,46.6,301.49,307.49,P0007,Sensors Product 7,Sensors,349,969,C03810,Jones Ltd,Fleet,Manufacturing,West Jennifer,Poland,2016-08-15,1
20235176,342,1622,5,17,5,2,12,738.79,468.87,269.92,754.59,812.53,P0342,Cooling Systems Product 342,Cooling Systems,304,613,C01622,"House, Pierce and Davis",OEM,Manufacturing,New Seanstad,Belgium,2018-09-26,1
20230419,288,4396,10,42,1,5,2,3324.93,2402.38,922.55,3174.91,3269.31,P0288,Sensors Product 288,Sensors,78,583,C04396,"Mcintyre, Wilson and Wiley",Fleet,Transportation,Jonathanhaven,Germany,2017-10-19,1
20226268,436,4543,4,98,6,5,12,3811.3,2422.14,1389.16,3747.34,4007.74,P0436,Filtration Product 436,Filtration,182,285,C04543,"Deleon, Hicks and Sweeney",OEM,Transportation,Lindaview,France,2018-01-06,1
20254647,352,685,8,105,4,3,13,4069.51,3453.4,616.11,4135.55,4439.81,P0352,Filtration Product 352,Filtration,317,686,C00685,Gray-Lewis,OEM,Automotive,Amberville,Spain,2018-01-23,1
20239531,190,494,3,109,7,1,1,4115.43,2567.28,1548.15,4148.35,4368.07,P0190,Sensors Product 190,Sensors,92,951,C00494,Carr-Vargas,Fleet,Automotive,Blackville,Italy,2017-06-12,1
20251721,418,2343,9,97,9,1,1,4152.75,3232.37,920.38,4294.84,4378.97,P0418,Sensors Product 418,Sensors,65,522,C02343,Christian-Key,Fleet,Automotive,West Sherri,Austria,2025-08-04,1
20252925,16,4724,3,97,3,5,16,4936.34,3254.57,1681.77,5024.37,5380.61,P0016,Turbochargers Product 16,Turbochargers,269,629,C04724,"White, Smith and James",Distributor,Manufacturing,Jasonberg,Italy,2023-07-23,1
20231951,113,2340,7,87,8,2,6,2169.53,1937.3,232.23,2151.91,2384.4,P0113,Sensors Product 113,Sensors,459,151,C02340,Mooney-Lopez,Distributor,Automotive,Samuelville,Spain,2021-01-31,1
20221739,30,526,6,95,1,2,10,2020.67,1773.99,246.68,2095.23,2110.59,P0030,Aftertreatment Product 30,Aftertreatment,124,141,C00526,"Jones, Jackson and French",Fleet,Automotive,Lake John,France,2017-05-25,1
20225997,329,1620,6,44,3,4,11,1219.58,891.41,328.17,1226.04,1180.48,P0329,Turbochargers Product 329,Turbochargers,261,982,C01620,"Evans, Pena and Smith",Distributor,Automotive,Gregoryfurt,Netherlands,2021-07-20,1
20221189,261,3756,2,69,2,2,16,2656.14,1684.52,971.62,2671.07,2536.5,P0261,Turbochargers Product 261,Turbochargers,231,310,C03756,"Villegas, Schneider and Shaffer",Fleet,Transportation,North Steven,Sweden,2024-06-15,1
20260557,153,1837,8,71,8,5,16,3051.31,2110.42,940.89,3040.29,2955.82,P0153,Electronics Product 153,Electronics,190,922,C01837,"Thomas, Davis and Avery",OEM,Manufacturing,Williamsfort,Spain,2026-01-19,1
20254014,391,110,9,40,3,1,7,2972.02,2666.69,305.33,2881.86,3135.32,P0391,Sensors Product 391,Sensors,448,870,C00110,Perez and Sons,OEM,Transportation,Meganstad,Italy,2018-02-07,1
20231681,118,1401,4,84,9,1,5,103.64,72.58,31.06,99.36,103.9,P0118,Turbochargers Product 118,Turbochargers,151,106,C01401,Richards Inc,Fleet,Manufacturing,West Christineside,Spain,2017-03-01,1
20244504,461,2,4,18,3,3,1,4930.91,4097.78,833.13,4959.1,5247.73,P0461,Fuel Systems Product 461,Fuel Systems,267,237,C00002,Brown-Bailey,OEM,Automotive,Port Kevinview,Germany,2025-11-23,1
20245422,429,945,8,46,3,4,19,4503.28,3437.0,1066.28,4725.48,4885.18,P0429,Aftertreatment Product 429,Aftertreatment,463,540,C00945,"Phillips, White and Hernandez",Distributor,Manufacturing,Crawfordborough,Belgium,2023-03-20,1
20224793,40,1829,4,10,10,4,13,1006.16,660.76,345.4,1046.12,1032.64,P0040,Electronics Product 40,Electronics,462,786,C01829,Kennedy-Anderson,Fleet,Manufacturing,Mcgrathville,Italy,2024-03-15,1
20235915,420,2488,1,36,4,4,7,865.38,771.3,94.08,890.08,934.78,P0420,Fuel Systems Product 420,Fuel Systems,251,703,C02488,Carter and Sons,OEM,Transportation,Port Courtneyview,Belgium,2024-01-11,1
20229817,177,1115,5,105,6,5,5,1381.7,853.8,527.9,1434.36,1433.61,P0177,Turbochargers Product 177,Turbochargers,253,190,C01115,Mendez-Briggs,OEM,Transportation,Kevinstad,Poland,2020-07-06,1
20254844,445,3797,6,55,4,3,14,2664.79,2062.74,602.05,2537.43,2535.26,P0445,Fuel Systems Product 445,Fuel Systems,236,412,C03797,"Ramirez, Murray and Moore",OEM,Transportation,Jessicachester,Germany,2023-09-20,1
20220879,208,2294,4,83,6,4,19,4070.36,2952.17,1118.19,4099.45,4106.9,P0208,Sensors Product 208,Sensors,403,983,C02294,Chase Group,Fleet,Automotive,Andreaview,France,2023-06-10,1
20244755,298,3417,5,40,10,3,3,4941.21,3973.98,967.23,5167.17,4829.58,P0298,Sensors Product 298,Sensors,292,933,C03417,Stewart Ltd,Fleet,Automotive,East Stephanie,France,2017-11-30,1
20227542,283,2120,3,69,5,4,2,2188.0,1516.02,671.98,2217.13,2192.99,P0283,Electronics Product 283,Electronics,313,844,C02120,Howard-Johnson,OEM,Automotive,East Jeffrey,Belgium,2025-05-29,1
20237141,418,3693,4,74,4,5,3,2295.82,1856.14,439.68,2308.49,2457.3,P0418,Sensors Product 418,Sensors,65,522,C03693,"Marshall, Liu and Moore",Fleet,Transportation,Port Michelleland,Belgium,2019-06-13,1
20253806,13,1883,4,119,1,5,3,233.23,200.31,32.92,237.6,223.96,P0013,Turbochargers Product 13,Turbochargers,289,541,C01883,Fleming LLC,Fleet,Transportation,Navarrochester,Belgium,2018-04-21,1
20225703,245,2406,7,115,2,1,14,1151.02,740.59,410.43,1200.68,1216.55,P0245,Sensors Product 245,Sensors,412,637,C02406,Warner Ltd,OEM,Transportation,Lake Michaelmouth,Italy,2024-11-19,1
20260769,234,2904,9,34,2,2,8,1033.65,741.57,292.08,1020.83,1047.09,P0234,Filtration Product 234,Filtration,444,779,C02904,"Evans, Hutchinson and Torres",OEM,Manufacturing,Pattonland,Austria,2017-04-04,1
20233069,363,1977,1,39,3,1,20,3708.7,2952.5,756.2,3864.1,3547.12,P0363,Aftertreatment Product 363,Aftertreatment,413,911,C01977,Norris-Cook,Distributor,Automotive,Port Michael,France,2023-10-08,1
20236858,176,3526,7,94,6,2,5,367.57,255.35,112.22,378.13,393.69,P0176,Aftertreatment Product 176,Aftertreatment,119,257,C03526,"Harrison, English and Sullivan",Distributor,Transportation,Haneyburgh,Poland,2021-12-13,1
20244979,166,2615,5,32,5,4,8,613.37,477.44,135.93,642.71,623.29,P0166,Filtration Product 166,Filtration,399,723,C02615,Doyle Inc,OEM,Manufacturing,Jessicaberg,Netherlands,2022-10-26,1
20233706,428,920,6,30,4,5,19,3688.24,2461.71,1226.53,3577.81,3923.43,P0428,Turbochargers Product 428,Turbochargers,101,943,C00920,"Fields, Williams and Hunt",OEM,Transportation,East Jessicabury,Sweden,2022-04-22,1
20220210,260,741,10,41,4,3,19,3717.38,2325.36,1392.02,3798.58,3815.49,P0260,Cooling Systems Product 260,Cooling Systems,369,254,C00741,Johnson-Jordan,Fleet,Manufacturing,Vangstad,Austria,2017-09-04,1
20227703,19,3849,8,22,7,4,5,4204.34,3021.05,1183.29,4346.19,4365.78,P0019,Filtration Product 19,Filtration,481,705,C03849,"Zimmerman, Rodriguez and Phillips",Fleet,Manufacturing,West Andrea,Spain,2018-01-13,1
20258770,216,3127,1,119,1,1,1,3236.4,2740.59,495.81,3199.25,3133.52,P0216,Cooling Systems Product 216,Cooling Systems,366,240,C03127,Johnson and Sons,OEM,Automotive,Marshallville,France,2023-02-20,1
20258092,48,1825,4,76,1,4,11,2469.43,1620.56,848.87,2511.46,2429.98,P0048,Electronics Product 48,Electronics,394,857,C01825,"Ingram, Pacheco and Harris",OEM,Manufacturing,Greenchester,Spain,2022-02-19,1
20221168,2,473,2,57,10,1,9,753.78,627.93,125.85,789.23,819.33,P0002,Aftertreatment Product 2,Aftertreatment,342,443,C00473,"Fitzpatrick, Fisher and Flores",Distributor,Automotive,East Jessica,Poland,2023-01-23,1
20253820,203,4407,1,66,8,5,11,1968.72,1643.86,324.86,1968.32,2163.06,P0203,Turbochargers Product 203,Turbochargers,387,910,C04407,Frye-Campbell,Fleet,Automotive,Smithtown,Belgium,2017-08-31,1
20228942,118,2047,8,45,4,4,16,4522.47,3567.29,955.18,4366.83,4482.73,P0118,Turbochargers Product 118,Turbochargers,151,106,C02047,Reynolds-Steele,OEM,Transportation,East Stevenhaven,Poland,2023-12-31,1
20258658,5,3184,9,46,4,3,6,1635.08,1353.02,282.06,1667.62,1708.32,P0005,Sensors Product 5,Sensors,264,744,C03184,Avery Inc,Fleet,Automotive,Williamburgh,Germany,2025-07-29,1
20223566,2,2318,3,77,2,5,20,2119.81,1566.76,553.05,2076.23,2233.49,P0002,Aftertreatment Product 2,Aftertreatment,342,443,C02318,Johnson and Sons,Distributor,Transportation,Meltonmouth,France,2021-06-04,1
20225072,48,2,4,53,8,4,6,1086.87,657.02,429.85,1038.85,1125.38,P0048,Electronics Product 48,Electronics,394,857,C00002,Brown-Bailey,OEM,Automotive,Port Kevinview,Germany,2025-11-23,1
20236542,5,1538,6,118,5,2,8,2516.21,2114.66,401.55,2505.58,2624.19,P0005,Sensors Product 5,Sensors,264,744,C01538,"Russell, Yoder and Mcdowell",OEM,Manufacturing,East Maurice,Germany,2024-09-18,1
20231224,316,4892,1,66,8,2,19,1651.3,1287.04,364.26,1724.58,1572.4,P0316,Aftertreatment Product 316,Aftertreatment,412,807,C04892,"Cooper, Lopez and Thomas",Fleet,Manufacturing,East James,Belgium,2017-07-15,1
20227420,279,3564,5,109,1,5,2,3629.78,3265.22,364.56,3757.12,3460.46,P0279,Turbochargers Product 279,Turbochargers,196,110,C03564,Reynolds-Hale,Distributor,Automotive,West Ross,Germany,2026-03-24,1
20237158,69,678,10,99,10,2,10,549.42,473.87,75.55,533.82,588.64,P0069,Cooling Systems Product 69,Cooling Systems,184,980,C00678,"David, Moreno and Crawford",OEM,Automotive,South Alexander,Poland,2021-12-20,1
20247536,69,2517,8,37,1,3,8,1379.83,1150.84,228.99,1353.25,1360.17,P0069,Cooling Systems Product 69,Cooling Systems,184,980,C02517,Wilkinson Ltd,Fleet,Automotive,Port Monica,Germany,2017-01-31,1
20231419,81,2948,4,89,7,2,19,637.54,504.29,133.25,660.7,627.22,P0081,Cooling Systems Product 81,Cooling Systems,246,679,C02948,David Ltd,Distributor,Automotive,Lake Charles,Netherlands,2019-09-14,1
20228325,410,3653,3,117,1,1,7,4304.35,3379.23,925.12,4510.53,4453.95,P0410,Filtration Product 410,Filtration,442,172,C03653,Roberts-Villarreal,Fleet,Transportation,Connerton,Belgium,2018-02-05,1
20250646,153,2773,2,12,7,4,16,1574.9,1248.49,326.41,1647.09,1657.07,P0153,Electronics Product 153,Electronics,190,922,C02773,Martinez Ltd,Fleet,Automotive,New Michaelchester,Belgium,2020-10-15,1
20229073,19,2057,5,108,7,5,10,2995.17,2333.85,661.32,2889.4,3099.77,P0019,Filtration Product 19,Filtration,481,705,C02057,Rodriguez Ltd,OEM,Transportation,Olsonland,Belgium,2023-07-11,1
20237284,489,3203,1,111,9,2,12,257.08,204.8,52.28,250.51,269.56,P0489,Cooling Systems Product 489,Cooling Systems,159,158,C03203,Mayo-Escobar,Fleet,Manufacturing,Proctorfort,France,2018-08-19,1
20257297,43,558,5,120,3,3,16,3238.75,2484.98,753.77,3338.56,3476.07,P0043,Turbochargers Product 43,Turbochargers,303,322,C00558,Pierce LLC,Fleet,Transportation,Brianview,Poland,2026-05-29,1
20251597,429,3,7,31,6,1,8,3652.45,2866.66,785.79,3558.94,3520.13,P0429,Aftertreatment Product 429,Aftertreatment,463,540,C00003,"Cox, Powell and Jackson",Fleet,Transportation,South Amy,Germany,2019-03-06,1
20223962,156,3630,10,34,3,1,11,4270.27,2963.19,1307.08,4482.26,4193.99,P0156,Sensors Product 156,Sensors,455,484,C03630,Meyer LLC,Fleet,Manufacturing,Port Joseph,Germany,2021-01-29,1
20221355,41,2665,7,37,5,4,7,753.77,582.31,171.46,783.85,771.14,P0041,Fuel Systems Product 41,Fuel Systems,90,256,C02665,Horton-Hooper,Distributor,Automotive,North James,Spain,2019-04-07,1
20241644,263,3567,7,28,8,5,11,4835.5,3017.51,1817.99,4808.55,4927.55,P0263,Sensors Product 263,Sensors,106,470,C03567,"Gonzalez, Dorsey and Williams",OEM,Automotive,Stevenville,Poland,2020-06-28,1
20257838,330,203,10,18,9,3,15,1034.55,740.63,293.92,1023.8,1089.12,P0330,Electronics Product 330,Electronics,71,949,C00203,Diaz LLC,Fleet,Transportation,Combsburgh,Sweden,2018-02-27,1
20226659,354,1669,5,4,6,4,10,587.9,473.7,114.2,603.24,585.77,P0354,Sensors Product 354,Sensors,291,182,C01669,Hull LLC,Fleet,Transportation,Brandychester,Belgium,2025-04-16,1
20242850,201,4763,6,64,7,2,7,483.65,313.24,170.41,472.76,491.52,P0201,Filtration Product 201,Filtration,170,784,C04763,Hernandez-Hopkins,OEM,Manufacturing,New Davidmouth,Netherlands,2021-03-15,1
20223953,167,4808,9,60,2,5,5,1162.24,1001.38,160.86,1145.44,1276.14,P0167,Fuel Systems Product 167,Fuel Systems,235,341,C04808,"Dennis, Davis and Soto",Fleet,Manufacturing,East Courtney,Poland,2016-08-09,1
20222879,288,4027,7,52,5,5,6,803.75,716.87,86.88,813.41,879.01,P0288,Sensors Product 288,Sensors,78,583,C04027,Edwards-Butler,Fleet,Automotive,West Melinda,Netherlands,2026-07-24,1
20258254,494,2138,5,65,3,2,19,3497.87,2393.9,1103.97,3552.45,3825.36,P0494,Turbochargers Product 494,Turbochargers,491,324,C02138,Young Group,Fleet,Manufacturing,Lake Evanborough,Italy,2019-06-08,1
20226954,391,4388,8,4,2,4,7,1822.01,1102.22,719.79,1902.37,1949.8,P0391,Sensors Product 391,Sensors,448,870,C04388,Marquez-Zavala,Distributor,Automotive,Lake Sarahport,Austria,2017-03-26,1
20222663,207,3419,8,10,9,5,17,2332.9,1829.36,503.54,2332.26,2247.66,P0207,Filtration Product 207,Filtration,343,630,C03419,Koch Inc,OEM,Manufacturing,Clarkburgh,Netherlands,2020-08-03,1
20238206,57,4466,4,98,10,3,7,3979.68,2411.44,1568.24,4031.67,3787.54,P0057,Filtration Product 57,Filtration,182,606,C04466,"Zamora, Ramos and Norris",OEM,Automotive,Lake Tiffany,France,2022-05-27,1
20246298,460,4118,10,106,7,5,19,3345.58,2379.48,966.1,3467.41,3309.56,P0460,Cooling Systems Product 460,Cooling Systems,158,883,C04118,Pierce-Small,Distributor,Automotive,Brownport,Sweden,2021-12-13,1
20244144,156,3897,6,70,3,4,12,1441.07,1099.36,341.71,1476.85,1448.59,P0156,Sensors Product 156,Sensors,455,484,C03897,Larson and Sons,Distributor,Transportation,Virginiaberg,Poland,2024-01-10,1
20251251,474,1616,9,24,3,4,18,4060.28,3287.04,773.24,3969.86,4048.92,P0474,Fuel Systems Product 474,Fuel Systems,91,178,C01616,Sanchez-Graves,OEM,Manufacturing,Rushhaven,Poland,2025-07-16,1
20257861,367,780,2,34,4,3,19,1695.16,1472.46,222.7,1667.9,1735.02,P0367,Sensors Product 367,Sensors,144,431,C00780,Griffin LLC,Distributor,Transportation,Port Gabriellafort,Poland,2022-06-15,1
20238567,347,3437,4,31,3,3,1,621.41,479.71,141.7,622.08,681.86,P0347,Sensors Product 347,Sensors,389,607,C03437,"Grant, Berg and Valenzuela",OEM,Transportation,East Shawnborough,Poland,2017-02-10,1
20239400,176,4990,7,105,5,3,8,4279.34,3125.02,1154.32,4479.82,4705.49,P0176,Aftertreatment Product 176,Aftertreatment,119,257,C04990,Mitchell-Stout,Fleet,Automotive,Kellystad,Sweden,2020-08-22,1
20239092,194,4816,9,65,5,4,7,3156.16,2375.54,780.62,3119.9,3419.49,P0194,Fuel Systems Product 194,Fuel Systems,347,939,C04816,"Buck, Johnson and Wright",Fleet,Transportation,Greenville,Poland,2025-07-24,1
20242052,459,4336,6,101,1,4,2,3158.41,2785.12,373.29,3138.93,3036.35,P0459,Filtration Product 459,Filtration,230,102,C04336,"Arnold, Smith and Davis",Fleet,Automotive,North Josephton,Sweden,2018-06-26,1
20249045,31,945,2,65,10,4,14,4531.9,3599.41,932.49,4748.65,4676.23,P0031,Sensors Product 31,Sensors,178,855,C00945,"Phillips, White and Hernandez",Distributor,Manufacturing,Crawfordborough,Belgium,2023-03-20,1
20245546,460,1812,6,108,6,3,4,1763.16,1170.1,593.06,1676.9,1927.87,P0460,Cooling Systems Product 460,Cooling Systems,158,883,C01812,Rivas Ltd,Fleet,Automotive,North Kristenbury,Germany,2020-09-12,1
20236517,69,3545,2,37,2,1,18,2708.23,1733.21,975.02,2653.06,2790.08,P0069,Cooling Systems Product 69,Cooling Systems,184,980,C03545,"Romero, Smith and Roberts",OEM,Transportation,Campbellport,Austria,2022-02-07,1
20250432,429,800,3,65,10,2,15,564.38,496.5,67.88,581.66,618.99,P0429,Aftertreatment Product 429,Aftertreatment,463,540,C00800,Hanson-Williams,Fleet,Manufacturing,Glennmouth,Poland,2023-03-27,1
20241358,223,2571,5,70,4,5,11,2455.33,1694.81,760.52,2498.29,2449.3,P0223,Aftertreatment Product 223,Aftertreatment,270,307,C02571,Goodwin LLC,Distributor,Transportation,East Meganside,Sweden,2022-01-30,1
20252316,41,1597,1,90,3,3,9,2241.01,1377.11,863.9,2139.71,2446.85,P0041,Fuel Systems Product 41,Fuel Systems,90,256,C01597,Perry LLC,Fleet,Manufacturing,West Daniel,Netherlands,2025-06-06,1
20220562,264,3475,3,62,1,3,3,3694.16,2242.21,1451.95,3578.11,3620.16,P0264,Electronics Product 264,Electronics,85,333,C03475,Mcdonald-Simpson,Distributor,Transportation,Port Anthonymouth,Spain,2017-08-28,1
20233252,99,334,7,52,10,1,17,2016.06,1295.96,720.1,2106.61,1991.81,P0099,Fuel Systems Product 99,Fuel Systems,88,252,C00334,Reed and Sons,OEM,Manufacturing,Richardview,Belgium,2022-05-30,1
20236164,343,2957,7,115,9,5,20,3836.91,2690.95,1145.96,3844.89,3756.03,P0343,Electronics Product 343,Electronics,477,488,C02957,Perry-Scott,Distributor,Automotive,Patriciashire,Austria,2022-04-04,1
20250511,223,2001,9,69,6,5,1,2148.46,1306.78,841.68,2238.04,2295.01,P0223,Aftertreatment Product 223,Aftertreatment,270,307,C02001,Salazar-Young,Fleet,Transportation,West Kathrynburgh,Sweden,2022-06-22,1
20231436,5,2741,7,5,6,4,15,1961.62,1571.78,389.84,1877.08,1917.21,P0005,Sensors Product 5,Sensors,264,744,C02741,"Lam, Williams and Vasquez",Fleet,Automotive,Hickmanhaven,Belgium,2023-09-26,1
20239936,104,1628,9,3,6,1,11,3423.27,2560.42,862.85,3378.19,3435.12,P0104,Sensors Product 104,Sensors,395,283,C01628,Oneill-Smith,Fleet,Automotive,Hendricksland,Poland,2016-11-25,1
20255933,132,471,8,33,5,3,10,1033.84,890.49,143.35,1009.27,1063.42,P0132,Electronics Product 132,Electronics,363,596,C00471,Smith LLC,OEM,Manufacturing,Diazbury,Poland,2022-05-18,1
20241162,416,4546,10,3,10,3,9,4125.83,2832.91,1292.92,4186.18,4200.2,P0416,Electronics Product 416,Electronics,125,422,C04546,"Greene, Cook and Long",Fleet,Transportation,Ritterville,Belgium,2019-04-09,1
20241877,243,1245,4,19,8,2,13,4011.97,3490.27,521.7,4061.91,3921.35,P0243,Fuel Systems Product 243,Fuel Systems,174,391,C01245,"Cardenas, Watson and Kane",OEM,Manufacturing,North Kathy,Sweden,2021-11-10,1
20228331,214,3202,8,2,6,4,2,3400.78,2081.56,1319.22,3526.7,3441.86,P0214,Cooling Systems Product 214,Cooling Systems,448,206,C03202,Smith-Moore,Distributor,Automotive,Webbtown,Austria,2017-02-12,1
20250235,366,2869,10,100,7,5,7,2821.0,2501.82,319.18,2885.29,2925.03,P0366,Sensors Product 366,Sensors,359,401,C02869,Howard and Sons,Distributor,Automotive,East Jacquelineburgh,France,2024-02-28,1
20260285,293,4863,2,89,1,4,12,4237.23,2962.14,1275.09,4421.76,4120.22,P0293,Sensors Product 293,Sensors,124,541,C04863,Neal Ltd,Distributor,Automotive,Susanmouth,Belgium,2024-06-04,1
20227651,421,2856,6,61,7,5,20,1643.24,1375.86,267.38,1669.82,1657.69,P0421,Sensors Product 421,Sensors,88,105,C02856,Walls-Zhang,Distributor,Transportation,Johnfort,Netherlands,2024-11-26,1
20242680,237,1865,4,48,2,4,19,3202.78,2820.09,382.69,3042.97,3194.29,P0237,Sensors Product 237,Sensors,90,902,C01865,Bailey-Herring,Fleet,Automotive,South Paul,Poland,2024-12-28,1
20233219,214,3542,2,12,1,1,4,4660.06,3347.5,1312.56,4714.9,5049.28,P0214,Cooling Systems Product 214,Cooling Systems,448,206,C03542,Ray Ltd,OEM,Automotive,Port Ian,Belgium,2021-12-02,1
20241816,432,2497,8,69,2,1,16,1381.45,860.15,521.3,1313.51,1515.74,P0432,Aftertreatment Product 432,Aftertreatment,144,546,C02497,"Cole, Wheeler and Bridges",OEM,Transportation,Andersonborough,Spain,2023-11-30,1
20230279,337,3,10,57,5,2,19,1577.95,1338.98,238.97,1567.59,1501.93,P0337,Fuel Systems Product 337,Fuel Systems,309,846,C00003,"Cox, Powell and Jackson",Fleet,Transportation,South Amy,Germany,2019-03-06,1
20238079,414,1874,8,10,2,2,11,3714.12,3266.47,447.65,3557.33,3869.57,P0414,Sensors Product 414,Sensors,165,177,C01874,Hamilton LLC,Distributor,Manufacturing,New Katieberg,France,2024-12-31,1
20245686,186,2631,2,109,9,1,15,1627.93,1085.75,542.18,1645.22,1645.95,P0186,Sensors Product 186,Sensors,325,550,C02631,Torres LLC,Distributor,Automotive,Port David,Italy,2021-03-14,1
20247484,458,3770,2,111,4,3,20,4154.85,3501.43,653.42,4081.36,4221.59,P0458,Sensors Product 458,Sensors,64,799,C03770,"Parrish, Martinez and Potts",Distributor,Automotive,North Charleshaven,Italy,2023-12-22,1
20224987,99,2487,4,64,10,2,9,2483.25,1563.27,919.98,2423.36,2580.51,P0099,Fuel Systems Product 99,Fuel Systems,88,252,C02487,Bowers-Harrell,Distributor,Transportation,Lake Lydiastad,Poland,2020-08-25,1
20220834,449,3258,2,108,9,3,7,2961.57,2362.12,599.45,2838.19,2944.12,P0449,Turbochargers Product 449,Turbochargers,466,253,C03258,Velasquez-Taylor,Distributor,Manufacturing,North Alejandrofort,Netherlands,2021-12-09,1
20252419,25,4835,7,74,7,5,18,2748.91,1911.36,837.55,2656.53,2836.4,P0025,Cooling Systems Product 25,Cooling Systems,346,262,C04835,Johnson-Vincent,Fleet,Transportation,Annmouth,Italy,2016-10-22,1
20259346,201,599,2,120,7,1,15,564.87,471.26,93.61,565.58,570.13,P0201,Filtration Product 201,Filtration,170,784,C00599,"Lopez, Castillo and Cooke",OEM,Manufacturing,Lake Judithbury,Germany,2018-05-16,1
20259363,131,1452,4,63,8,5,11,1662.26,1123.87,538.39,1722.3,1743.59,P0131,Turbochargers Product 131,Turbochargers,475,212,C01452,Morton-Salazar,OEM,Manufacturing,West Derrick,Austria,2025-09-21,1
20228715,28,2046,1,31,6,4,18,785.93,656.37,129.56,753.75,850.82,P0028,Sensors Product 28,Sensors,216,459,C02046,Chung-Jones,Distributor,Automotive,Harringtonview,Netherlands,2020-11-29,1
20231685,207,481,1,44,8,4,3,4686.29,3731.17,955.12,4887.8,4903.74,P0207,Filtration Product 207,Filtration,343,630,C00481,Perez PLC,OEM,Transportation,Lindaton,Italy,2023-08-13,1
20254676,476,4326,9,112,7,5,9,2997.53,1990.15,1007.38,2887.6,3196.65,P0476,Sensors Product 476,Sensors,212,959,C04326,"Anderson, Miller and Gomez",Fleet,Transportation,Murrayberg,Germany,2020-07-29,1
20228169,147,2029,3,94,6,4,10,1021.73,800.63,221.1,1006.05,1039.83,P0147,Sensors Product 147,Sensors,54,359,C02029,Burnett-Hartman,OEM,Transportation,Jaclynton,Germany,2017-12-28,1
20255846,324,4926,9,116,6,2,18,3860.98,3225.6,635.38,3693.51,3732.63,P0324,Fuel Systems Product 324,Fuel Systems,310,610,C04926,Robinson-Haynes,OEM,Transportation,Debbiefort,France,2018-01-26,1
20237936,370,4700,8,31,8,2,4,2810.03,1718.54,1091.49,2867.0,2919.64,P0370,Cooling Systems Product 370,Cooling Systems,487,266,C04700,Lin-Bautista,OEM,Transportation,Port Jim,Sweden,2021-10-12,1
20249531,17,1811,6,36,5,1,9,1367.5,888.85,478.65,1383.69,1462.3,P0017,Electronics Product 17,Electronics,160,200,C01811,"Lopez, Cobb and Moran",Fleet,Manufacturing,Holtborough,Italy,2019-12-08,1
20248476,89,4567,3,88,6,1,8,4603.05,3814.68,788.37,4559.66,4571.63,P0089,Sensors Product 89,Sensors,93,629,C04567,"Hernandez, Graves and Young",OEM,Automotive,Sarahbury,Poland,2021-02-19,1
20259979,380,1068,9,18,2,4,4,3788.74,2434.69,1354.05,3744.32,3779.35,P0380,Electronics Product 380,Electronics,190,323,C01068,Ibarra-Campbell,Fleet,Transportation,New Jessicafort,Belgium,2023-10-20,1
20224034,403,1119,2,6,1,1,1,1870.15,1639.46,230.69,1922.89,1961.07,P0403,Fuel Systems Product 403,Fuel Systems,144,701,C01119,"Lewis, Fuentes and Smith",Distributor,Transportation,North Austin,Netherlands,2024-11-29,1
20241579,304,3572,7,118,2,4,8,4100.8,2805.66,1295.14,4030.04,4400.83,P0304,Turbochargers Product 304,Turbochargers,379,394,C03572,Garcia PLC,OEM,Automotive,Milesview,Spain,2016-09-20,1
20239142,193,4786,5,109,5,1,1,4658.96,3256.31,1402.65,4706.02,4457.81,P0193,Turbochargers Product 193,Turbochargers,376,442,C04786,Farrell Inc,Fleet,Transportation,Mariaport,France,2021-01-01,1
20227027,328,2051,3,88,10,3,9,620.61,378.39,242.22,651.27,630.8,P0328,Aftertreatment Product 328,Aftertreatment,344,838,C02051,Garcia PLC,OEM,Manufacturing,West Christophermouth,Austria,2025-04-26,1
20247397,94,3931,4,23,9,3,13,2449.51,1810.56,638.95,2395.29,2560.57,P0094,Aftertreatment Product 94,Aftertreatment,214,964,C03931,Williams Inc,OEM,Automotive,East Elizabeth,France,2024-06-02,1
20260546,186,4032,9,65,10,2,5,3395.56,2128.93,1266.63,3517.44,3308.87,P0186,Sensors Product 186,Sensors,325,550,C04032,Wilson and Sons,OEM,Manufacturing,Edwardburgh,Germany,2020-08-05,1
20242250,146,3700,4,89,3,4,4,717.42,567.51,149.91,716.48,691.41,P0146,Fuel Systems Product 146,Fuel Systems,401,816,C03700,Sanchez-Wall,OEM,Manufacturing,Shannonhaven,Belgium,2025-04-21,1
20257463,124,3197,6,51,1,1,15,2335.07,1995.29,339.78,2374.64,2222.05,P0124,Turbochargers Product 124,Turbochargers,212,315,C03197,Richmond-White,Fleet,Manufacturing,New Josephmouth,Poland,2017-09-12,1
20236008,28,1937,7,101,4,5,7,1800.26,1508.72,291.54,1807.72,1857.56,P0028,Sensors Product 28,Sensors,216,459,C01937,"Jackson, Marquez and Holden",Fleet,Transportation,New Kristin,Italy,2022-05-25,1
20223433,257,1548,7,14,7,1,7,3025.11,2278.06,747.05,3045.03,2940.7,P0257,Aftertreatment Product 257,Aftertreatment,264,443,C01548,Cuevas Ltd,Fleet,Manufacturing,Moralesside,Germany,2020-04-10,1
20260561,498,3624,1,77,5,1,10,4724.12,3653.06,1071.06,4680.52,4697.68,P0498,Fuel Systems Product 498,Fuel Systems,235,606,C03624,Nelson-Williams,Distributor,Transportation,Port Kyle,Italy,2022-04-29,1
20232384,463,1474,5,52,10,2,6,2183.93,1792.68,391.25,2265.83,2255.09,P0463,Sensors Product 463,Sensors,387,229,C01474,Simpson-Carey,Distributor,Transportation,West Laurenfort,Belgium,2016-10-19,1
20246375,160,1457,10,95,9,2,3,2686.8,1619.32,1067.48,2662.4,2553.38,P0160,Turbochargers Product 160,Turbochargers,251,984,C01457,Thompson-Johnson,OEM,Automotive,Port Andrewland,Poland,2020-10-25,1
20243247,146,1817,3,34,8,3,2,553.44,466.54,86.9,531.86,555.26,P0146,Fuel Systems Product 146,Fuel Systems,401,816,C01817,Alexander-Mccullough,Fleet,Transportation,East John,Spain,2025-01-11,1
20229915,79,586,8,59,1,5,12,4349.35,3188.03,1161.32,4556.03,4270.24,P0079,Fuel Systems Product 79,Fuel Systems,182,426,C00586,"Ali, Brooks and Glenn",OEM,Manufacturing,West Jamesside,Austria,2023-05-19,1
20250762,447,1084,10,45,6,5,19,740.55,448.7,291.85,705.72,720.14,P0447,Turbochargers Product 447,Turbochargers,304,314,C01084,Baker-Rivera,Distributor,Transportation,Royhaven,Germany,2023-07-31,1
20242149,233,1869,1,2,8,1,17,4181.34,2680.15,1501.19,4388.15,4093.16,P0233,Fuel Systems Product 233,Fuel Systems,158,136,C01869,Kaiser LLC,Distributor,Manufacturing,Lake Aaronville,France,2017-05-14,1
20243721,57,3304,8,81,9,4,11,411.99,302.92,109.07,399.27,401.82,P0057,Filtration Product 57,Filtration,182,606,C03304,Jenkins Inc,OEM,Manufacturing,North Glen,Italy,2020-06-05,1
20245077,57,1008,7,30,3,1,8,1114.2,686.62,427.58,1104.59,1067.97,P0057,Filtration Product 57,Filtration,182,606,C01008,Pacheco LLC,OEM,Transportation,Amberburgh,Spain,2023-08-24,1
20248523,201,3604,4,33,4,1,2,3067.98,2479.85,588.13,2916.31,3135.49,P0201,Filtration Product 201,Filtration,170,784,C03604,Bates PLC,Fleet,Transportation,South Daniel,Poland,2019-04-17,1
20252090,427,3790,3,92,3,5,18,3779.2,2748.74,1030.46,3874.61,3971.61,P0427,Sensors Product 427,Sensors,314,409,C03790,"Henry, Smith and Johnson",Distributor,Manufacturing,Lake Carolyn,Italy,2025-10-17,1
20260822,35,2177,7,94,8,5,10,2045.67,1555.25,490.42,2144.49,2141.38,P0035,Filtration Product 35,Filtration,488,634,C02177,Roberts-Ortega,Fleet,Manufacturing,Bullockville,Spain,2022-08-14,1
20222832,70,4224,6,74,1,5,12,4932.3,3421.07,1511.23,4803.08,4717.72,P0070,Turbochargers Product 70,Turbochargers,115,117,C04224,Alvarado and Sons,Fleet,Transportation,Jacquelinechester,Belgium,2017-03-20,1
20254833,362,4604,6,14,8,3,17,3104.64,2255.21,849.43,3067.06,3136.9,P0362,Filtration Product 362,Filtration,404,144,C04604,Blair-Sullivan,Fleet,Transportation,East Todd,Spain,2020-12-28,1
20235870,217,61,2,28,9,4,20,4098.45,2518.56,1579.89,4289.59,4031.46,P0217,Turbochargers Product 217,Turbochargers,436,835,C00061,Gibson LLC,Distributor,Manufacturing,Claystad,Sweden,2025-03-22,1
20240892,354,976,4,90,2,5,16,4052.96,3366.07,686.89,3966.1,4420.6,P0354,Sensors Product 354,Sensors,291,182,C00976,Mosley-Peterson,OEM,Automotive,South Joseph,Germany,2021-08-07,1
20221106,355,4842,2,8,7,2,14,4160.47,3615.85,544.62,3991.66,4378.34,P0355,Electronics Product 355,Electronics,166,924,C04842,"Kane, Roy and Kidd",OEM,Transportation,Shannonville,Italy,2018-12-18,1
20254621,247,2217,3,106,2,3,19,1103.39,837.8,265.59,1150.68,1212.91,P0247,Aftertreatment Product 247,Aftertreatment,457,906,C02217,Mcclure-Brewer,OEM,Transportation,Williamhaven,Germany,2018-01-17,1
20252129,128,906,9,37,4,4,11,3062.47,1965.3,1097.17,3152.32,3032.28,P0128,Filtration Product 128,Filtration,124,665,C00906,Hopkins-Gonzales,OEM,Manufacturing,Lake Troy,Netherlands,2026-05-03,1
20230491,371,139,9,87,7,3,7,4046.47,3070.39,976.08,4095.54,4277.46,P0371,Cooling Systems Product 371,Cooling Systems,109,912,C00139,Webster-Pope,Distributor,Automotive,Terryberg,Netherlands,2019-07-05,1
20232105,38,2211,4,47,2,4,16,1607.31,1362.81,244.5,1592.45,1528.62,P0038,Cooling Systems Product 38,Cooling Systems,192,521,C02211,Bonilla-Miller,Distributor,Automotive,North Amber,Poland,2021-02-17,1
20246909,284,2086,6,73,8,5,13,671.0,541.78,129.22,651.3,691.8,P0284,Cooling Systems Product 284,Cooling Systems,378,813,C02086,"Clayton, Lang and Thompson",Distributor,Manufacturing,Amyview,Belgium,2021-09-06,1
20252942,253,1335,3,119,6,1,10,408.98,304.52,104.46,428.45,430.48,P0253,Aftertreatment Product 253,Aftertreatment,370,818,C01335,Stone-Maldonado,OEM,Transportation,Howechester,Italy,2023-05-29,1
20234986,393,3520,9,33,1,4,3,2028.34,1721.1,307.24,1954.49,2064.41,P0393,Cooling Systems Product 393,Cooling Systems,344,957,C03520,Meyer-West,OEM,Transportation,Annetteburgh,France,2024-10-23,1
20253830,399,3141,8,102,7,4,10,685.76,411.8,273.96,655.08,713.09,P0399,Cooling Systems Product 399,Cooling Systems,441,915,C03141,"Mills, Kelley and White",Distributor,Transportation,Victoriabury,France,2025-07-10,1
20233286,148,452,4,100,7,4,2,130.8,113.08,17.72,125.82,128.6,P0148,Filtration Product 148,Filtration,128,603,C00452,Herrera-Jordan,Fleet,Transportation,Port Victoria,France,2021-04-27,1
20221417,217,2493,1,64,3,3,12,690.78,549.5,141.28,661.93,711.63,P0217,Turbochargers Product 217,Turbochargers,436,835,C02493,"Black, Kim and Berry",Fleet,Transportation,Blackburnmouth,Germany,2018-11-13,1
20240787,410,4489,9,68,10,1,8,136.51,95.12,41.39,140.07,139.74,P0410,Filtration Product 410,Filtration,442,172,C04489,Blackwell-Christensen,OEM,Automotive,Ramseyberg,Sweden,2023-08-06,1
20237145,426,688,9,61,2,4,2,1301.68,962.77,338.91,1251.32,1294.88,P0426,Turbochargers Product 426,Turbochargers,67,778,C00688,Simon Group,Fleet,Manufacturing,Port Emily,France,2019-08-04,1
20249712,166,136,4,74,6,4,6,4540.66,2780.2,1760.46,4390.48,4892.86,P0166,Filtration Product 166,Filtration,399,723,C00136,Osborn-Richards,Distributor,Automotive,Grahamside,Poland,2020-02-24,1
20253722,54,1679,3,51,6,2,1,4301.24,3635.23,666.01,4203.24,4629.58,P0054,Electronics Product 54,Electronics,301,825,C01679,"Clark, Douglas and Smith",Fleet,Automotive,Joshuafort,Sweden,2018-09-05,1
20253702,157,3929,9,46,10,4,5,2682.11,1882.97,799.14,2684.73,2661.33,P0157,Sensors Product 157,Sensors,259,276,C03929,Barnes Ltd,Fleet,Automotive,Lake Cindy,Spain,2018-04-04,1
20224731,498,4996,7,55,6,5,19,4561.45,3755.06,806.39,4681.35,4540.37,P0498,Fuel Systems Product 498,Fuel Systems,235,606,C04996,"Mitchell, Ross and Lloyd",OEM,Manufacturing,North Brandon,Poland,2023-05-28,1
20260107,422,2696,5,64,9,4,14,1572.74,1121.06,451.68,1510.26,1511.82,P0422,Turbochargers Product 422,Turbochargers,496,520,C02696,Kirby PLC,OEM,Transportation,South Donnahaven,Germany,2021-01-21,1
20228353,67,3873,10,43,6,2,1,4460.61,2759.29,1701.32,4549.91,4414.35,P0067,Turbochargers Product 67,Turbochargers,160,257,C03873,Stout-Porter,Distributor,Automotive,Aprilfort,Poland,2021-09-10,1
20229005,282,2760,1,109,7,5,15,3718.75,3019.99,698.76,3678.19,3804.21,P0282,Sensors Product 282,Sensors,228,207,C02760,Alvarado-Green,OEM,Manufacturing,Jenniferland,France,2019-02-26,1
20258527,26,1147,10,113,9,4,3,1741.92,1223.83,518.09,1693.45,1902.93,P0026,Fuel Systems Product 26,Fuel Systems,79,165,C01147,Sanders Ltd,Distributor,Manufacturing,Reynoldsmouth,Germany,2022-02-07,1
20259709,351,1819,6,42,6,4,15,3610.34,3071.13,539.21,3588.57,3496.75,P0351,Fuel Systems Product 351,Fuel Systems,369,435,C01819,Madden and Sons,OEM,Transportation,Mccartyberg,France,2023-12-06,1
20236476,418,2206,9,94,2,3,16,174.23,122.62,51.61,177.84,175.79,P0418,Sensors Product 418,Sensors,65,522,C02206,Randolph-Williams,OEM,Transportation,Erictown,Spain,2025-11-20,1
20256083,90,1774,4,91,9,2,14,3226.49,2900.21,326.28,3184.39,3294.02,P0090,Electronics Product 90,Electronics,466,974,C01774,"Russell, Smith and Knight",OEM,Automotive,Port Tonyburgh,Belgium,2019-03-19,1
20250016,99,3170,8,5,5,1,18,3533.28,2197.61,1335.67,3499.25,3640.0,P0099,Fuel Systems Product 99,Fuel Systems,88,252,C03170,"Jackson, Baker and Carter",Fleet,Manufacturing,Deborahstad,Spain,2017-02-02,1
20228998,159,3889,3,58,8,1,8,4790.21,3463.45,1326.76,4962.1,5245.21,P0159,Filtration Product 159,Filtration,180,372,C03889,"Johnson, Guerrero and Orozco",OEM,Transportation,Lake Melanie,Spain,2026-04-26,1
20225714,285,4165,1,34,4,5,16,2652.77,1633.95,1018.82,2710.56,2623.93,P0285,Turbochargers Product 285,Turbochargers,252,155,C04165,"Waters, Pena and Lara",Distributor,Transportation,Thomasmouth,France,2025-12-05,1
20241673,407,1248,8,36,1,1,4,2950.62,2038.97,911.65,3019.84,2916.08,P0407,Aftertreatment Product 407,Aftertreatment,268,118,C01248,Leon-Gomez,Fleet,Manufacturing,Mcdonaldville,Sweden,2017-08-04,1
20239850,409,2657,2,55,2,3,5,2658.46,1632.5,1025.96,2651.18,2823.57,P0409,Aftertreatment Product 409,Aftertreatment,58,859,C02657,Russell-Sims,OEM,Transportation,East Scott,Sweden,2016-12-23,1
20253272,155,692,6,91,7,1,5,2480.17,1495.01,985.16,2440.61,2725.06,P0155,Fuel Systems Product 155,Fuel Systems,406,343,C00692,Owens-Porter,OEM,Transportation,Port Heiditown,Netherlands,2019-09-16,1
20255322,204,1393,4,52,5,2,6,3622.2,2843.53,778.67,3708.04,3935.25,P0204,Filtration Product 204,Filtration,430,301,C01393,"Christensen, Campbell and Jones",Distributor,Automotive,Ashleyside,France,2023-01-26,1
20240877,370,4520,1,44,4,4,18,4729.19,3900.98,828.21,4904.02,4576.99,P0370,Cooling Systems Product 370,Cooling Systems,487,266,C04520,Lewis-Murray,Fleet,Manufacturing,Jonesville,France,2020-04-01,1
20225943,351,1097,4,73,10,4,18,977.39,612.74,364.65,952.85,1028.56,P0351,Fuel Systems Product 351,Fuel Systems,369,435,C01097,Brooks-Byrd,OEM,Automotive,Brucefort,Italy,2020-12-22,1
20226061,295,3649,4,110,6,2,10,3349.3,2277.01,1072.29,3291.58,3379.62,P0295,Sensors Product 295,Sensors,177,878,C03649,Mann LLC,OEM,Manufacturing,Kyliefurt,Netherlands,2024-03-19,1
20256088,223,3366,9,72,7,2,1,1475.17,1266.7,208.47,1429.82,1574.35,P0223,Aftertreatment Product 223,Aftertreatment,270,307,C03366,Butler-Trevino,OEM,Transportation,Amandafurt,Belgium,2019-03-13,1
20248243,297,239,10,69,10,1,19,3734.69,2555.39,1179.3,3813.05,3739.09,P0297,Electronics Product 297,Electronics,158,281,C00239,Escobar-Meza,Distributor,Automotive,Lake Jenniferside,Sweden,2022-01-01,1
20250376,485,1500,4,96,2,4,20,4531.31,3313.94,1217.37,4549.83,4432.36,P0485,Aftertreatment Product 485,Aftertreatment,458,554,C01500,Mccormick Group,Fleet,Manufacturing,Amberfurt,Belgium,2026-01-27,1
20253347,90,2482,5,1,9,5,9,4536.77,3851.68,685.09,4571.23,4676.07,P0090,Electronics Product 90,Electronics,466,974,C02482,Anthony-Joseph,Distributor,Transportation,Atkinsonstad,Netherlands,2024-05-03,1
20255639,396,1505,2,38,7,2,16,1682.14,1482.37,199.77,1734.66,1848.27,P0396,Turbochargers Product 396,Turbochargers,351,349,C01505,Smith-Thomas,OEM,Manufacturing,South Maria,Italy,2023-07-09,1
20231386,391,2136,5,102,9,5,1,2676.07,1759.56,916.51,2798.38,2559.79,P0391,Sensors Product 391,Sensors,448,870,C02136,"Ochoa, Steele and Johns",Fleet,Transportation,Baileyfort,France,2021-06-29,1
20241886,372,3722,10,2,4,3,11,2202.18,1469.96,732.22,2230.0,2259.88,P0372,Filtration Product 372,Filtration,256,741,C03722,"Carlson, Walker and Fernandez",Fleet,Transportation,South Terry,Netherlands,2025-06-27,1
20226844,458,272,8,63,6,4,19,4527.37,3776.78,750.59,4397.87,4406.72,P0458,Sensors Product 458,Sensors,64,799,C00272,"Reed, Thomas and Davis",Fleet,Transportation,Deborahmouth,France,2019-07-02,1
20255639,268,1634,3,97,8,3,7,1150.91,1014.96,135.95,1135.09,1181.39,P0268,Sensors Product 268,Sensors,491,116,C01634,Green-Harrington,Fleet,Manufacturing,Arthurberg,Spain,2022-09-18,1
20234145,240,1238,6,58,1,2,15,413.52,345.71,67.81,429.75,446.51,P0240,Turbochargers Product 240,Turbochargers,89,780,C01238,"Williams, Gutierrez and Perez",Distributor,Automotive,South Larryport,Italy,2023-03-24,1
20253628,207,1197,7,47,5,3,4,3911.59,2801.37,1110.22,3754.63,4126.12,P0207,Filtration Product 207,Filtration,343,630,C01197,Howard Group,OEM,Automotive,Lindaborough,Italy,2023-04-20,1
20240094,339,3489,3,69,3,4,15,834.89,638.54,196.35,871.38,867.08,P0339,Cooling Systems Product 339,Cooling Systems,290,786,C03489,Mcneil-Sanchez,Fleet,Transportation,East Kelly,Austria,2026-05-27,1
20239297,291,4434,6,14,4,2,14,1036.42,828.75,207.67,993.32,1048.76,P0291,Cooling Systems Product 291,Cooling Systems,130,620,C04434,Wade Ltd,Distributor,Automotive,East Tanyaton,Netherlands,2018-06-19,1
20220225,383,2039,8,47,5,1,14,4603.34,3082.77,1520.57,4765.33,4761.41,P0383,Electronics Product 383,Electronics,446,491,C02039,Sharp and Sons,Distributor,Transportation,Port Howardville,Germany,2019-09-28,1
20230141,10,3341,5,64,9,3,14,3379.98,2953.99,425.99,3408.68,3328.14,P0010,Fuel Systems Product 10,Fuel Systems,65,148,C03341,"Garcia, Burgess and Hancock",OEM,Automotive,New Ashleyfurt,Belgium,2021-12-29,1
20244763,43,339,7,105,6,2,10,4509.69,3538.1,971.59,4678.31,4363.27,P0043,Turbochargers Product 43,Turbochargers,303,322,C00339,"Hill, Bray and Horne",Distributor,Manufacturing,Wilkinsonchester,Belgium,2017-04-01,1
20227702,102,361,2,18,7,1,14,1650.08,1062.44,587.64,1645.76,1633.13,P0102,Electronics Product 102,Electronics,346,814,C00361,"Kemp, Forbes and Horne",Fleet,Transportation,Megantown,Austria,2018-08-31,1
20228749,147,2260,8,97,2,2,5,4545.62,3285.18,1260.44,4618.71,4566.67,P0147,Sensors Product 147,Sensors,54,359,C02260,"Diaz, Santiago and Jones",Distributor,Transportation,Lake Rebecca,Belgium,2025-01-30,1
20252778,47,1628,6,82,8,1,8,1019.12,795.95,223.17,1041.56,1031.45,P0047,Aftertreatment Product 47,Aftertreatment,487,629,C01628,Oneill-Smith,Fleet,Automotive,Hendricksland,Poland,2016-11-25,1
20224848,387,2986,3,76,7,5,6,3898.34,3130.51,767.83,3957.97,3818.18,P0387,Fuel Systems Product 387,Fuel Systems,99,119,C02986,Sullivan-Clark,Fleet,Transportation,Kingfort,Germany,2023-04-27,1
20231852,323,1961,8,1,9,2,16,2709.58,1901.79,807.79,2687.44,2623.51,P0323,Sensors Product 323,Sensors,450,646,C01961,Patterson and Sons,Distributor,Transportation,Port Christopher,France,2020-06-25,1
20224039,253,2604,2,38,1,4,5,3108.6,2628.27,480.33,3168.32,3073.4,P0253,Aftertreatment Product 253,Aftertreatment,370,818,C02604,Sanchez-Nelson,Distributor,Transportation,Noahview,Sweden,2021-01-16,1
20250576,35,2266,3,90,9,3,17,3119.4,2107.82,1011.58,3020.23,3199.71,P0035,Filtration Product 35,Filtration,488,634,C02266,"Brown, Wright and Ferguson",Distributor,Transportation,Port Deanna,Netherlands,2025-02-15,1
20232598,326,1449,5,44,3,5,15,3398.9,2860.51,538.39,3347.26,3368.81,P0326,Sensors Product 326,Sensors,428,355,C01449,Donovan Group,Fleet,Manufacturing,South Leonardborough,Poland,2018-11-27,1
20242482,218,223,2,81,8,4,13,2141.64,1565.83,575.81,2093.93,2217.52,P0218,Fuel Systems Product 218,Fuel Systems,416,430,C00223,"Shields, Vazquez and Roach",Distributor,Automotive,Melissaville,France,2017-07-23,1
20227210,186,3116,9,7,6,1,13,918.7,662.13,256.57,952.25,998.83,P0186,Sensors Product 186,Sensors,325,550,C03116,"Johnson, Nelson and Kaufman",Fleet,Automotive,Oliverland,Sweden,2022-05-05,1
20256299,14,2385,1,62,4,3,16,3062.34,2582.7,479.64,3085.73,3189.25,P0014,Electronics Product 14,Electronics,120,660,C02385,Chavez Ltd,Distributor,Automotive,Lake Sarah,Belgium,2024-11-22,1
20252715,78,1164,7,85,8,3,8,696.96,433.28,263.68,704.59,742.11,P0078,Turbochargers Product 78,Turbochargers,353,157,C01164,"Lynn, Booker and Pennington",OEM,Automotive,North Joseph,Netherlands,2021-04-11,1
20251462,128,3462,6,21,3,4,14,2197.72,1465.2,732.52,2226.95,2390.2,P0128,Filtration Product 128,Filtration,124,665,C03462,Rowe-Torres,OEM,Manufacturing,Lake Lisa,Poland,2026-08-04,1
20229497,209,3239,9,58,1,5,19,2732.06,1944.18,787.88,2707.6,2769.66,P0209,Sensors Product 209,Sensors,299,388,C03239,Willis-Griffin,Distributor,Automotive,New Jason,Netherlands,2018-07-02,1
20222099,347,3055,8,75,3,2,4,3039.26,2233.38,805.88,2934.8,3165.44,P0347,Sensors Product 347,Sensors,389,607,C03055,"Freeman, Gross and Contreras",Fleet,Transportation,Christopherbury,Belgium,2022-01-28,1
20258793,263,2860,4,116,8,1,2,546.34,465.51,80.83,531.3,553.2,P0263,Sensors Product 263,Sensors,106,470,C02860,"Morgan, Robinson and Hawkins",OEM,Automotive,Andersonport,Belgium,2019-04-13,1
20259430,182,454,8,108,10,2,2,3973.48,2562.58,1410.9,3893.33,3965.21,P0182,Aftertreatment Product 182,Aftertreatment,492,433,C00454,Willis and Sons,OEM,Transportation,New David,Sweden,2025-04-17,1
20251258,371,1751,1,2,5,4,13,2322.6,1807.76,514.84,2377.14,2548.31,P0371,Cooling Systems Product 371,Cooling Systems,109,912,C01751,Torres-Bright,Distributor,Transportation,Gregoryfurt,Poland,2019-03-23,1
20259477,204,628,10,96,1,3,18,673.47,422.22,251.25,700.06,645.14,P0204,Filtration Product 204,Filtration,430,301,C00628,"Brown, Chavez and Brown",Distributor,Manufacturing,Janiceland,Italy,2019-04-18,1
20253148,237,4951,5,119,7,5,10,4062.97,3172.92,890.05,4229.92,4037.42,P0237,Sensors Product 237,Sensors,90,902,C04951,"Scott, Jordan and Deleon",Fleet,Automotive,New Johnside,Germany,2018-03-24,1
20234024,183,4701,1,47,7,2,14,3342.11,2158.78,1183.33,3199.18,3430.32,P0183,Fuel Systems Product 183,Fuel Systems,382,919,C04701,"Gomez, Wells and Peters",OEM,Transportation,Doyleton,Netherlands,2017-08-28,1
20233019,245,2084,8,22,6,5,18,716.81,455.44,261.37,684.39,685.87,P0245,Sensors Product 245,Sensors,412,637,C02084,Summers Inc,OEM,Automotive,Lake Stacy,Italy,2026-01-22,1
20256961,184,3261,6,111,2,2,3,1610.97,1210.75,400.22,1644.26,1530.96,P0184,Turbochargers Product 184,Turbochargers,387,773,C03261,Rice-Williams,OEM,Manufacturing,Deannamouth,France,2019-11-04,1
20246414,158,1686,8,106,9,2,17,2071.4,1407.79,663.61,2145.13,2262.07,P0158,Filtration Product 158,Filtration,101,235,C01686,Petersen and Sons,Distributor,Manufacturing,Peterschester,Netherlands,2022-03-08,1
20240057,147,4975,2,68,8,2,8,524.35,341.02,183.33,530.15,532.01,P0147,Sensors Product 147,Sensors,54,359,C04975,Wright Group,Fleet,Transportation,Browntown,France,2022-05-31,1
20247701,57,1523,5,23,3,3,6,2258.28,1436.54,821.74,2150.78,2467.89,P0057,Filtration Product 57,Filtration,182,606,C01523,Charles-Riley,OEM,Automotive,New Briantown,Poland,2026-01-21,1
20224283,59,3010,7,33,6,3,14,1236.61,1092.7,143.91,1214.53,1312.71,P0059,Sensors Product 59,Sensors,456,535,C03010,"Horne, Mitchell and Tucker",Fleet,Transportation,South Matthewchester,France,2023-10-17,1
20225934,443,2702,9,78,2,3,12,462.8,306.97,155.83,446.35,490.7,P0443,Cooling Systems Product 443,Cooling Systems,179,863,C02702,"Collins, Hill and Cervantes",Distributor,Transportation,Allenton,Netherlands,2026-07-01,1
20220691,345,1096,6,66,8,4,8,1064.68,777.22,287.46,1037.56,1092.88,P0345,Electronics Product 345,Electronics,104,632,C01096,Jones Group,OEM,Manufacturing,Lake Crystalberg,Belgium,2016-08-17,1
20249135,479,918,3,52,2,1,10,4272.62,2614.36,1658.26,4226.63,4612.57,P0479,Sensors Product 479,Sensors,332,781,C00918,Williams Inc,Distributor,Transportation,Port Wesley,Belgium,2018-03-13,1
20239165,447,3216,3,69,10,1,19,1741.99,1518.14,223.85,1744.31,1726.79,P0447,Turbochargers Product 447,Turbochargers,304,314,C03216,Spencer-Yu,OEM,Automotive,Angelmouth,Belgium,2021-10-19,1
20223784,348,4064,7,107,8,4,15,1216.44,871.54,344.9,1199.42,1206.49,P0348,Electronics Product 348,Electronics,355,293,C04064,Davis Ltd,OEM,Automotive,Port Vernon,Belgium,2024-10-18,1
20260310,315,4775,5,9,5,3,18,4434.2,3481.55,952.65,4332.15,4541.29,P0315,Cooling Systems Product 315,Cooling Systems,222,841,C04775,Hernandez-Greene,OEM,Automotive,North Travis,Italy,2018-10-25,1
20222893,438,2387,2,5,7,4,6,2804.33,2175.42,628.91,2918.44,2840.33,P0438,Electronics Product 438,Electronics,347,372,C02387,Gray-Harris,Distributor,Manufacturing,West Tracy,Austria,2021-03-09,1
20222953,45,2113,8,106,6,5,7,4852.57,3369.67,1482.9,4735.23,5168.24,P0045,Aftertreatment Product 45,Aftertreatment,192,571,C02113,Patrick PLC,Distributor,Automotive,Thomasburgh,Italy,2019-03-31,1
20231598,474,4992,9,70,10,1,19,3511.35,2168.24,1343.11,3662.87,3502.86,P0474,Fuel Systems Product 474,Fuel Systems,91,178,C04992,Bond-Maynard,OEM,Manufacturing,New Renee,Italy,2024-11-04,1
20231470,394,3785,2,21,2,4,14,3117.08,2576.86,540.22,3072.63,3311.79,P0394,Sensors Product 394,Sensors,430,463,C03785,Ramirez-Cannon,Fleet,Automotive,Jillborough,Netherlands,2023-11-21,1
20243508,361,2621,1,109,5,1,14,2959.79,2564.58,395.21,2912.67,3163.15,P0361,Turbochargers Product 361,Turbochargers,486,137,C02621,"Lee, Navarro and Houston",OEM,Transportation,Susanborough,Poland,2025-06-19,1
20226261,366,4791,6,46,9,3,19,496.95,355.14,141.81,492.54,511.88,P0366,Sensors Product 366,Sensors,359,401,C04791,"Smith, Hart and Floyd",Distributor,Manufacturing,South Thomasstad,Netherlands,2024-11-13,1
20250162,281,3899,9,108,7,1,16,4244.96,2689.83,1555.13,4033.96,4610.1,P0281,Fuel Systems Product 281,Fuel Systems,223,797,C03899,Martinez LLC,Distributor,Manufacturing,Kevinhaven,Netherlands,2019-10-08,1
20233485,200,677,7,88,8,4,15,3619.23,3248.65,370.58,3652.57,3770.34,P0200,Electronics Product 200,Electronics,57,195,C00677,Ramirez Inc,Distributor,Automotive,Longview,Sweden,2021-01-20,1
20223856,392,2538,1,100,1,5,8,3461.16,2712.81,748.35,3544.16,3755.29,P0392,Turbochargers Product 392,Turbochargers,136,802,C02538,Drake-King,Distributor,Transportation,West Patrick,Germany,2023-04-29,1
20249793,149,300,5,17,7,5,5,518.56,365.02,153.54,533.91,506.36,P0149,Sensors Product 149,Sensors,441,408,C00300,"Chandler, Clayton and Williams",Fleet,Transportation,Lake Michael,Belgium,2021-06-07,1
20259236,322,888,10,20,1,4,16,3943.56,2868.27,1075.29,4092.08,4235.46,P0322,Fuel Systems Product 322,Fuel Systems,145,993,C00888,"Fuentes, Flowers and Chase",OEM,Manufacturing,Stephanieview,Germany,2025-02-10,1
20245277,260,2091,4,93,3,1,12,2092.67,1769.8,322.87,2132.42,2261.29,P0260,Cooling Systems Product 260,Cooling Systems,369,254,C02091,Rodgers Group,Distributor,Automotive,Mccannberg,Poland,2017-03-07,1
20221775,277,587,10,51,4,2,14,3782.33,3304.35,477.98,3933.75,3803.96,P0277,Filtration Product 277,Filtration,372,298,C00587,"Ross, Farrell and Owens",Fleet,Transportation,Deniseton,Germany,2022-09-04,1
20260462,68,2449,6,19,6,2,10,540.57,451.99,88.58,517.95,563.03,P0068,Filtration Product 68,Filtration,120,182,C02449,"Patterson, Harris and Johnson",Distributor,Manufacturing,South Kellyfurt,Poland,2020-02-28,1
20235703,460,137,3,62,6,3,6,3075.88,2562.42,513.46,3059.08,3135.11,P0460,Cooling Systems Product 460,Cooling Systems,158,883,C00137,"Garrison, Crosby and Chase",Fleet,Transportation,Georgefort,Spain,2019-12-09,1
20260136,384,1934,9,82,3,5,20,1662.05,1179.0,483.05,1639.03,1710.52,P0384,Filtration Product 384,Filtration,443,820,C01934,Garcia LLC,Fleet,Automotive,West Williammouth,Italy,2019-04-07,1
20241828,440,3711,9,42,4,1,5,511.67,393.18,118.49,524.78,486.5,P0440,Sensors Product 440,Sensors,382,762,C03711,Duarte and Sons,Fleet,Manufacturing,Waltermouth,Austria,2020-03-20,1
20257018,49,1323,4,8,1,2,3,4151.06,3102.38,1048.68,4159.48,4549.7,P0049,Electronics Product 49,Electronics,139,685,C01323,"David, Sanchez and Davis",Distributor,Automotive,Phillipsburgh,Netherlands,2018-03-04,1
20225684,289,1975,1,21,2,2,20,3957.41,2459.91,1497.5,3983.75,4195.79,P0289,Fuel Systems Product 289,Fuel Systems,169,373,C01975,"Weiss, Watson and Allen",OEM,Automotive,East Deborahmouth,France,2022-01-05,1
20233413,181,4712,1,46,7,3,14,2243.6,1769.94,473.66,2276.89,2158.59,P0181,Cooling Systems Product 181,Cooling Systems,243,370,C04712,"Velazquez, Kim and Saunders",OEM,Manufacturing,New Bruce,Austria,2023-12-18,1
20260956,436,1081,7,57,6,3,19,1613.53,1383.62,229.91,1597.09,1759.73,P0436,Filtration Product 436,Filtration,182,285,C01081,Carson and Sons,OEM,Automotive,North Jerome,Poland,2023-10-21,1
20232733,287,2693,9,64,7,2,8,2368.39,1846.38,522.01,2483.39,2536.13,P0287,Electronics Product 287,Electronics,63,884,C02693,"Mccoy, Willis and Hahn",Fleet,Transportation,East Ivan,Belgium,2023-10-25,1
20241398,264,1382,1,6,5,4,6,3657.33,2476.78,1180.55,3522.53,4020.08,P0264,Electronics Product 264,Electronics,85,333,C01382,Gonzales-Collins,OEM,Transportation,Lake Colleenstad,France,2022-01-15,1
20229699,85,4460,1,76,8,3,2,142.96,119.46,23.5,149.71,141.26,P0085,Filtration Product 85,Filtration,316,630,C04460,Thomas Inc,OEM,Automotive,Cindyton,Germany,2017-12-09,1
20247265,133,3547,2,45,5,4,1,1983.13,1757.77,225.36,1974.42,1899.38,P0133,Turbochargers Product 133,Turbochargers,307,332,C03547,Grant-Khan,Fleet,Transportation,Christinaville,Spain,2016-09-20,1
20242594,167,3013,8,106,4,3,14,426.1,351.96,74.14,427.21,432.11,P0167,Fuel Systems Product 167,Fuel Systems,235,341,C03013,"Baker, Gonzalez and Henry",Distributor,Automotive,Ryanland,Italy,2017-02-24,1
20232894,357,1957,9,103,10,4,10,2729.69,1671.81,1057.88,2737.05,2595.99,P0357,Turbochargers Product 357,Turbochargers,388,710,C01957,Myers-Pugh,OEM,Automotive,Gracechester,Belgium,2016-10-20,1
20222277,58,4933,3,41,2,5,14,558.38,398.01,160.37,531.02,565.81,P0058,Sensors Product 58,Sensors,250,741,C04933,Huffman Group,OEM,Transportation,Sarahstad,Belgium,2022-08-08,1
20241600,39,4002,5,29,1,5,13,781.71,494.07,287.64,757.35,848.63,P0039,Filtration Product 39,Filtration,453,666,C04002,"Boyd, Decker and Barber",Distributor,Manufacturing,West Thomasberg,France,2025-02-03,1
20253762,286,3442,4,102,9,4,3,1587.95,1117.6,470.35,1586.41,1590.87,P0286,Aftertreatment Product 286,Aftertreatment,346,148,C03442,"Lawson, Cruz and Dunlap",OEM,Manufacturing,East Jacobshire,Italy,2019-03-29,1
20235756,194,727,3,17,1,4,12,3455.94,2773.02,682.92,3436.0,3450.96,P0194,Fuel Systems Product 194,Fuel Systems,347,939,C00727,Macdonald Inc,Distributor,Manufacturing,West Taylor,Poland,2018-12-06,1
20230629,46,1270,7,42,2,2,17,2601.63,1786.03,815.6,2610.66,2636.65,P0046,Sensors Product 46,Sensors,205,967,C01270,"Hammond, Rubio and Ramirez",Distributor,Automotive,East Donna,Poland,2017-07-18,1
20232984,317,1535,8,100,3,5,13,3831.31,2802.37,1028.94,3900.6,3895.43,P0317,Cooling Systems Product 317,Cooling Systems,303,365,C01535,"Price, Caldwell and Yates",OEM,Manufacturing,New Donnaborough,Belgium,2026-04-18,1
20245188,128,1243,2,118,5,5,19,2094.2,1415.9,678.3,2055.71,2147.99,P0128,Filtration Product 128,Filtration,124,665,C01243,Kemp-Reed,Distributor,Manufacturing,East Robertfort,France,2020-04-14,1
20237902,466,3036,10,51,2,3,20,105.55,92.91,12.64,103.29,105.41,P0466,Electronics Product 466,Electronics,346,745,C03036,James-Blair,OEM,Manufacturing,Kristafort,Netherlands,2025-06-21,1
20247346,298,1030,2,68,5,5,14,4885.06,3544.77,1340.29,4867.84,5158.82,P0298,Sensors Product 298,Sensors,292,933,C01030,Rogers-Hughes,Distributor,Manufacturing,Martinezberg,Germany,2024-09-28,1
20233839,115,3219,3,120,2,2,2,2047.13,1693.53,353.6,2071.33,2226.69,P0115,Sensors Product 115,Sensors,200,659,C03219,Butler-James,Fleet,Manufacturing,Lake Kennethside,Belgium,2019-05-10,1
20252507,435,1680,1,15,6,2,3,841.18,579.22,261.96,872.14,859.49,P0435,Aftertreatment Product 435,Aftertreatment,175,492,C01680,Johnson PLC,Fleet,Manufacturing,Wilsonland,Sweden,2021-01-24,1
20236384,376,3680,4,102,9,1,14,849.61,667.01,182.6,837.02,891.92,P0376,Cooling Systems Product 376,Cooling Systems,75,159,C03680,Aguirre and Sons,Distributor,Automotive,Port Melissahaven,Germany,2019-04-19,1
20224408,382,4156,10,8,8,4,4,923.48,817.73,105.75,956.25,948.65,P0382,Sensors Product 382,Sensors,460,927,C04156,Jennings Ltd,OEM,Manufacturing,West Davidport,Sweden,2026-01-07,1
20255414,166,2258,1,16,7,5,5,3502.1,2183.96,1318.14,3348.35,3775.87,P0166,Filtration Product 166,Filtration,399,723,C02258,Lewis Inc,OEM,Manufacturing,New Bruce,France,2019-10-17,1
20243599,111,4849,9,28,8,5,15,216.12,168.51,47.61,205.57,221.18,P0111,Filtration Product 111,Filtration,249,946,C04849,"Lewis, King and Cordova",Fleet,Transportation,Lauraton,Poland,2024-02-27,1
20233121,89,1766,1,66,8,5,6,4794.32,4019.12,775.2,4923.84,4577.68,P0089,Sensors Product 89,Sensors,93,629,C01766,Smith-Bass,Distributor,Transportation,Caseystad,France,2025-05-30,1
20242968,48,4972,6,53,1,1,12,663.42,509.83,153.59,631.36,720.2,P0048,Electronics Product 48,Electronics,394,857,C04972,"Ellis, Mccarty and Simmons",Fleet,Automotive,East Roger,Spain,2019-08-26,1
20242446,198,4450,1,101,4,1,13,4298.06,2792.25,1505.81,4291.8,4220.49,P0198,Sensors Product 198,Sensors,323,911,C04450,Jimenez-Mahoney,Fleet,Transportation,Hernandezstad,Netherlands,2025-10-20,1
20228544,255,2616,10,112,7,4,11,2130.12,1319.36,810.76,2164.76,2272.56,P0255,Cooling Systems Product 255,Cooling Systems,66,596,C02616,Clark-Thomas,Distributor,Transportation,West Lauren,France,2023-05-24,1
20252986,170,2384,4,75,1,3,10,3934.35,3339.0,595.35,3943.39,3784.85,P0170,Fuel Systems Product 170,Fuel Systems,339,713,C02384,Weber-George,OEM,Automotive,North Staceymouth,Austria,2022-11-16,1
20224402,336,573,5,83,2,2,3,4637.58,3334.0,1303.58,4697.18,4633.65,P0336,Sensors Product 336,Sensors,121,848,C00573,Mccall-Holden,Distributor,Manufacturing,Lake Monique,Sweden,2025-01-06,1
20251366,102,2941,9,61,8,1,12,4571.68,3900.25,671.43,4462.6,4680.93,P0102,Electronics Product 102,Electronics,346,814,C02941,Williams-Hanson,OEM,Manufacturing,South Andreaborough,Sweden,2022-04-24,1
20228512,481,778,9,66,8,1,15,3442.92,2848.15,594.77,3568.08,3656.0,P0481,Electronics Product 481,Electronics,85,133,C00778,Anderson-Crawford,OEM,Automotive,Smithview,France,2019-01-10,1
20241620,99,3924,3,105,6,1,6,4905.8,4148.06,757.74,5049.24,4692.04,P0099,Fuel Systems Product 99,Fuel Systems,88,252,C03924,Farmer-Wiley,Fleet,Transportation,Robertsshire,Belgium,2025-09-07,1
20236874,276,4335,9,34,4,3,10,1572.91,1414.64,158.27,1630.04,1720.17,P0276,Sensors Product 276,Sensors,475,986,C04335,Nguyen-Nelson,OEM,Automotive,Yolandashire,Poland,2019-06-05,1
20224519,77,1228,5,87,4,4,2,4475.36,3957.0,518.36,4445.93,4391.52,P0077,Filtration Product 77,Filtration,270,390,C01228,"Marks, Schultz and Carlson",Distributor,Automotive,Monicaside,Germany,2021-02-06,1
20233253,478,274,10,67,7,5,19,3476.54,2358.47,1118.07,3558.01,3598.88,P0478,Filtration Product 478,Filtration,181,926,C00274,Miller-Warren,OEM,Automotive,North Kristy,Sweden,2018-07-21,1
20222017,396,4274,9,29,6,3,3,1162.3,941.41,220.89,1108.62,1259.15,P0396,Turbochargers Product 396,Turbochargers,351,349,C04274,"Shelton, Fitzgerald and Finley",Distributor,Automotive,Delacruzchester,Belgium,2016-10-22,1
20245909,295,2797,7,43,10,2,5,1566.92,1058.08,508.84,1587.82,1661.43,P0295,Sensors Product 295,Sensors,177,878,C02797,Moore Group,OEM,Automotive,Arnoldstad,Netherlands,2016-08-11,1
20257178,417,256,1,50,5,4,3,2282.26,1396.09,886.17,2199.22,2490.87,P0417,Fuel Systems Product 417,Fuel Systems,346,907,C00256,Smith-Bailey,OEM,Manufacturing,Lake Edwinview,Spain,2018-12-20,1
20252114,157,1457,10,6,6,3,18,3456.12,2476.11,980.01,3507.84,3662.37,P0157,Sensors Product 157,Sensors,259,276,C01457,Thompson-Johnson,OEM,Automotive,Port Andrewland,Poland,2020-10-25,1
20247145,397,270,8,70,10,4,6,4558.87,3117.1,1441.77,4559.73,4912.42,P0397,Fuel Systems Product 397,Fuel Systems,173,384,C00270,Gregory PLC,Distributor,Automotive,Rodriguezshire,France,2022-02-22,1
20239319,291,59,5,17,2,2,15,826.42,664.46,161.96,831.03,862.37,P0291,Cooling Systems Product 291,Cooling Systems,130,620,C00059,Smith-Ross,Fleet,Automotive,East Daniel,Spain,2021-01-13,1
20255023,353,4784,7,83,1,1,15,1441.75,1190.98,250.77,1506.38,1373.05,P0353,Sensors Product 353,Sensors,250,528,C04784,Beasley-Ortiz,Fleet,Transportation,Wardbury,Belgium,2017-03-10,1
20246018,306,442,4,1,7,4,5,4161.44,3704.58,456.86,4136.9,4306.83,P0306,Sensors Product 306,Sensors,268,829,C00442,Williams-Duke,Distributor,Manufacturing,East Michael,Italy,2018-08-04,1
20232330,20,3360,9,97,10,1,9,879.84,590.09,289.75,899.9,906.77,P0020,Turbochargers Product 20,Turbochargers,66,961,C03360,Murray and Sons,Fleet,Automotive,Lake Pamela,France,2025-11-03,1
20245150,53,2426,4,11,10,1,11,911.44,662.8,248.64,879.28,905.19,P0053,Turbochargers Product 53,Turbochargers,498,900,C02426,"Barrett, Melendez and Campbell",Distributor,Automotive,Linbury,Austria,2022-03-02,1
20221081,387,3131,8,110,1,5,12,2166.48,1751.41,415.07,2194.71,2070.9,P0387,Fuel Systems Product 387,Fuel Systems,99,119,C03131,Frazier and Sons,Fleet,Manufacturing,Lake James,Italy,2018-06-04,1
20221930,362,195,3,7,3,5,7,468.31,416.75,51.56,466.95,500.74,P0362,Filtration Product 362,Filtration,404,144,C00195,Rodriguez PLC,OEM,Manufacturing,Port Travis,Austria,2020-02-24,1
20226927,56,983,3,117,7,3,16,479.35,375.79,103.56,485.33,475.3,P0056,Electronics Product 56,Electronics,160,902,C00983,Moore-Rivera,Distributor,Transportation,East Kelly,Germany,2023-03-08,1
20249960,61,4400,5,120,10,4,17,1540.33,1043.78,496.55,1609.51,1492.71,P0061,Turbochargers Product 61,Turbochargers,365,974,C04400,Reynolds-Cross,OEM,Transportation,West Philip,Italy,2017-08-28,1
20239683,161,1219,9,17,4,5,7,376.46,317.32,59.14,377.46,393.65,P0161,Turbochargers Product 161,Turbochargers,413,546,C01219,Smith Group,OEM,Manufacturing,South Jessica,Spain,2016-08-13,1
20230170,12,2917,4,79,5,5,12,4390.02,3609.19,780.83,4602.93,4236.69,P0012,Turbochargers Product 12,Turbochargers,314,761,C02917,Mcmillan PLC,OEM,Automotive,Lake Williammouth,Austria,2020-12-24,1
20221095,457,1015,7,10,6,5,1,2670.79,1657.16,1013.63,2679.69,2840.74,P0457,Filtration Product 457,Filtration,213,262,C01015,Jones-Duncan,OEM,Automotive,East Jonathanport,Austria,2020-07-20,1
20243575,402,2814,10,37,6,5,8,2685.27,1782.64,902.63,2801.36,2847.14,P0402,Sensors Product 402,Sensors,229,502,C02814,Rodriguez-Daniel,Fleet,Transportation,Lake Reginaville,Netherlands,2024-01-16,1
20244789,418,1423,2,34,3,4,5,3195.53,2825.88,369.65,3273.72,3217.21,P0418,Sensors Product 418,Sensors,65,522,C01423,Murphy-Ramsey,OEM,Automotive,South Jessicashire,Netherlands,2017-11-02,1
20250471,33,1862,7,119,6,3,12,1220.48,1001.0,219.48,1226.11,1295.08,P0033,Sensors Product 33,Sensors,252,257,C01862,"Sanders, Logan and Lang",Distributor,Transportation,West Biancabury,Spain,2023-11-08,1
20228015,254,172,10,67,9,3,12,3547.32,3149.53,397.79,3664.6,3697.75,P0254,Sensors Product 254,Sensors,174,101,C00172,Johnson Group,OEM,Automotive,Tracychester,Austria,2017-10-20,1
20220782,309,2284,9,76,7,3,3,1752.65,1371.75,380.9,1732.47,1781.65,P0309,Filtration Product 309,Filtration,421,447,C02284,Sherman-Howard,Distributor,Manufacturing,Lake Jessicaborough,Germany,2020-02-13,1
20256264,225,3268,2,99,10,1,19,3006.18,1927.59,1078.59,3021.95,2882.15,P0225,Fuel Systems Product 225,Fuel Systems,143,174,C03268,Walker-Lee,OEM,Transportation,North Cody,Belgium,2018-02-06,1
20252100,500,2454,7,67,6,1,7,4256.48,3641.95,614.53,4424.17,4455.4,P0500,Cooling Systems Product 500,Cooling Systems,497,280,C02454,Franklin Ltd,Distributor,Manufacturing,North Jennifershire,Germany,2020-10-29,1
20257134,118,2987,10,45,8,3,15,2196.4,1510.02,686.38,2137.58,2116.6,P0118,Turbochargers Product 118,Turbochargers,151,106,C02987,Morgan Group,Fleet,Manufacturing,Lake Christina,Poland,2021-11-30,1
20226820,76,4880,10,42,3,5,14,4182.23,2919.75,1262.48,4312.43,4407.54,P0076,Aftertreatment Product 76,Aftertreatment,498,375,C04880,Evans Inc,Distributor,Transportation,Christensenchester,Poland,2022-04-29,1
20251224,494,1476,10,9,4,3,17,3074.66,2077.8,996.86,2980.67,2921.5,P0494,Turbochargers Product 494,Turbochargers,491,324,C01476,Wright Group,Fleet,Transportation,Maynardhaven,Austria,2018-04-26,1
20236263,438,4526,10,74,10,3,20,3325.06,2900.71,424.35,3209.29,3611.38,P0438,Electronics Product 438,Electronics,347,372,C04526,Carr-Wright,Fleet,Transportation,Guerreroton,Germany,2024-11-27,1
20222220,283,2777,1,50,1,3,7,4341.14,2642.94,1698.2,4335.08,4770.12,P0283,Electronics Product 283,Electronics,313,844,C02777,Gaines and Sons,OEM,Transportation,Port Scottborough,Germany,2025-04-26,1
20242599,144,755,10,27,7,5,4,3812.58,2855.3,957.28,3924.42,4044.73,P0144,Filtration Product 144,Filtration,322,362,C00755,Beasley PLC,Distributor,Automotive,West Melissa,Sweden,2018-04-28,1
20244539,30,3145,9,18,9,5,4,344.17,304.06,40.11,344.58,372.52,P0030,Aftertreatment Product 30,Aftertreatment,124,141,C03145,"Thomas, Hernandez and Cruz",Fleet,Automotive,Lynnview,Sweden,2022-10-30,1
20254894,195,1915,10,20,2,1,13,3176.24,2622.62,553.62,3275.78,3271.35,P0195,Fuel Systems Product 195,Fuel Systems,417,373,C01915,"Camacho, Beck and Hayes",OEM,Automotive,Schaeferland,Belgium,2022-12-22,1
20247261,448,2008,8,64,4,1,18,3601.52,2984.31,617.21,3480.83,3862.31,P0448,Cooling Systems Product 448,Cooling Systems,64,439,C02008,Reyes-Sanchez,Distributor,Automotive,West Melissa,Germany,2021-05-23,1
20225951,104,2433,9,80,10,2,1,2291.68,1921.9,369.78,2339.65,2342.1,P0104,Sensors Product 104,Sensors,395,283,C02433,Vaughn-Hernandez,Fleet,Manufacturing,South Monicaview,Belgium,2024-09-10,1
20261219,139,4310,1,84,9,2,15,1297.18,1121.95,175.23,1247.06,1385.74,P0139,Filtration Product 139,Filtration,167,1000,C04310,Phelps-Cox,OEM,Transportation,Lake Courtneymouth,France,2017-10-07,1
20224859,206,3117,10,67,9,4,7,2483.42,1818.37,665.05,2438.61,2383.19,P0206,Filtration Product 206,Filtration,61,486,C03117,Thomas-Jacobson,Distributor,Manufacturing,North Trevor,Italy,2022-06-22,1
20221714,245,1065,4,83,10,3,6,1059.79,828.55,231.24,1048.65,1115.62,P0245,Sensors Product 245,Sensors,412,637,C01065,"Turner, Howard and Page",Distributor,Manufacturing,North Loriport,Spain,2023-05-01,1
20255534,483,4885,5,48,6,3,5,4986.36,3067.03,1919.33,4776.91,5041.11,P0483,Cooling Systems Product 483,Cooling Systems,190,504,C04885,Wallace-Collier,Distributor,Transportation,East Michael,Poland,2018-01-13,1
20242510,52,2297,10,91,6,1,18,3137.84,2823.01,314.83,3007.8,3385.34,P0052,Fuel Systems Product 52,Fuel Systems,458,683,C02297,Vasquez-Crawford,Fleet,Automotive,East Joanna,Sweden,2024-07-01,1
20235006,362,1378,2,57,8,4,19,4362.64,3650.21,712.43,4337.43,4402.33,P0362,Filtration Product 362,Filtration,404,144,C01378,Leonard Group,Fleet,Automotive,South Todd,Belgium,2021-09-17,1
20245829,314,1024,10,1,7,1,9,3517.18,2377.43,1139.75,3563.6,3834.92,P0314,Sensors Product 314,Sensors,460,598,C01024,Pratt-Ramirez,Fleet,Automotive,South Daniel,France,2023-01-27,1
20242303,59,1598,3,98,5,3,12,4401.29,3583.9,817.39,4258.73,4753.32,P0059,Sensors Product 59,Sensors,456,535,C01598,Martinez-Ruiz,OEM,Manufacturing,North Allison,Netherlands,2024-11-13,1
20246535,81,4672,10,12,8,1,9,3347.4,2484.09,863.31,3337.14,3468.56,P0081,Cooling Systems Product 81,Cooling Systems,246,679,C04672,Rivas Inc,Fleet,Automotive,Griffinland,Netherlands,2021-02-21,1
20223425,17,497,4,25,3,2,2,1393.92,857.45,536.47,1419.63,1502.46,P0017,Electronics Product 17,Electronics,160,200,C00497,Holt and Sons,Distributor,Transportation,Brandyborough,Sweden,2026-01-29,1
20249178,94,1854,10,27,4,3,9,2832.49,2316.42,516.07,2836.18,3032.53,P0094,Aftertreatment Product 94,Aftertreatment,214,964,C01854,Rogers-Romero,Distributor,Manufacturing,East Robert,Sweden,2025-01-28,1
20260654,428,2815,7,97,2,4,4,2606.11,2316.98,289.13,2570.42,2493.44,P0428,Turbochargers Product 428,Turbochargers,101,943,C02815,Johnson and Sons,Fleet,Transportation,Timothyport,Austria,2020-07-11,1
20236698,200,812,5,64,8,4,7,4728.63,3976.28,752.35,4647.95,4942.08,P0200,Electronics Product 200,Electronics,57,195,C00812,Hahn and Sons,OEM,Manufacturing,Trujilloberg,Italy,2017-07-04,1
20244411,254,1815,10,4,10,4,2,1937.34,1293.76,643.58,1879.57,1949.18,P0254,Sensors Product 254,Sensors,174,101,C01815,"Holder, Jones and Tyler",OEM,Manufacturing,Cynthiaton,Germany,2026-05-16,1
20260015,124,2349,7,65,10,2,10,1410.03,1155.08,254.95,1428.99,1519.72,P0124,Turbochargers Product 124,Turbochargers,212,315,C02349,Harvey PLC,OEM,Automotive,Williamland,Poland,2018-01-06,1
20230059,90,2198,5,86,2,2,7,226.51,199.07,27.44,235.25,234.66,P0090,Electronics Product 90,Electronics,466,974,C02198,"Weeks, Peterson and Rodriguez",Distributor,Manufacturing,North Elizabethberg,Germany,2024-10-26,1
20241068,157,1372,7,27,9,5,9,3359.3,2072.07,1287.23,3489.32,3454.58,P0157,Sensors Product 157,Sensors,259,276,C01372,"Johnston, Chen and Kim",Fleet,Transportation,South Briannashire,Germany,2018-11-10,1
20256262,426,4615,8,80,3,2,4,2826.84,2155.63,671.21,2955.29,3060.72,P0426,Turbochargers Product 426,Turbochargers,67,778,C04615,Johnson and Sons,Distributor,Transportation,Alexandriachester,Spain,2022-10-16,1
20258162,77,4489,9,39,9,3,5,1461.4,913.63,547.77,1514.91,1588.1,P0077,Filtration Product 77,Filtration,270,390,C04489,Blackwell-Christensen,OEM,Automotive,Ramseyberg,Sweden,2023-08-06,1
20233333,166,2359,7,61,5,3,7,3953.19,3221.82,731.37,3802.99,4208.73,P0166,Filtration Product 166,Filtration,399,723,C02359,Baker Ltd,OEM,Automotive,New Karen,Belgium,2018-12-09,1
20239809,489,1354,6,71,10,1,20,3676.91,2403.32,1273.59,3671.0,3972.34,P0489,Cooling Systems Product 489,Cooling Systems,159,158,C01354,Chapman PLC,Distributor,Automotive,Gonzalezfort,Italy,2023-04-21,1
20240201,191,4065,6,12,3,3,7,4284.04,2761.79,1522.25,4288.81,4289.03,P0191,Turbochargers Product 191,Turbochargers,493,488,C04065,Cole-Fisher,OEM,Transportation,Matthewhaven,Belgium,2026-08-04,1
20228735,312,1492,7,2,3,4,6,2401.32,1994.9,406.42,2359.58,2595.33,P0312,Fuel Systems Product 312,Fuel Systems,67,419,C01492,Cannon-Wilson,Distributor,Manufacturing,East Kathrynberg,France,2026-06-11,1
20247821,71,2398,1,111,8,5,1,4676.1,2817.81,1858.29,4477.42,4951.21,P0071,Fuel Systems Product 71,Fuel Systems,497,663,C02398,"Torres, Mullins and Davis",OEM,Transportation,North Stephen,Germany,2023-07-09,1
20260978,84,2842,7,91,2,5,13,3359.49,2592.47,767.02,3351.29,3687.66,P0084,Cooling Systems Product 84,Cooling Systems,69,892,C02842,Lopez Inc,Fleet,Transportation,Hamiltonland,Italy,2017-02-11,1
20225335,314,675,6,67,7,5,10,4958.09,4399.18,558.91,4946.87,5387.76,P0314,Sensors Product 314,Sensors,460,598,C00675,"Luna, Gonzalez and Underwood",Fleet,Automotive,Port Nicholasbury,France,2018-08-27,1
20220246,321,3575,7,45,1,5,17,1887.03,1402.71,484.32,1932.2,1995.94,P0321,Cooling Systems Product 321,Cooling Systems,340,488,C03575,Young-Davis,Distributor,Transportation,Newtonhaven,Germany,2021-08-21,1
20251201,56,1405,10,7,4,5,8,2724.3,2142.86,581.44,2760.97,2829.67,P0056,Electronics Product 56,Electronics,160,902,C01405,Lindsey-Boyer,Distributor,Transportation,South Joseph,France,2017-04-03,1
20222513,284,1827,5,8,8,4,6,109.98,98.3,11.68,108.91,115.32,P0284,Cooling Systems Product 284,Cooling Systems,378,813,C01827,Curry Group,Fleet,Transportation,Blackwellfurt,Austria,2023-10-17,1
20248974,246,4881,3,15,3,3,12,3106.2,2789.54,316.66,2959.03,3083.63,P0246,Cooling Systems Product 246,Cooling Systems,60,416,C04881,"Jones, Diaz and Holt",OEM,Manufacturing,Port Jennifer,Austria,2024-08-15,1
20222032,383,3467,5,1,4,3,3,2247.69,1863.9,383.79,2260.08,2141.65,P0383,Electronics Product 383,Electronics,446,491,C03467,"Campbell, Mitchell and Mendez",Distributor,Transportation,New Julieport,Poland,2021-02-12,1
20248284,496,2277,6,93,2,3,5,898.45,641.73,256.72,923.94,960.51,P0496,Cooling Systems Product 496,Cooling Systems,116,953,C02277,Smith Inc,Distributor,Transportation,North Heather,Belgium,2026-07-29,1
20234331,454,1080,6,47,9,2,16,1316.97,964.01,352.96,1319.89,1300.05,P0454,Cooling Systems Product 454,Cooling Systems,141,632,C01080,Hernandez LLC,Distributor,Manufacturing,East David,Poland,2024-01-12,1
20227732,33,2498,9,99,10,3,6,3970.77,2957.41,1013.36,3982.02,4330.48,P0033,Sensors Product 33,Sensors,252,257,C02498,Long-Cordova,Distributor,Manufacturing,Maciasshire,Poland,2017-08-12,1
20244333,51,4295,9,44,5,2,6,1785.67,1325.1,460.57,1724.22,1821.52,P0051,Electronics Product 51,Electronics,420,511,C04295,"Anderson, Jones and Contreras",Distributor,Automotive,Wadeshire,France,2017-07-01,1
20241610,466,586,8,18,7,3,4,2920.14,2437.89,482.25,3062.64,2776.54,P0466,Electronics Product 466,Electronics,346,745,C00586,"Ali, Brooks and Glenn",OEM,Manufacturing,West Jamesside,Austria,2023-05-19,1
20251426,230,1680,3,2,9,2,15,399.64,284.87,114.77,418.9,420.28,P0230,Sensors Product 230,Sensors,356,451,C01680,Johnson PLC,Fleet,Manufacturing,Wilsonland,Sweden,2021-01-24,1
20231058,48,1069,1,17,6,5,11,2598.95,2308.7,290.25,2528.96,2572.63,P0048,Electronics Product 48,Electronics,394,857,C01069,Larsen and Sons,OEM,Transportation,Rhondaburgh,Austria,2023-04-27,1
20241278,227,2160,1,49,7,5,8,2189.21,1753.52,435.69,2116.97,2159.8,P0227,Cooling Systems Product 227,Cooling Systems,263,315,C02160,Castro LLC,Fleet,Manufacturing,New Angela,Austria,2019-09-12,1
20241647,71,1961,6,6,10,1,16,238.91,170.41,68.5,230.31,257.07,P0071,Fuel Systems Product 71,Fuel Systems,497,663,C01961,Patterson and Sons,Distributor,Transportation,Port Christopher,France,2020-06-25,1
20224312,83,456,3,41,7,4,11,3067.0,2011.27,1055.73,3069.75,3092.81,P0083,Turbochargers Product 83,Turbochargers,419,367,C00456,Sellers-Hart,OEM,Manufacturing,South Meganville,Sweden,2019-01-20,1
20257344,442,4699,3,30,8,2,17,184.09,118.2,65.89,177.57,194.31,P0442,Cooling Systems Product 442,Cooling Systems,330,163,C04699,Owens PLC,Fleet,Automotive,West Ashley,Poland,2017-12-07,1
20232810,285,3881,8,12,1,5,6,3211.19,2883.91,327.28,3222.92,3308.95,P0285,Turbochargers Product 285,Turbochargers,252,155,C03881,Goodman Ltd,OEM,Manufacturing,East William,Netherlands,2018-11-14,1
20220266,428,2474,10,49,5,4,19,4213.83,3643.91,569.92,4122.23,4018.37,P0428,Turbochargers Product 428,Turbochargers,101,943,C02474,Thomas-Cross,Fleet,Automotive,Patrickshire,Austria,2020-09-22,1
20244378,446,2668,5,11,4,3,1,590.39,490.01,100.38,567.81,613.75,P0446,Fuel Systems Product 446,Fuel Systems,211,595,C02668,Callahan-Gutierrez,OEM,Manufacturing,South Bonnie,Italy,2026-01-26,1
20224684,16,3757,2,54,2,3,16,1111.57,958.49,153.08,1114.87,1220.43,P0016,Turbochargers Product 16,Turbochargers,269,629,C03757,Thompson-Thomas,OEM,Transportation,Lake Josephville,Italy,2025-05-09,1
20220387,458,1650,2,22,2,2,20,2219.21,1562.6,656.61,2319.88,2315.95,P0458,Sensors Product 458,Sensors,64,799,C01650,Smith-Hensley,OEM,Automotive,South Peterbury,Sweden,2019-06-24,1
20255895,117,2100,1,112,6,4,10,3683.68,2959.78,723.9,3548.31,4040.54,P0117,Filtration Product 117,Filtration,60,919,C02100,Meadows Ltd,Fleet,Transportation,South James,Sweden,2022-07-05,1
20251707,290,1359,2,56,1,2,1,690.37,521.03,169.34,666.65,708.28,P0290,Fuel Systems Product 290,Fuel Systems,374,318,C01359,Padilla-Ferguson,Fleet,Transportation,West Bruce,Italy,2020-05-30,1
20251587,76,3522,7,88,6,5,19,4532.36,3043.42,1488.94,4573.67,4335.58,P0076,Aftertreatment Product 76,Aftertreatment,498,375,C03522,"Holt, Butler and Wilson",OEM,Transportation,Port Shawnfort,Belgium,2025-06-05,1
20240097,328,4622,3,77,4,3,2,1845.73,1449.71,396.02,1774.14,1875.75,P0328,Aftertreatment Product 328,Aftertreatment,344,838,C04622,Hernandez-Dawson,Distributor,Transportation,Port Brittanyborough,Poland,2017-06-03,1
20255280,423,1308,6,94,6,4,2,2999.83,2369.25,630.58,2944.13,3185.34,P0423,Fuel Systems Product 423,Fuel Systems,466,114,C01308,Brown-Jacobson,OEM,Manufacturing,North Sarah,Belgium,2020-02-04,1
20232499,233,3697,9,43,2,4,15,2919.48,2147.89,771.59,2904.71,2959.42,P0233,Fuel Systems Product 233,Fuel Systems,158,136,C03697,"Pacheco, Ramirez and Moore",Distributor,Transportation,Johnsonshire,Poland,2022-12-20,1
20231916,311,4906,5,112,7,4,8,2429.78,1881.62,548.16,2407.27,2650.78,P0311,Sensors Product 311,Sensors,256,601,C04906,"Fleming, Young and Vasquez",Fleet,Transportation,Brittanyfurt,France,2019-12-12,1
20247778,488,1771,7,35,5,3,10,2435.4,1738.32,697.08,2323.38,2675.85,P0488,Filtration Product 488,Filtration,167,240,C01771,"Murray, Reeves and Robinson",OEM,Automotive,East Ryan,Sweden,2016-10-30,1
20260565,70,3352,7,23,9,5,1,1723.72,1509.6,214.12,1781.98,1678.93,P0070,Turbochargers Product 70,Turbochargers,115,117,C03352,"Elliott, Kim and Beasley",Fleet,Manufacturing,Annaport,Italy,2023-04-20,1
20256483,87,946,1,3,4,1,9,572.87,425.78,147.09,581.25,623.39,P0087,Turbochargers Product 87,Turbochargers,199,502,C00946,Simpson Group,Fleet,Manufacturing,Christopherbury,Germany,2024-10-09,1
20239968,441,2075,10,38,10,2,17,3186.32,2310.09,876.23,3133.61,3272.63,P0441,Electronics Product 441,Electronics,161,670,C02075,Spencer Ltd,Fleet,Automotive,West Anthony,Italy,2025-02-22,1
20232726,49,1868,5,7,4,5,14,763.86,595.98,167.88,782.39,775.59,P0049,Electronics Product 49,Electronics,139,685,C01868,Waters and Sons,Distributor,Transportation,Brewerchester,Sweden,2024-02-18,1
20241396,111,1201,9,52,9,5,16,3774.03,2672.72,1101.31,3797.06,3708.27,P0111,Filtration Product 111,Filtration,249,946,C01201,Turner and Sons,Fleet,Transportation,New Angelaland,France,2017-08-19,1
20241173,207,777,9,119,3,1,3,4781.55,3344.02,1437.53,4948.19,4674.15,P0207,Filtration Product 207,Filtration,343,630,C00777,Chavez Ltd,Distributor,Automotive,Angelabury,Belgium,2024-04-25,1
20238605,344,2610,1,7,9,5,13,973.68,716.21,257.47,1021.43,925.9,P0344,Cooling Systems Product 344,Cooling Systems,482,648,C02610,"Davis, Dean and Preston",OEM,Manufacturing,Randolphburgh,Italy,2020-01-08,1
20230863,117,3463,6,103,10,2,6,4673.16,3093.43,1579.73,4802.65,4577.31,P0117,Filtration Product 117,Filtration,60,919,C03463,Frank Inc,Distributor,Automotive,Port Marisa,France,2025-09-09,1
20246927,438,4431,1,57,3,1,20,4633.93,2944.43,1689.5,4474.86,4904.67,P0438,Electronics Product 438,Electronics,347,372,C04431,"Bailey, Young and Lawrence",OEM,Automotive,Kevinburgh,Belgium,2021-09-22,1
20260865,83,3857,7,6,2,4,1,4471.96,2891.53,1580.43,4526.4,4306.94,P0083,Turbochargers Product 83,Turbochargers,419,367,C03857,Gray Group,Distributor,Automotive,Edwinstad,Sweden,2025-09-05,1
20222991,116,4429,2,49,1,1,7,702.4,595.94,106.46,676.03,731.25,P0116,Filtration Product 116,Filtration,308,352,C04429,Whitaker-Woods,Distributor,Manufacturing,Stuartton,Germany,2019-09-30,1
20232736,309,1061,3,120,1,2,3,3170.03,2410.88,759.15,3118.77,3233.76,P0309,Filtration Product 309,Filtration,421,447,C01061,"Henderson, King and Fitzgerald",OEM,Automotive,Lake Ashleyside,Italy,2022-03-02,1
20237315,275,2841,4,27,6,5,19,344.51,308.68,35.83,353.94,378.46,P0275,Electronics Product 275,Electronics,69,802,C02841,Ramsey-Knight,Distributor,Manufacturing,North Ashleyfort,Spain,2024-01-17,1
20220277,301,1503,7,10,8,1,6,2026.45,1500.19,526.26,2091.48,2181.41,P0301,Electronics Product 301,Electronics,269,697,C01503,"Smith, Stout and Evans",Distributor,Manufacturing,Lindamouth,Italy,2021-01-25,1
20238756,349,1140,6,72,1,5,18,4623.79,3111.07,1512.72,4716.69,4623.0,P0349,Sensors Product 349,Sensors,433,706,C01140,"Elliott, Wolf and Hall",Distributor,Transportation,Carterfort,Sweden,2021-05-04,1
20236654,44,359,9,21,5,2,4,425.76,285.04,140.72,434.52,425.76,P0044,Electronics Product 44,Electronics,254,373,C00359,Morris-Cruz,OEM,Automotive,North Gregory,Spain,2024-02-21,1
20230638,255,915,2,119,3,5,16,3936.83,2413.97,1522.86,3842.9,3830.86,P0255,Cooling Systems Product 255,Cooling Systems,66,596,C00915,Smith Inc,Distributor,Manufacturing,Jacobtown,Netherlands,2023-09-16,1
20246958,160,418,7,93,5,1,8,482.78,338.57,144.21,459.56,513.8,P0160,Turbochargers Product 160,Turbochargers,251,984,C00418,Fitzpatrick-Hamilton,Distributor,Manufacturing,Keithville,Germany,2021-05-27,1
20255798,138,702,10,35,9,3,16,760.89,574.35,186.54,770.26,829.03,P0138,Filtration Product 138,Filtration,450,603,C00702,Edwards-Smith,Fleet,Automotive,West Katherineberg,Belgium,2018-02-20,1
20245482,412,287,2,42,3,1,10,3856.19,2769.67,1086.52,3974.43,3940.1,P0412,Sensors Product 412,Sensors,472,328,C00287,Sanchez-Willis,Distributor,Transportation,Beckymouth,Spain,2025-04-21,1
20226036,377,2318,9,53,6,5,7,659.94,447.22,212.72,681.56,643.57,P0377,Electronics Product 377,Electronics,179,258,C02318,Johnson and Sons,Distributor,Transportation,Meltonmouth,France,2021-06-04,1
20221514,457,3444,3,116,3,3,18,4116.99,3290.68,826.31,4049.01,4210.2,P0457,Filtration Product 457,Filtration,213,262,C03444,Williams PLC,Distributor,Manufacturing,Port Randalltown,Netherlands,2022-12-29,1
20246817,170,229,9,77,5,3,7,201.63,177.96,23.67,199.46,217.27,P0170,Fuel Systems Product 170,Fuel Systems,339,713,C00229,Rich-Schmidt,OEM,Manufacturing,New Ericamouth,Italy,2022-11-18,1
20223549,162,1972,1,78,8,5,7,1535.78,1091.68,444.1,1547.2,1556.0,P0162,Sensors Product 162,Sensors,284,405,C01972,Green Ltd,Distributor,Transportation,Bruceburgh,Spain,2019-11-21,1
20226581,155,502,6,40,4,4,14,4635.44,3196.56,1438.88,4781.8,4489.72,P0155,Fuel Systems Product 155,Fuel Systems,406,343,C00502,Harrison-Wright,Distributor,Manufacturing,Moralesstad,Netherlands,2021-09-07,1
20230586,368,773,7,49,2,1,14,3754.99,2971.28,783.71,3699.27,3820.01,P0368,Turbochargers Product 368,Turbochargers,140,695,C00773,Roberts and Sons,OEM,Automotive,Port Kristina,Spain,2021-12-20,1
20239810,60,2088,3,41,8,1,4,2688.86,2246.87,441.99,2557.88,2921.55,P0060,Cooling Systems Product 60,Cooling Systems,86,746,C02088,Porter Inc,Fleet,Manufacturing,Lake Mitchellhaven,Netherlands,2022-05-12,1
20258856,327,1886,5,37,4,3,1,2509.83,1729.18,780.65,2562.91,2528.29,P0327,Electronics Product 327,Electronics,109,522,C01886,Wilson-Gregory,Fleet,Transportation,East Kyle,Poland,2019-08-12,1
20240279,500,4003,4,35,5,1,1,1841.91,1565.22,276.69,1856.95,1854.99,P0500,Cooling Systems Product 500,Cooling Systems,497,280,C04003,Cooper and Sons,OEM,Manufacturing,Heatherstad,Austria,2017-03-15,1
20225087,325,3087,7,21,5,3,11,3517.94,3091.61,426.33,3618.92,3544.46,P0325,Sensors Product 325,Sensors,365,598,C03087,Martinez-Rodriguez,Distributor,Automotive,North Oliviaburgh,Germany,2018-01-05,1
20229040,472,1571,10,86,9,5,19,3023.44,1907.19,1116.25,3134.35,2967.82,P0472,Aftertreatment Product 472,Aftertreatment,267,714,C01571,Banks Ltd,Distributor,Transportation,Lake Anthony,Poland,2020-02-29,1
20260969,257,2234,2,2,7,5,11,3801.41,3169.14,632.27,3644.6,3660.96,P0257,Aftertreatment Product 257,Aftertreatment,264,443,C02234,"Lam, Sanchez and Lowe",Fleet,Transportation,Martinfort,Italy,2023-08-02,1
20251522,365,81,2,111,7,1,1,3738.66,2434.52,1304.14,3557.99,3876.8,P0365,Aftertreatment Product 365,Aftertreatment,222,506,C00081,Norris-Ayala,OEM,Manufacturing,Lauraview,Poland,2026-04-02,1
20259671,190,1101,10,52,8,3,13,3731.24,2517.73,1213.51,3636.48,3574.5,P0190,Sensors Product 190,Sensors,92,951,C01101,"Hernandez, Chapman and Hernandez",OEM,Transportation,South Shawna,Poland,2020-04-07,1
20247983,120,2146,6,1,9,1,7,2398.39,1493.47,904.92,2429.18,2336.53,P0120,Cooling Systems Product 120,Cooling Systems,484,991,C02146,"Clark, Mann and Tucker",Distributor,Manufacturing,Luiston,Spain,2024-08-06,1
20234036,172,337,1,81,4,2,1,2875.63,1838.48,1037.15,2796.62,3099.9,P0172,Filtration Product 172,Filtration,326,911,C00337,Owens LLC,OEM,Transportation,Lake Ashley,Germany,2021-03-23,1
20237783,333,3466,4,66,3,1,18,1841.75,1420.91,420.84,1751.17,1801.67,P0333,Aftertreatment Product 333,Aftertreatment,409,194,C03466,Mendez-Woodward,OEM,Automotive,South Alyssa,Sweden,2025-10-02,1
20244269,72,4532,10,24,9,4,10,4351.09,3751.33,599.76,4411.07,4754.82,P0072,Filtration Product 72,Filtration,99,254,C04532,"Cook, Andrade and Salazar",OEM,Transportation,Hallview,Netherlands,2021-12-12,1
20259750,211,16,1,49,2,1,17,2674.61,2392.6,282.01,2627.98,2804.46,P0211,Sensors Product 211,Sensors,246,215,C00016,Howard-Murray,Fleet,Transportation,Frankland,Italy,2022-01-17,1
20253485,158,3393,10,119,6,2,16,1885.54,1255.69,629.85,1810.12,2003.05,P0158,Filtration Product 158,Filtration,101,235,C03393,"Dunlap, Ruiz and Wiggins",Distributor,Automotive,Lake Taylor,Germany,2018-08-06,1
20251466,456,166,10,104,4,1,10,3814.81,3011.59,803.22,3651.7,3785.02,P0456,Sensors Product 456,Sensors,174,742,C00166,Wells LLC,Distributor,Manufacturing,East David,Sweden,2020-07-29,1
20234351,51,4080,8,29,6,5,5,445.02,387.95,57.07,460.24,488.99,P0051,Electronics Product 51,Electronics,420,511,C04080,George-Weiss,Fleet,Transportation,North Jesus,Italy,2021-03-01,1
20221564,376,4022,5,91,5,2,18,1713.06,1040.85,672.21,1646.0,1640.69,P0376,Cooling Systems Product 376,Cooling Systems,75,159,C04022,White Inc,OEM,Transportation,North Susan,Germany,2019-01-15,1
20252248,392,903,6,101,2,2,14,3469.7,2578.69,891.01,3369.04,3677.42,P0392,Turbochargers Product 392,Turbochargers,136,802,C00903,"Carpenter, Fischer and Byrd",OEM,Automotive,Elizabethmouth,Austria,2024-10-23,1
20251514,150,2516,2,107,10,2,7,1002.0,718.87,283.13,981.71,1015.14,P0150,Sensors Product 150,Sensors,296,856,C02516,"Jackson, Wilson and Baker",Distributor,Transportation,Port Staceyborough,Germany,2019-09-23,1
20258832,292,3200,8,21,10,2,17,2501.63,1627.28,874.35,2622.34,2727.01,P0292,Aftertreatment Product 292,Aftertreatment,465,130,C03200,White LLC,Fleet,Manufacturing,East Jim,Germany,2017-03-30,1
20255555,348,359,1,64,5,2,8,2096.36,1464.3,632.06,2055.54,2163.22,P0348,Electronics Product 348,Electronics,355,293,C00359,Morris-Cruz,OEM,Automotive,North Gregory,Spain,2024-02-21,1
20241290,54,3768,1,18,4,3,9,4950.02,4395.26,554.76,5055.7,5384.47,P0054,Electronics Product 54,Electronics,301,825,C03768,"Butler, Thomas and Berry",Fleet,Manufacturing,South Joseph,Belgium,2025-05-15,1
20234664,307,64,10,32,2,3,6,501.14,406.37,94.77,485.77,539.76,P0307,Fuel Systems Product 307,Fuel Systems,324,670,C00064,"Gonzalez, Salas and Phillips",Distributor,Automotive,New Robinbury,Belgium,2022-11-09,1
20259153,122,2081,10,69,4,5,13,4130.63,2819.13,1311.5,4216.24,4024.73,P0122,Electronics Product 122,Electronics,164,537,C02081,Henry and Sons,OEM,Transportation,East Deborah,Belgium,2021-03-12,1
20221008,330,999,8,1,1,1,3,4012.45,3028.47,983.98,3823.84,3955.74,P0330,Electronics Product 330,Electronics,71,949,C00999,Nash Inc,Fleet,Automotive,Doughertyberg,Belgium,2019-06-04,1
20226869,223,4615,3,41,2,4,3,567.48,351.14,216.34,539.48,588.81,P0223,Aftertreatment Product 223,Aftertreatment,270,307,C04615,Johnson and Sons,Distributor,Transportation,Alexandriachester,Spain,2022-10-16,1
20221761,323,1261,10,10,8,4,5,3532.43,3090.32,442.11,3356.57,3633.81,P0323,Sensors Product 323,Sensors,450,646,C01261,Johnson LLC,OEM,Automotive,Davidstad,France,2016-09-20,1
20222481,390,113,2,21,3,3,13,4685.62,3879.14,806.48,4635.58,4607.98,P0390,Fuel Systems Product 390,Fuel Systems,244,414,C00113,Wilson Group,Distributor,Manufacturing,Marthaview,Belgium,2022-03-03,1
20253033,83,2644,6,77,5,5,1,2814.78,2439.54,375.24,2839.61,3038.39,P0083,Turbochargers Product 83,Turbochargers,419,367,C02644,Garcia-Peterson,Fleet,Transportation,Port Teresa,Germany,2021-10-19,1
20259837,58,2525,4,75,8,3,1,2397.02,1896.22,500.8,2309.88,2486.42,P0058,Sensors Product 58,Sensors,250,741,C02525,Smith-Mitchell,Fleet,Transportation,Porterview,Belgium,2022-06-15,1
20250739,394,4011,7,53,9,3,8,4937.63,3029.33,1908.3,4870.64,5259.88,P0394,Sensors Product 394,Sensors,430,463,C04011,Garcia-Ramos,Fleet,Manufacturing,Mannview,Poland,2018-12-17,1
20258068,184,1187,3,113,10,3,4,1197.4,1034.66,162.74,1200.53,1292.83,P0184,Turbochargers Product 184,Turbochargers,387,773,C01187,Stephens-Durham,OEM,Automotive,Youngfurt,Sweden,2023-10-10,1
20247407,10,119,4,43,4,5,1,3586.69,2876.54,710.15,3730.22,3521.38,P0010,Fuel Systems Product 10,Fuel Systems,65,148,C00119,"Waters, Sawyer and Johnson",Fleet,Automotive,Morrisberg,Belgium,2016-10-18,1
20235108,310,3454,3,95,4,5,4,242.05,189.43,52.62,242.72,243.98,P0310,Filtration Product 310,Filtration,299,806,C03454,Andrews Ltd,Distributor,Automotive,Hernandezfort,Austria,2026-04-02,1
20255068,348,4510,8,64,7,1,17,2217.77,1613.25,604.52,2327.76,2416.0,P0348,Electronics Product 348,Electronics,355,293,C04510,"Fox, Harrington and Walker",Distributor,Transportation,Markstad,Poland,2025-02-16,1
20237840,323,2516,4,85,9,2,14,1935.56,1162.62,772.94,1926.49,1898.56,P0323,Sensors Product 323,Sensors,450,646,C02516,"Jackson, Wilson and Baker",Distributor,Transportation,Port Staceyborough,Germany,2019-09-23,1
20241785,292,132,5,20,7,1,11,4589.63,3411.03,1178.6,4495.08,4428.22,P0292,Aftertreatment Product 292,Aftertreatment,465,130,C00132,"Morales, Hancock and Mata",Fleet,Transportation,Port Steven,Austria,2018-04-21,1
20239000,29,2066,4,118,8,4,16,440.55,364.58,75.97,431.41,458.65,P0029,Fuel Systems Product 29,Fuel Systems,128,126,C02066,"Harvey, Nixon and Walker",Distributor,Automotive,West Oscarberg,Sweden,2023-12-13,1
20232487,188,4074,1,94,7,1,12,381.31,303.52,77.79,390.48,394.0,P0188,Turbochargers Product 188,Turbochargers,386,198,C04074,Davis Inc,OEM,Automotive,North Staceyview,Netherlands,2020-04-09,1
20259788,496,2911,7,86,7,3,2,1186.56,949.29,237.27,1185.74,1279.79,P0496,Cooling Systems Product 496,Cooling Systems,116,953,C02911,"Erickson, Taylor and Brown",OEM,Manufacturing,New Heidi,Sweden,2023-11-21,1
20249231,158,3458,9,1,2,1,1,4709.23,3008.25,1700.98,4787.15,4783.47,P0158,Filtration Product 158,Filtration,101,235,C03458,Terrell-Doyle,Fleet,Transportation,Port Kennethton,Netherlands,2026-06-05,1
20228316,212,2344,9,69,4,2,3,2984.28,2557.22,427.06,3105.09,2847.76,P0212,Filtration Product 212,Filtration,310,952,C02344,Wright Ltd,OEM,Manufacturing,East Stephenberg,Spain,2019-04-12,1
20251054,176,354,4,104,1,2,4,2940.13,2486.38,453.75,2929.08,2937.86,P0176,Aftertreatment Product 176,Aftertreatment,119,257,C00354,Martinez and Sons,Fleet,Automotive,Michaelport,Italy,2020-10-03,1
20260671,395,1420,2,112,6,1,17,746.88,652.96,93.92,739.36,749.52,P0395,Aftertreatment Product 395,Aftertreatment,324,151,C01420,"Frost, Collins and Young",Fleet,Automotive,Rogersburgh,Austria,2025-09-20,1
20258893,110,1421,10,72,8,3,14,723.46,434.65,288.81,723.57,771.43,P0110,Electronics Product 110,Electronics,272,303,C01421,"Williams, Miller and Bowen",Distributor,Manufacturing,South Justin,Germany,2016-08-15,1
20228575,111,803,5,102,2,1,5,2461.8,1876.9,584.9,2543.42,2672.7,P0111,Filtration Product 111,Filtration,249,946,C00803,Osborn LLC,Distributor,Automotive,Jeffreyberg,Sweden,2018-03-30,1
20245329,358,3596,9,34,10,1,7,3808.51,3174.8,633.71,3638.3,3761.71,P0358,Electronics Product 358,Electronics,297,764,C03596,"Gross, Thomas and Reyes",Fleet,Transportation,South Evanland,Poland,2025-04-01,1
20233268,402,4009,8,9,1,2,10,341.28,233.0,108.28,355.87,333.79,P0402,Sensors Product 402,Sensors,229,502,C04009,Carlson-Collier,OEM,Manufacturing,New Amanda,Sweden,2016-12-11,1
20256996,478,2553,4,97,7,5,19,3579.73,2293.8,1285.93,3729.85,3505.96,P0478,Filtration Product 478,Filtration,181,926,C02553,Atkins-Campbell,Fleet,Automotive,Walkermouth,Sweden,2016-10-08,1
20226393,429,1991,10,13,2,4,16,2874.72,1819.92,1054.8,2781.23,3031.39,P0429,Aftertreatment Product 429,Aftertreatment,463,540,C01991,"Logan, Nelson and Baldwin",Distributor,Manufacturing,Mcdonaldport,Germany,2019-03-01,1
20236755,171,4305,6,88,6,3,4,397.86,251.0,146.86,379.31,430.04,P0171,Cooling Systems Product 171,Cooling Systems,353,541,C04305,Armstrong-Hernandez,Distributor,Transportation,South Julialand,Poland,2024-08-31,1
20258433,200,3127,8,106,5,4,16,1263.09,853.28,409.81,1293.63,1278.0,P0200,Electronics Product 200,Electronics,57,195,C03127,Johnson and Sons,OEM,Automotive,Marshallville,France,2023-02-20,1
20247841,398,296,7,9,8,3,1,1555.6,1389.33,166.27,1622.1,1599.56,P0398,Fuel Systems Product 398,Fuel Systems,493,797,C00296,Hartman PLC,OEM,Automotive,East Andre,Poland,2020-03-27,1
20247415,367,2700,8,41,10,2,10,2967.8,2320.9,646.9,3010.4,3059.7,P0367,Sensors Product 367,Sensors,144,431,C02700,Richardson-Donovan,Fleet,Manufacturing,Andersonfort,Netherlands,2017-02-25,1
20255837,454,216,8,105,2,2,8,4279.17,2619.19,1659.98,4310.66,4303.65,P0454,Cooling Systems Product 454,Cooling Systems,141,632,C00216,Coleman PLC,Fleet,Automotive,Antonioview,Italy,2026-06-05,1
20228362,484,2207,1,91,8,3,10,2100.14,1290.92,809.22,2112.71,2037.85,P0484,Turbochargers Product 484,Turbochargers,493,349,C02207,Hester Group,Distributor,Manufacturing,Jamesport,Spain,2020-09-11,1
20223638,279,4809,6,105,10,2,10,4230.13,3461.09,769.04,4047.86,4103.82,P0279,Turbochargers Product 279,Turbochargers,196,110,C04809,Harris Inc,Fleet,Manufacturing,Davidburgh,Belgium,2019-12-22,1
20239969,294,2416,8,6,3,2,2,1732.72,1170.88,561.84,1686.48,1738.62,P0294,Aftertreatment Product 294,Aftertreatment,75,306,C02416,Wood-Smith,Fleet,Manufacturing,Geneport,Spain,2023-08-19,1
20243188,70,1272,8,46,7,4,13,341.6,249.14,92.46,345.28,350.91,P0070,Turbochargers Product 70,Turbochargers,115,117,C01272,"Anderson, Carter and Bennett",Fleet,Automotive,Hardyville,France,2024-11-13,1
20254951,25,1879,10,88,4,3,13,992.62,802.59,190.03,1003.42,947.99,P0025,Cooling Systems Product 25,Cooling Systems,346,262,C01879,"Hall, Miller and Hawkins",Distributor,Manufacturing,New Jeffrey,Italy,2022-11-26,1
20256716,254,2127,4,58,3,5,4,736.18,647.68,88.5,737.94,769.91,P0254,Sensors Product 254,Sensors,174,101,C02127,Pearson Inc,Distributor,Manufacturing,Michelestad,Italy,2024-05-01,1
20235245,160,261,7,5,2,4,19,4560.34,2834.9,1725.44,4670.85,4612.04,P0160,Turbochargers Product 160,Turbochargers,251,984,C00261,"Keith, Joseph and Castillo",Fleet,Manufacturing,Port Michelle,Poland,2024-02-08,1
20234678,315,3234,9,67,5,3,7,4835.83,4053.18,782.65,4764.0,4726.47,P0315,Cooling Systems Product 315,Cooling Systems,222,841,C03234,"Guerrero, Marshall and Bartlett",Distributor,Transportation,East Justin,Sweden,2023-11-16,1
20224914,229,2101,5,108,8,5,14,3504.15,2122.47,1381.68,3638.43,3756.64,P0229,Cooling Systems Product 229,Cooling Systems,283,213,C02101,"Vasquez, Holland and Rogers",Fleet,Automotive,North Teresa,Germany,2026-04-27,1
20241781,91,2667,3,32,8,2,7,2714.46,1793.85,920.61,2667.57,2697.02,P0091,Aftertreatment Product 91,Aftertreatment,132,595,C02667,Cohen-Arnold,Distributor,Transportation,West Kathleen,Germany,2016-10-23,1
20220226,70,3580,9,57,1,4,3,4676.05,2862.39,1813.66,4517.0,5109.78,P0070,Turbochargers Product 70,Turbochargers,115,117,C03580,Robertson-York,Distributor,Manufacturing,New Wendy,Spain,2025-04-06,1
20221261,183,1847,9,111,10,5,10,3860.75,3200.52,660.23,3887.97,3755.31,P0183,Fuel Systems Product 183,Fuel Systems,382,919,C01847,"Bell, Howe and Bolton",Distributor,Manufacturing,South Peterberg,Austria,2020-04-16,1
20254359,50,1372,3,1,5,4,1,1462.63,905.34,557.29,1398.65,1546.26,P0050,Filtration Product 50,Filtration,178,770,C01372,"Johnston, Chen and Kim",Fleet,Transportation,South Briannashire,Germany,2018-11-10,1
20250458,47,951,6,62,4,3,3,3476.18,2878.27,597.91,3643.35,3536.3,P0047,Aftertreatment Product 47,Aftertreatment,487,629,C00951,Weaver Ltd,Fleet,Transportation,Mejiaberg,Italy,2017-09-16,1
20254472,169,3663,2,12,7,3,18,1303.72,797.65,506.07,1243.25,1333.01,P0169,Turbochargers Product 169,Turbochargers,442,635,C03663,Acosta Group,Distributor,Manufacturing,South Alexandrashire,Poland,2018-12-18,1
20242672,423,1576,9,16,7,5,18,2998.75,2373.64,625.11,2934.97,3241.31,P0423,Fuel Systems Product 423,Fuel Systems,466,114,C01576,Guerrero-Johnston,Distributor,Transportation,Bakerland,Italy,2020-05-25,1
20257590,40,1152,8,102,2,1,19,1450.44,1056.29,394.15,1439.74,1589.52,P0040,Electronics Product 40,Electronics,462,786,C01152,Matthews-White,OEM,Transportation,Hollyfort,Italy,2025-11-02,1
20237248,412,1267,3,27,8,3,1,2947.07,2426.65,520.42,2959.65,3155.66,P0412,Sensors Product 412,Sensors,472,328,C01267,Gentry-Parker,OEM,Automotive,South Alexandra,Austria,2020-06-28,1
20234597,1,3487,8,78,5,1,6,1652.08,1370.05,282.03,1617.32,1717.03,P0001,Cooling Systems Product 1,Cooling Systems,339,166,C03487,Barr-Bowen,Distributor,Transportation,Victormouth,Germany,2023-09-29,1
20257248,108,904,1,57,8,5,11,4223.51,3018.74,1204.77,4085.7,4348.95,P0108,Aftertreatment Product 108,Aftertreatment,472,808,C00904,Golden Inc,Fleet,Manufacturing,Abigailburgh,Germany,2025-05-22,1
20252079,153,2698,5,89,6,4,3,4630.48,3122.1,1508.38,4557.91,4432.26,P0153,Electronics Product 153,Electronics,190,922,C02698,Harrison-Fox,Distributor,Automotive,Brownside,Netherlands,2026-05-05,1
20239905,219,944,1,15,1,5,5,4220.02,3590.49,629.53,4213.63,4581.51,P0219,Electronics Product 219,Electronics,469,530,C00944,Cooper-Owens,Distributor,Transportation,West Patriciaville,Austria,2024-02-21,1
20234609,317,1155,1,109,3,2,4,2934.75,1898.21,1036.54,2895.45,2802.38,P0317,Cooling Systems Product 317,Cooling Systems,303,365,C01155,"Curtis, Gaines and Robinson",Fleet,Manufacturing,Sarahton,France,2018-02-27,1
20223007,168,3841,7,77,8,5,14,2545.31,2187.72,357.59,2586.75,2669.85,P0168,Fuel Systems Product 168,Fuel Systems,192,876,C03841,Randolph Ltd,Distributor,Transportation,Cameronborough,Poland,2018-06-03,1
20233371,281,2443,7,98,3,3,7,596.82,414.25,182.57,620.62,635.19,P0281,Fuel Systems Product 281,Fuel Systems,223,797,C02443,"Rodriguez, Gibson and Murillo",Distributor,Manufacturing,North Tanyabury,Netherlands,2018-06-14,1
20222073,4,4616,9,46,1,1,13,3973.3,3489.58,483.72,3983.05,3878.97,P0004,Fuel Systems Product 4,Fuel Systems,284,750,C04616,Donaldson-May,OEM,Manufacturing,East Kenneth,Spain,2019-11-01,1
20245804,252,3101,6,31,1,1,4,919.71,673.15,246.56,896.38,1000.06,P0252,Aftertreatment Product 252,Aftertreatment,486,396,C03101,Hall-Lopez,OEM,Transportation,Riosville,Belgium,2021-10-30,1
20245061,427,1510,3,77,10,4,16,4867.21,4168.09,699.12,4816.23,4698.83,P0427,Sensors Product 427,Sensors,314,409,C01510,"Wise, Harris and Barton",OEM,Automotive,Hurleyview,Germany,2018-01-16,1
20248744,174,2534,5,7,6,5,4,3914.75,2954.59,960.16,3751.01,4137.1,P0174,Turbochargers Product 174,Turbochargers,178,705,C02534,Ward-Terry,Fleet,Transportation,Mooreville,Italy,2025-02-06,1
20231860,330,3832,2,100,3,5,4,3151.06,2488.96,662.1,3150.16,3358.58,P0330,Electronics Product 330,Electronics,71,949,C03832,"Martinez, Long and White",OEM,Automotive,Smithfurt,Germany,2023-11-15,1
20239767,269,1262,6,86,2,5,19,3588.32,3072.12,516.2,3529.08,3709.69,P0269,Filtration Product 269,Filtration,473,207,C01262,Harris-Williams,Distributor,Automotive,Smithville,Germany,2023-09-26,1
20241050,103,2028,7,107,4,5,7,1427.86,859.48,568.38,1359.91,1459.58,P0103,Turbochargers Product 103,Turbochargers,153,188,C02028,Washington-Lam,Distributor,Transportation,Colemanland,Poland,2023-06-21,1
20226891,415,3991,2,24,4,4,4,2516.73,2170.86,345.87,2468.29,2528.44,P0415,Fuel Systems Product 415,Fuel Systems,482,931,C03991,Cannon Inc,OEM,Transportation,Diazton,Sweden,2025-09-18,1
20257552,308,4190,2,25,4,4,17,3774.84,2687.11,1087.73,3594.79,3851.69,P0308,Turbochargers Product 308,Turbochargers,154,702,C04190,Williamson-Gibson,OEM,Transportation,Kellybury,Poland,2024-10-10,1
20238582,348,2974,6,33,8,5,16,1791.76,1446.12,345.64,1836.93,1886.87,P0348,Electronics Product 348,Electronics,355,293,C02974,Anderson LLC,Distributor,Manufacturing,Lake Emilyland,Poland,2024-04-10,1
20238624,96,3632,7,43,2,2,4,4705.47,3682.16,1023.31,4524.01,4771.98,P0096,Turbochargers Product 96,Turbochargers,72,549,C03632,Warren-Bell,Fleet,Automotive,New Christophermouth,France,2018-09-09,1
20235480,319,3228,9,6,8,4,4,721.68,591.11,130.57,736.01,735.23,P0319,Aftertreatment Product 319,Aftertreatment,233,504,C03228,Nixon Ltd,OEM,Manufacturing,North Kristina,Austria,2019-10-11,1
20247856,208,2713,4,105,2,5,10,1225.05,1021.8,203.25,1176.96,1280.92,P0208,Sensors Product 208,Sensors,403,983,C02713,"Rangel, Murphy and Haas",OEM,Transportation,Goodwinmouth,Sweden,2018-02-23,1
20228194,351,1776,4,33,10,3,13,1992.34,1721.01,271.33,1932.22,1937.25,P0351,Fuel Systems Product 351,Fuel Systems,369,435,C01776,"Hall, Henry and Mcfarland",OEM,Transportation,East Timothy,Austria,2025-10-01,1
20236841,340,1225,6,88,3,2,15,4512.7,3135.88,1376.82,4561.57,4604.52,P0340,Aftertreatment Product 340,Aftertreatment,182,184,C01225,Johnson PLC,OEM,Transportation,East Lauraberg,Belgium,2020-10-08,1
20255780,155,3142,8,64,3,1,9,2112.81,1297.54,815.27,2092.5,2075.43,P0155,Fuel Systems Product 155,Fuel Systems,406,343,C03142,Wilson PLC,Fleet,Transportation,East Tiffanyside,Germany,2017-04-30,1
20245302,351,827,4,65,9,1,10,336.91,258.54,78.37,337.3,337.48,P0351,Fuel Systems Product 351,Fuel Systems,369,435,C00827,"Armstrong, Hall and Kelly",OEM,Automotive,Josephside,Belgium,2021-02-27,1
20223115,376,916,3,69,6,1,13,620.12,417.65,202.47,611.49,651.9,P0376,Cooling Systems Product 376,Cooling Systems,75,159,C00916,Nelson-Sharp,Fleet,Manufacturing,North Ana,Netherlands,2018-11-23,1
20234765,82,3163,10,82,10,5,12,2528.68,1877.0,651.68,2524.97,2424.55,P0082,Sensors Product 82,Sensors,452,363,C03163,Miller-Nash,Fleet,Manufacturing,North Kennethstad,Italy,2019-12-14,1
20224019,138,4239,9,26,5,5,8,3882.53,2745.16,1137.37,3978.28,3904.31,P0138,Filtration Product 138,Filtration,450,603,C04239,Burnett-Ramirez,OEM,Automotive,Raymondchester,Sweden,2020-02-27,1
20249113,122,811,3,40,3,5,11,4006.28,2678.17,1328.11,3867.95,4141.62,P0122,Electronics Product 122,Electronics,164,537,C00811,Love Ltd,Distributor,Manufacturing,East Christy,Italy,2023-07-26,1
20256111,67,3977,1,20,7,3,10,1707.31,1189.56,517.75,1708.23,1819.24,P0067,Turbochargers Product 67,Turbochargers,160,257,C03977,Olson-Smith,Fleet,Automotive,Sarahmouth,Belgium,2018-11-24,1
20224502,391,2831,7,23,7,2,15,4075.68,3171.86,903.82,4163.82,4014.06,P0391,Sensors Product 391,Sensors,448,870,C02831,Rodriguez Group,OEM,Automotive,Port Christopherfurt,Sweden,2019-08-29,1
20244913,193,4987,3,93,5,5,11,1450.71,965.22,485.49,1473.48,1479.18,P0193,Turbochargers Product 193,Turbochargers,376,442,C04987,Mckenzie PLC,Fleet,Manufacturing,South Pam,Austria,2019-12-12,1
20222506,429,2035,3,30,6,5,8,1781.97,1400.13,381.84,1804.51,1838.42,P0429,Aftertreatment Product 429,Aftertreatment,463,540,C02035,"Villegas, Prince and Knox",Fleet,Transportation,Lake Edgar,Italy,2025-11-09,1
20241158,440,3424,1,23,6,3,7,2621.96,1577.54,1044.42,2690.57,2856.82,P0440,Sensors Product 440,Sensors,382,762,C03424,Snyder-Anderson,Distributor,Manufacturing,Brownburgh,Poland,2019-06-17,1
20242040,24,320,1,3,7,1,1,3912.63,3152.41,760.22,3903.68,3996.06,P0024,Aftertreatment Product 24,Aftertreatment,382,526,C00320,Washington LLC,Distributor,Automotive,East Cynthia,Netherlands,2020-11-13,1
20254411,208,1131,6,77,3,5,2,3851.68,3384.04,467.64,3678.04,3682.37,P0208,Sensors Product 208,Sensors,403,983,C01131,Ponce LLC,OEM,Automotive,Gilesborough,Italy,2016-11-26,1
20256473,295,1089,3,97,6,2,16,4990.54,3924.73,1065.81,5023.33,4943.3,P0295,Sensors Product 295,Sensors,177,878,C01089,"Brown, Price and Orozco",OEM,Automotive,Gonzalesview,Sweden,2018-06-16,1
20244132,86,727,8,96,6,4,3,3365.41,2208.97,1156.44,3365.6,3598.55,P0086,Filtration Product 86,Filtration,290,692,C00727,Macdonald Inc,Distributor,Manufacturing,West Taylor,Poland,2018-12-06,1
20228263,491,4176,10,77,2,4,15,3891.31,3354.42,536.89,4052.34,3786.26,P0491,Filtration Product 491,Filtration,377,254,C04176,Griffin-Green,OEM,Manufacturing,Careyberg,Spain,2024-11-29,1
20230536,397,1510,3,72,4,4,3,1050.67,827.34,223.33,1009.83,1035.05,P0397,Fuel Systems Product 397,Fuel Systems,173,384,C01510,"Wise, Harris and Barton",OEM,Automotive,Hurleyview,Germany,2018-01-16,1
20224754,337,1717,10,81,4,3,14,4031.9,2478.45,1553.45,3912.82,3915.77,P0337,Fuel Systems Product 337,Fuel Systems,309,846,C01717,Matthews-Lee,Distributor,Manufacturing,North Jasonburgh,Germany,2023-08-08,1
20239524,214,2557,4,103,8,4,11,122.52,80.0,42.52,117.86,125.77,P0214,Cooling Systems Product 214,Cooling Systems,448,206,C02557,"Wilkinson, Wright and Montgomery",OEM,Manufacturing,Williamtown,Belgium,2020-06-23,1
20225936,286,1421,6,84,6,2,14,4553.73,3415.81,1137.92,4382.79,4485.18,P0286,Aftertreatment Product 286,Aftertreatment,346,148,C01421,"Williams, Miller and Bowen",Distributor,Manufacturing,South Justin,Germany,2016-08-15,1
20232580,445,798,2,67,9,5,3,1040.53,879.11,161.42,1046.57,1132.83,P0445,Fuel Systems Product 445,Fuel Systems,236,412,C00798,Mccoy-Ross,Fleet,Transportation,Rodriguezburgh,Austria,2024-02-10,1
20229135,64,614,7,62,6,4,2,517.34,363.97,153.37,512.56,538.81,P0064,Cooling Systems Product 64,Cooling Systems,430,732,C00614,"Lee, Barton and Martin",Fleet,Automotive,Nelsonmouth,Austria,2026-02-13,1
20250450,13,3926,10,70,9,1,20,2438.6,1596.8,841.8,2332.35,2471.29,P0013,Turbochargers Product 13,Turbochargers,289,541,C03926,Long-Schmidt,OEM,Transportation,Vargasborough,Italy,2024-02-04,1
20238576,158,890,6,47,2,4,2,1585.15,1115.26,469.89,1565.34,1608.07,P0158,Filtration Product 158,Filtration,101,235,C00890,"Castaneda, Martinez and Wu",Fleet,Automotive,Smithhaven,Netherlands,2026-03-19,1
20243073,250,1481,2,30,7,5,11,253.89,219.32,34.57,253.99,252.58,P0250,Filtration Product 250,Filtration,54,887,C01481,Aguilar-Spencer,OEM,Manufacturing,Alexanderberg,Poland,2023-11-11,1
20228675,49,1680,3,115,3,5,10,1866.96,1664.81,202.15,1813.09,2002.0,P0049,Electronics Product 49,Electronics,139,685,C01680,Johnson PLC,Fleet,Manufacturing,Wilsonland,Sweden,2021-01-24,1
20250273,466,1984,7,17,7,5,1,3554.13,2307.54,1246.59,3499.85,3668.58,P0466,Electronics Product 466,Electronics,346,745,C01984,"Johnston, Jones and Costa",Fleet,Transportation,North Davidton,Poland,2018-01-14,1
20223776,16,209,9,48,10,2,16,3099.28,2764.71,334.57,3143.26,3019.81,P0016,Turbochargers Product 16,Turbochargers,269,629,C00209,Cisneros Inc,Distributor,Manufacturing,Jasonbury,France,2023-05-10,1
20247882,72,2221,5,94,9,2,2,519.64,340.5,179.14,511.54,557.52,P0072,Filtration Product 72,Filtration,99,254,C02221,"Norton, West and Johnson",Distributor,Automotive,Floreshaven,Sweden,2021-07-21,1
20230128,250,2830,9,112,2,3,10,3039.17,2667.35,371.82,3013.49,3332.9,P0250,Filtration Product 250,Filtration,54,887,C02830,Cantrell Inc,Distributor,Transportation,West Rebeccaton,Spain,2022-11-06,1
20259205,84,4610,7,41,3,2,7,3155.6,2329.16,826.44,3286.05,3341.14,P0084,Cooling Systems Product 84,Cooling Systems,69,892,C04610,"Hester, Hess and Frederick",Fleet,Automotive,North Sonya,Spain,2020-04-22,1
20221451,137,271,4,97,1,3,7,1266.29,770.17,496.12,1289.09,1245.29,P0137,Turbochargers Product 137,Turbochargers,77,143,C00271,Parrish LLC,Distributor,Automotive,East Nicholasside,Spain,2024-07-26,1
20238736,372,547,2,41,6,3,5,4052.18,2533.0,1519.18,3975.14,4397.02,P0372,Filtration Product 372,Filtration,256,741,C00547,Mcintosh LLC,OEM,Transportation,North Cynthia,Austria,2025-05-22,1
20254334,317,3611,1,101,5,2,10,3208.95,2684.61,524.34,3275.41,3336.47,P0317,Cooling Systems Product 317,Cooling Systems,303,365,C03611,"Alvarez, Floyd and Gibson",OEM,Automotive,Lake Jessica,Poland,2025-05-06,1
20245788,283,4307,5,87,4,5,19,1577.2,983.5,593.7,1637.46,1668.11,P0283,Electronics Product 283,Electronics,313,844,C04307,King-Patterson,OEM,Manufacturing,Stewartmouth,Spain,2020-04-24,1
20243595,132,4189,7,4,1,3,5,3593.8,2179.45,1414.35,3425.67,3727.66,P0132,Electronics Product 132,Electronics,363,596,C04189,"Schmidt, Hughes and Estrada",OEM,Automotive,South Thomas,Germany,2020-01-13,1
20226483,70,650,3,24,2,5,3,1230.4,807.29,423.11,1276.03,1305.72,P0070,Turbochargers Product 70,Turbochargers,115,117,C00650,Martinez and Sons,OEM,Transportation,North Earl,Germany,2020-01-16,1
20253884,100,1339,9,80,10,1,11,1326.75,830.06,496.69,1341.27,1342.34,P0100,Cooling Systems Product 100,Cooling Systems,266,465,C01339,"Lambert, Howard and Lloyd",Fleet,Manufacturing,East Richard,Italy,2025-04-22,1
20237784,391,1406,8,56,5,4,8,2088.88,1443.67,645.21,2098.34,2068.07,P0391,Sensors Product 391,Sensors,448,870,C01406,Walton Ltd,OEM,Automotive,North Stephenchester,France,2017-12-02,1
20248489,320,4141,7,100,10,4,20,2454.59,1723.49,731.1,2511.98,2394.72,P0320,Fuel Systems Product 320,Fuel Systems,332,371,C04141,Nichols Ltd,OEM,Automotive,Nicholsonbury,Belgium,2021-06-20,1
20225404,23,3074,3,118,3,5,10,1068.82,930.34,138.48,1075.92,1173.63,P0023,Filtration Product 23,Filtration,188,256,C03074,"Bennett, Hudson and Henry",Fleet,Automotive,Lake Davidmouth,Germany,2017-03-24,1
20232863,77,2767,6,66,5,3,10,2955.23,2104.43,850.8,3036.79,3133.1,P0077,Filtration Product 77,Filtration,270,390,C02767,Esparza-Ward,Fleet,Manufacturing,South Justin,Austria,2020-12-21,1
20233051,145,2513,10,113,10,3,18,1321.26,1123.89,197.37,1338.97,1350.42,P0145,Turbochargers Product 145,Turbochargers,254,255,C02513,York Inc,OEM,Transportation,Martinezhaven,Belgium,2020-01-08,1
20254549,287,3715,5,23,8,4,17,2963.23,2128.19,835.04,2949.37,3092.5,P0287,Electronics Product 287,Electronics,63,884,C03715,"Brown, Dixon and Padilla",Fleet,Manufacturing,New Jordanstad,Spain,2024-08-28,1
20224088,313,4919,8,12,3,5,13,2633.36,1865.09,768.27,2523.23,2774.05,P0313,Cooling Systems Product 313,Cooling Systems,197,588,C04919,Wise-Thomas,OEM,Automotive,Emilybury,Italy,2024-03-11,1
20230369,344,511,6,58,3,4,8,1807.28,1127.48,679.8,1868.8,1758.81,P0344,Cooling Systems Product 344,Cooling Systems,482,648,C00511,Bishop Inc,Distributor,Automotive,Lake Davidton,Italy,2021-01-21,1
20239309,311,2974,1,84,7,3,19,1924.16,1203.6,720.56,1999.04,1964.57,P0311,Sensors Product 311,Sensors,256,601,C02974,Anderson LLC,Distributor,Manufacturing,Lake Emilyland,Poland,2024-04-10,1
20232032,498,4433,5,35,2,2,13,2695.21,1986.0,709.21,2668.66,2651.64,P0498,Fuel Systems Product 498,Fuel Systems,235,606,C04433,Turner-Jensen,Distributor,Automotive,Kellytown,Spain,2019-01-14,1
20237523,394,4303,9,74,3,4,9,1913.07,1598.78,314.29,1833.85,2025.24,P0394,Sensors Product 394,Sensors,430,463,C04303,Klein-Wilkinson,Distributor,Manufacturing,Edwardfort,Spain,2024-03-05,1
20250254,393,1074,8,52,3,1,13,1522.04,1342.53,179.51,1585.27,1552.78,P0393,Cooling Systems Product 393,Cooling Systems,344,957,C01074,"Perry, Cobb and Avery",OEM,Transportation,East Daniel,Austria,2016-11-20,1
20228298,130,3147,4,41,6,4,16,2371.43,1886.44,484.99,2447.41,2455.57,P0130,Cooling Systems Product 130,Cooling Systems,452,145,C03147,"Herman, Savage and Peterson",Distributor,Manufacturing,Ravenburgh,Spain,2026-01-12,1
20226611,125,651,10,80,3,4,19,425.34,286.58,138.76,440.27,419.59,P0125,Turbochargers Product 125,Turbochargers,437,990,C00651,Patterson Group,Fleet,Manufacturing,Millerchester,Austria,2026-03-01,1
20240287,226,3149,4,96,2,1,5,1510.03,938.05,571.98,1478.1,1625.96,P0226,Sensors Product 226,Sensors,473,523,C03149,"Smith, Atkinson and Mitchell",OEM,Automotive,East Tylerburgh,Sweden,2024-08-20,1
20250471,446,3609,9,104,10,5,13,3711.89,3101.65,610.24,3738.21,4071.98,P0446,Fuel Systems Product 446,Fuel Systems,211,595,C03609,Robertson-Merritt,OEM,Manufacturing,Port Devinburgh,Poland,2021-11-10,1
20233991,30,2692,2,22,8,4,2,982.34,611.34,371.0,941.48,987.01,P0030,Aftertreatment Product 30,Aftertreatment,124,141,C02692,"Goodwin, Poole and Rogers",Fleet,Transportation,Courtneyshire,Belgium,2019-10-23,1
20220230,108,2042,2,72,7,2,13,4672.26,3185.5,1486.76,4836.23,4487.24,P0108,Aftertreatment Product 108,Aftertreatment,472,808,C02042,Elliott and Sons,Fleet,Manufacturing,North Paul,Belgium,2022-12-23,1
20251004,337,1987,6,65,10,5,12,545.31,447.42,97.89,552.93,519.51,P0337,Fuel Systems Product 337,Fuel Systems,309,846,C01987,Blair-Clements,Distributor,Transportation,Mayview,Belgium,2021-02-20,1
20246428,200,883,5,11,2,5,17,4892.26,3168.12,1724.14,5034.13,4963.41,P0200,Electronics Product 200,Electronics,57,195,C00883,Taylor-Randall,OEM,Manufacturing,Lake Mary,Austria,2018-03-01,1
20251162,134,3329,8,68,8,5,10,1620.8,1205.9,414.9,1690.34,1578.07,P0134,Fuel Systems Product 134,Fuel Systems,256,227,C03329,Ortiz-Anderson,OEM,Manufacturing,Melaniemouth,Spain,2019-04-05,1
20256216,50,2511,8,78,7,5,17,2719.94,2434.67,285.27,2787.55,2733.94,P0050,Filtration Product 50,Filtration,178,770,C02511,"Ross, Williams and Kelley",OEM,Automotive,Wernerborough,Netherlands,2020-01-13,1
20228501,122,4717,9,64,7,1,11,1670.19,1221.46,448.73,1605.52,1752.8,P0122,Electronics Product 122,Electronics,164,537,C04717,"Brown, Medina and Franco",Distributor,Automotive,Amandaton,France,2026-04-13,1
20251769,76,4488,2,84,8,1,20,4897.87,3427.55,1470.32,5117.24,4903.88,P0076,Aftertreatment Product 76,Aftertreatment,498,375,C04488,Santos-Gomez,OEM,Automotive,Brittneystad,Austria,2024-03-15,1
20241799,271,2137,5,41,5,4,15,2861.1,1944.67,916.43,2767.31,2910.98,P0271,Turbochargers Product 271,Turbochargers,236,400,C02137,Phillips Group,Distributor,Transportation,Martinezborough,Spain,2017-12-22,1
20221218,229,1423,3,38,9,3,10,2950.69,2525.33,425.36,2806.16,3153.63,P0229,Cooling Systems Product 229,Cooling Systems,283,213,C01423,Murphy-Ramsey,OEM,Automotive,South Jessicashire,Netherlands,2017-11-02,1
20245817,51,2784,4,116,8,1,1,1928.0,1711.81,216.19,1897.9,2117.28,P0051,Electronics Product 51,Electronics,420,511,C02784,Jimenez Ltd,OEM,Transportation,Port Amandaville,Sweden,2024-12-24,1
20246135,96,4034,1,49,10,3,19,4323.32,3193.48,1129.84,4385.74,4550.73,P0096,Turbochargers Product 96,Turbochargers,72,549,C04034,Holland-Jones,OEM,Automotive,Brownshire,Belgium,2017-02-15,1
20234674,232,2036,9,37,8,4,13,3724.12,3100.21,623.91,3700.53,3844.72,P0232,Aftertreatment Product 232,Aftertreatment,485,876,C02036,"Jones, Valentine and Wood",Distributor,Automotive,South Nicolas,Italy,2019-11-15,1
20234230,146,1005,10,85,4,3,12,4341.73,3620.07,721.66,4209.83,4410.88,P0146,Fuel Systems Product 146,Fuel Systems,401,816,C01005,"Simmons, Marquez and Garcia",Fleet,Transportation,Lake Gail,Spain,2024-08-04,1
20236710,226,709,7,75,7,4,12,1360.61,1120.31,240.3,1378.35,1433.23,P0226,Sensors Product 226,Sensors,473,523,C00709,Mcpherson-Flores,Fleet,Manufacturing,South Meredith,Spain,2019-12-28,1
20227233,367,98,1,120,2,3,3,1534.2,1027.68,506.52,1528.71,1559.01,P0367,Sensors Product 367,Sensors,144,431,C00098,Griffith-Swanson,Fleet,Manufacturing,Port Angelica,Netherlands,2017-02-02,1
20242908,476,4853,10,110,10,4,13,2892.21,2223.52,668.69,2889.14,3160.42,P0476,Sensors Product 476,Sensors,212,959,C04853,Bell PLC,Distributor,Transportation,Lake Shanemouth,Germany,2025-11-26,1
20244203,292,2153,9,80,5,3,2,1119.03,747.28,371.75,1104.6,1138.88,P0292,Aftertreatment Product 292,Aftertreatment,465,130,C02153,"Miller, Ingram and Scott",Fleet,Manufacturing,New Shannon,Austria,2022-04-26,1
20247291,81,1531,2,1,4,5,13,1988.13,1654.43,333.7,2019.76,1909.6,P0081,Cooling Systems Product 81,Cooling Systems,246,679,C01531,Hopkins-Weaver,Fleet,Automotive,North Nathanland,Austria,2025-02-05,1
20243577,445,2496,2,70,4,3,15,2182.63,1314.23,868.4,2265.04,2090.84,P0445,Fuel Systems Product 445,Fuel Systems,236,412,C02496,"Zuniga, Short and Webster",Distributor,Manufacturing,North Donnaport,Italy,2025-01-24,1
20254640,199,1918,2,108,6,5,11,1442.74,1185.65,257.09,1372.51,1501.58,P0199,Turbochargers Product 199,Turbochargers,174,399,C01918,Molina Inc,Distributor,Transportation,Bennettberg,Germany,2025-04-13,1
20230086,71,186,8,8,9,2,1,3010.24,1907.34,1102.9,2955.76,3085.58,P0071,Fuel Systems Product 71,Fuel Systems,497,663,C00186,"Davis, Berry and Singh",Distributor,Automotive,Port Davidview,Italy,2019-02-11,1
20249032,277,4054,5,40,7,5,10,2483.17,1815.5,667.67,2483.99,2707.15,P0277,Filtration Product 277,Filtration,372,298,C04054,Jensen PLC,Distributor,Manufacturing,Jacksonmouth,Austria,2021-04-01,1
20238999,474,2213,4,60,7,2,19,4610.45,2941.34,1669.11,4385.44,4850.24,P0474,Fuel Systems Product 474,Fuel Systems,91,178,C02213,Rodriguez-Green,Fleet,Manufacturing,Kylestad,Spain,2022-09-09,1
20221373,486,4651,8,98,9,4,5,3615.58,2653.36,962.22,3465.22,3682.32,P0486,Cooling Systems Product 486,Cooling Systems,127,865,C04651,Crawford Group,Distributor,Manufacturing,South Joshua,Germany,2022-08-05,1
20231542,163,2120,2,56,2,2,5,1288.07,836.09,451.98,1270.7,1265.99,P0163,Sensors Product 163,Sensors,305,195,C02120,Howard-Johnson,OEM,Automotive,East Jeffrey,Belgium,2025-05-29,1
20249877,347,2721,1,109,1,2,1,4629.32,3082.55,1546.77,4739.38,4452.91,P0347,Sensors Product 347,Sensors,389,607,C02721,Perry-Santiago,Fleet,Manufacturing,Tomshire,Austria,2026-08-01,1
20228456,465,1556,1,82,7,1,3,827.86,684.91,142.95,839.08,790.36,P0465,Fuel Systems Product 465,Fuel Systems,52,135,C01556,Bryant PLC,Fleet,Transportation,Lisachester,Spain,2018-02-11,1
20226625,111,2779,7,56,1,3,12,2901.4,2522.05,379.35,2866.02,3030.41,P0111,Filtration Product 111,Filtration,249,946,C02779,"Osborne, Robbins and Daniel",Fleet,Transportation,Port Davidtown,Sweden,2016-09-24,1
20235970,479,4831,10,108,9,3,18,3378.04,2493.41,884.63,3296.29,3248.08,P0479,Sensors Product 479,Sensors,332,781,C04831,"Reynolds, Graham and Sanders",Distributor,Manufacturing,Port Debbieton,Sweden,2024-12-17,1
20244753,334,3596,10,66,6,2,10,462.69,379.85,82.84,462.94,473.26,P0334,Electronics Product 334,Electronics,212,536,C03596,"Gross, Thomas and Reyes",Fleet,Transportation,South Evanland,Poland,2025-04-01,1
20251108,284,2874,7,6,10,2,1,1962.9,1217.75,745.15,1951.98,1997.36,P0284,Cooling Systems Product 284,Cooling Systems,378,813,C02874,"Kelly, Sullivan and Martin",OEM,Manufacturing,East Lisaport,Italy,2020-11-25,1
20231066,280,3571,10,47,9,1,15,2684.44,2058.86,625.58,2731.02,2667.97,P0280,Filtration Product 280,Filtration,159,364,C03571,Cochran-Roberts,Distributor,Automotive,Port Markstad,Netherlands,2017-05-20,1
20239360,210,1672,8,97,1,3,14,842.21,590.82,251.39,843.03,845.19,P0210,Sensors Product 210,Sensors,381,886,C01672,Gutierrez-Townsend,Fleet,Manufacturing,Gonzalezton,Sweden,2022-08-28,1
20226262,460,1103,4,105,4,1,16,4002.16,3423.06,579.1,4124.11,4013.74,P0460,Cooling Systems Product 460,Cooling Systems,158,883,C01103,Baker Group,Distributor,Automotive,Kyleport,Italy,2020-02-13,1
20238451,71,2342,3,106,10,1,17,3852.3,2697.51,1154.79,3732.52,3877.65,P0071,Fuel Systems Product 71,Fuel Systems,497,663,C02342,Bates-Horne,OEM,Manufacturing,North Derekburgh,Sweden,2021-06-17,1
20221280,123,4323,8,43,4,2,10,4020.22,3162.64,857.58,3893.73,4215.57,P0123,Cooling Systems Product 123,Cooling Systems,147,719,C04323,"Owens, Nelson and Cortez",Fleet,Manufacturing,Cartershire,Sweden,2023-04-18,1
20230807,224,979,2,53,8,2,5,4984.57,3186.55,1798.02,5210.11,5411.52,P0224,Cooling Systems Product 224,Cooling Systems,385,175,C00979,Wheeler LLC,Fleet,Transportation,South Brandi,Italy,2016-09-15,1
20243714,35,4927,1,116,9,3,10,3944.63,2768.65,1175.98,3831.87,4151.78,P0035,Filtration Product 35,Filtration,488,634,C04927,"Trevino, Brown and Garner",OEM,Manufacturing,Diazhaven,Poland,2022-10-09,1
20223799,161,269,4,89,5,5,3,2107.33,1319.3,788.03,2048.52,2003.7,P0161,Turbochargers Product 161,Turbochargers,413,546,C00269,Shea-Munoz,Distributor,Automotive,Turnershire,Netherlands,2024-03-10,1
20227856,481,2914,9,51,7,1,1,4071.7,3411.61,660.09,3876.92,4024.98,P0481,Electronics Product 481,Electronics,85,133,C02914,"Velez, Watson and Hayes",Distributor,Transportation,East Matthewtown,Belgium,2020-08-04,1
20252910,391,2029,9,49,8,3,14,4173.24,2557.1,1616.14,4041.6,4140.46,P0391,Sensors Product 391,Sensors,448,870,C02029,Burnett-Hartman,OEM,Transportation,Jaclynton,Germany,2017-12-28,1
20257017,416,1224,10,52,9,3,19,1165.67,923.05,242.62,1138.44,1124.18,P0416,Electronics Product 416,Electronics,125,422,C01224,"Mcdonald, Parsons and Bowen",Fleet,Transportation,Joseshire,Netherlands,2023-10-09,1
20252216,449,5000,4,53,2,1,2,2478.52,1559.02,919.5,2550.6,2622.67,P0449,Turbochargers Product 449,Turbochargers,466,253,C05000,"Smith, May and Tyler",Fleet,Automotive,Thomasmouth,Poland,2019-12-22,1
20256600,157,3671,2,8,6,1,12,1298.76,966.69,332.07,1348.45,1353.25,P0157,Sensors Product 157,Sensors,259,276,C03671,Schmidt Group,Fleet,Manufacturing,East Brianfurt,Belgium,2021-10-20,1
20236897,311,4024,9,74,1,3,4,2943.01,2423.7,519.31,3074.86,3178.94,P0311,Sensors Product 311,Sensors,256,601,C04024,"Howard, Webster and Williams",Fleet,Transportation,Taylorport,Italy,2018-01-22,1
20235675,206,1908,1,19,9,5,2,3635.99,2280.45,1355.54,3649.62,3903.84,P0206,Filtration Product 206,Filtration,61,486,C01908,"Singleton, Hoover and Fletcher",Distributor,Manufacturing,Angelashire,Belgium,2021-04-26,1
20242690,330,4020,3,13,9,3,2,824.34,692.12,132.22,803.32,785.55,P0330,Electronics Product 330,Electronics,71,949,C04020,Berry Ltd,OEM,Automotive,East Ashley,Sweden,2026-02-24,1
20257835,358,621,1,48,10,2,4,1325.14,829.5,495.64,1265.96,1440.86,P0358,Electronics Product 358,Electronics,297,764,C00621,Rios-Stewart,Distributor,Automotive,Vaughanview,Spain,2025-04-08,1
20222171,92,4049,6,92,7,4,10,3733.74,2637.66,1096.08,3611.44,3862.44,P0092,Electronics Product 92,Electronics,297,337,C04049,"Hunter, Stone and White",OEM,Transportation,North Vanessafort,Poland,2021-04-10,1
20241100,35,454,7,67,6,5,13,3505.0,2633.91,871.09,3485.71,3844.49,P0035,Filtration Product 35,Filtration,488,634,C00454,Willis and Sons,OEM,Transportation,New David,Sweden,2025-04-17,1
20224144,44,2326,6,70,1,4,16,2319.13,2010.57,308.56,2363.01,2485.14,P0044,Electronics Product 44,Electronics,254,373,C02326,Cook-Flores,OEM,Manufacturing,East Jason,Netherlands,2018-05-10,1
20224038,125,1578,7,106,3,4,10,339.1,300.45,38.65,351.36,322.47,P0125,Turbochargers Product 125,Turbochargers,437,990,C01578,"Ali, Harris and Wilson",Distributor,Manufacturing,Port Andrew,Netherlands,2025-03-23,1
20239458,98,1525,10,22,8,3,15,3438.88,2911.79,527.09,3465.47,3599.59,P0098,Filtration Product 98,Filtration,94,362,C01525,"Velez, Ray and Craig",OEM,Manufacturing,Pughport,Germany,2018-01-21,1
20226405,380,1486,9,27,6,3,17,648.68,487.41,161.27,638.65,663.59,P0380,Electronics Product 380,Electronics,190,323,C01486,Young-Williams,Fleet,Transportation,Burtonstad,Austria,2025-12-11,1
20223195,444,4444,10,39,2,2,20,1947.28,1642.63,304.65,1950.3,1939.2,P0444,Sensors Product 444,Sensors,216,648,C04444,Perry-Chapman,Fleet,Transportation,South Sarahberg,France,2024-02-06,1
20240649,325,312,5,49,7,2,15,2328.81,1995.31,333.5,2279.89,2527.82,P0325,Sensors Product 325,Sensors,365,598,C00312,Perry and Sons,OEM,Transportation,Fergusonland,Sweden,2022-07-05,1
20232632,277,4519,5,97,1,5,5,578.73,416.8,161.93,603.07,581.68,P0277,Filtration Product 277,Filtration,372,298,C04519,"Wilson, Mann and Francis",Fleet,Automotive,Hensonside,Belgium,2025-04-10,1
20256182,94,4652,9,37,9,3,19,4259.79,3699.69,560.1,4469.91,4192.73,P0094,Aftertreatment Product 94,Aftertreatment,214,964,C04652,Bonilla and Sons,OEM,Automotive,North Stephaniefort,France,2021-02-20,1
20229557,201,643,6,119,8,2,7,4040.61,2438.55,1602.06,4116.73,4421.58,P0201,Filtration Product 201,Filtration,170,784,C00643,"Rodriguez, Jackson and Montoya",Fleet,Transportation,West Amanda,Poland,2017-03-29,1
20221807,327,2657,1,75,7,1,13,4758.63,4095.35,663.28,4902.61,4666.27,P0327,Electronics Product 327,Electronics,109,522,C02657,Russell-Sims,OEM,Transportation,East Scott,Sweden,2016-12-23,1
20229970,32,713,2,98,6,3,14,3285.02,2288.87,996.15,3163.22,3559.72,P0032,Cooling Systems Product 32,Cooling Systems,124,192,C00713,"Thomas, Cole and Robbins",OEM,Automotive,South Robintown,Sweden,2025-09-24,1
20259588,190,2819,4,57,3,2,20,638.19,486.62,151.57,638.88,652.78,P0190,Sensors Product 190,Sensors,92,951,C02819,Thornton-Nguyen,Fleet,Automotive,Brittanyport,Belgium,2020-02-14,1
20244707,299,101,2,51,4,4,4,4818.44,3430.58,1387.86,4839.02,4948.79,P0299,Sensors Product 299,Sensors,234,391,C00101,"Krause, Evans and Walton",OEM,Automotive,Port Grant,Poland,2021-01-16,1
20241727,119,3613,8,13,4,1,12,4255.34,3783.8,471.54,4081.22,4585.14,P0119,Electronics Product 119,Electronics,469,932,C03613,Roach and Sons,Fleet,Transportation,New Elizabeth,Poland,2019-06-03,1
20243570,23,2504,1,15,9,1,9,4816.42,3375.96,1440.46,4986.23,5273.44,P0023,Filtration Product 23,Filtration,188,256,C02504,Cameron-Garcia,Distributor,Transportation,New Ashleytown,Sweden,2021-07-02,1
20238825,440,2466,7,84,5,1,7,846.87,585.92,260.95,835.91,930.32,P0440,Sensors Product 440,Sensors,382,762,C02466,"Powell, Mann and Gomez",Fleet,Manufacturing,Jenniferview,Sweden,2016-10-10,1
20240381,47,347,2,33,1,5,20,368.41,326.55,41.86,360.94,392.33,P0047,Aftertreatment Product 47,Aftertreatment,487,629,C00347,"Lewis, Meyer and Young",OEM,Manufacturing,North Amy,Poland,2026-07-20,1
20254526,281,4945,3,3,5,4,1,333.83,206.57,127.26,349.68,345.49,P0281,Fuel Systems Product 281,Fuel Systems,223,797,C04945,"Miles, Conway and Smith",Distributor,Transportation,Robinsonfort,Netherlands,2022-10-17,1
20259631,445,1221,1,106,9,3,13,279.07,170.43,108.64,282.89,290.42,P0445,Fuel Systems Product 445,Fuel Systems,236,412,C01221,Brown Group,Fleet,Transportation,Webbbury,Spain,2017-11-05,1
20255529,264,1103,3,18,8,4,16,1845.97,1146.35,699.62,1861.22,1991.09,P0264,Electronics Product 264,Electronics,85,333,C01103,Baker Group,Distributor,Automotive,Kyleport,Italy,2020-02-13,1
20243872,352,4226,7,107,1,2,4,4307.41,2877.38,1430.03,4444.21,4307.94,P0352,Filtration Product 352,Filtration,317,686,C04226,Brown-Benton,Distributor,Automotive,Perkinshaven,Italy,2020-09-28,1
20225642,9,769,3,69,4,2,17,205.15,176.83,28.32,213.29,211.82,P0009,Sensors Product 9,Sensors,489,328,C00769,"Green, Schroeder and Brooks",Distributor,Transportation,West Christopherfort,Poland,2021-04-13,1
20234830,168,1538,9,31,10,1,12,3364.06,2195.56,1168.5,3455.08,3620.75,P0168,Fuel Systems Product 168,Fuel Systems,192,876,C01538,"Russell, Yoder and Mcdowell",OEM,Manufacturing,East Maurice,Germany,2024-09-18,1
20256567,479,2372,8,57,6,4,4,3443.64,2828.87,614.77,3477.79,3288.82,P0479,Sensors Product 479,Sensors,332,781,C02372,Wyatt-Blair,OEM,Automotive,New Billy,Austria,2018-02-16,1
20239770,477,4700,5,100,10,2,16,3648.82,3134.99,513.83,3504.75,3908.04,P0477,Aftertreatment Product 477,Aftertreatment,143,204,C04700,Lin-Bautista,OEM,Transportation,Port Jim,Sweden,2021-10-12,1
20254530,446,1718,8,49,2,5,5,3644.32,3258.66,385.66,3642.1,3511.74,P0446,Fuel Systems Product 446,Fuel Systems,211,595,C01718,"Burke, Chen and Wong",Fleet,Transportation,Kevinborough,Spain,2019-01-12,1
20248218,7,2566,2,95,7,2,9,2577.91,1865.82,712.09,2563.15,2831.22,P0007,Sensors Product 7,Sensors,349,969,C02566,Cline-Gonzales,OEM,Manufacturing,Jonesport,Belgium,2026-05-29,1
20248892,240,1636,9,117,5,4,11,1679.29,1272.37,406.92,1689.99,1724.51,P0240,Turbochargers Product 240,Turbochargers,89,780,C01636,Gray-Smith,Fleet,Manufacturing,Robertburgh,Sweden,2016-09-26,1
20242738,467,3364,4,91,10,5,9,4414.18,2737.92,1676.26,4405.65,4443.05,P0467,Aftertreatment Product 467,Aftertreatment,451,174,C03364,Steele Group,Distributor,Transportation,East Sophia,Austria,2026-05-02,1
20231548,289,3041,7,69,4,2,9,3063.97,2242.28,821.69,3183.08,3167.94,P0289,Fuel Systems Product 289,Fuel Systems,169,373,C03041,Edwards-Johnson,Fleet,Manufacturing,Johnmouth,Spain,2025-09-21,1
20220495,84,854,10,119,6,5,20,2560.58,2188.62,371.96,2486.28,2574.93,P0084,Cooling Systems Product 84,Cooling Systems,69,892,C00854,Mcconnell-Fields,OEM,Automotive,Jonesside,Germany,2023-04-04,1
20252834,489,3599,9,18,6,1,3,1149.14,852.63,296.51,1137.87,1253.12,P0489,Cooling Systems Product 489,Cooling Systems,159,158,C03599,Johnson-Smith,Fleet,Manufacturing,New Erinchester,Germany,2022-09-17,1
20243345,228,198,7,97,5,4,14,2126.44,1598.2,528.24,2051.34,2245.67,P0228,Filtration Product 228,Filtration,197,732,C00198,Allen-Collier,OEM,Transportation,Nelsonfurt,Austria,2024-10-31,1
20256109,112,2332,10,30,4,5,11,4126.25,2921.44,1204.81,4227.74,4105.1,P0112,Cooling Systems Product 112,Cooling Systems,416,407,C02332,Acosta-Moss,Distributor,Transportation,Grantville,Spain,2023-09-18,1
20240099,256,4558,4,110,8,1,16,1629.06,1249.67,379.39,1707.24,1719.25,P0256,Cooling Systems Product 256,Cooling Systems,331,546,C04558,"Watson, Lindsey and Brown",Distributor,Transportation,New Jamesmouth,Sweden,2021-02-04,1
20229205,121,4869,5,9,8,5,18,346.34,291.65,54.69,332.18,358.85,P0121,Filtration Product 121,Filtration,74,611,C04869,"Miller, Cook and Bruce",Distributor,Automotive,Lake Melissa,Sweden,2021-04-12,1
20242406,443,3291,9,114,7,2,5,2038.28,1501.64,536.64,2049.15,2108.55,P0443,Cooling Systems Product 443,Cooling Systems,179,863,C03291,Drake-Bennett,Fleet,Manufacturing,Coleberg,Italy,2021-05-05,1
20252405,96,3377,2,106,5,1,14,1289.47,934.17,355.3,1308.55,1320.07,P0096,Turbochargers Product 96,Turbochargers,72,549,C03377,"Johnson, Thompson and Murray",Fleet,Transportation,Wardberg,Netherlands,2020-12-23,1
20233191,29,4513,3,45,5,1,20,1291.73,803.82,487.91,1305.65,1408.07,P0029,Fuel Systems Product 29,Fuel Systems,128,126,C04513,Williams LLC,Fleet,Automotive,Angelashire,Austria,2019-04-26,1
20241966,42,1658,9,36,3,4,12,4081.0,2502.44,1578.56,4213.0,4083.02,P0042,Fuel Systems Product 42,Fuel Systems,96,866,C01658,Knox LLC,Distributor,Transportation,Phamview,Netherlands,2023-08-08,1
20229429,175,1754,6,18,8,3,1,2049.52,1242.09,807.43,2022.48,2145.27,P0175,Aftertreatment Product 175,Aftertreatment,234,137,C01754,Thompson-Patel,Distributor,Transportation,Port Sandra,Poland,2025-11-01,1
20246654,321,4398,1,19,10,1,15,4817.28,2900.97,1916.31,4882.03,5177.4,P0321,Cooling Systems Product 321,Cooling Systems,340,488,C04398,Vega-Barr,Fleet,Manufacturing,Port Coreyville,Netherlands,2026-06-13,1
20225477,289,4556,3,3,1,5,10,4587.44,3658.47,928.97,4554.34,4878.26,P0289,Fuel Systems Product 289,Fuel Systems,169,373,C04556,Mitchell-Johnson,OEM,Transportation,Lake Charleschester,Italy,2024-02-16,1
20241950,57,1270,5,114,4,1,2,3507.17,2357.1,1150.07,3339.05,3604.51,P0057,Filtration Product 57,Filtration,182,606,C01270,"Hammond, Rubio and Ramirez",Distributor,Automotive,East Donna,Poland,2017-07-18,1
20235157,109,3570,4,59,2,2,17,2619.38,1996.01,623.37,2640.73,2512.78,P0109,Cooling Systems Product 109,Cooling Systems,251,702,C03570,"Walsh, Francis and Jones",Distributor,Transportation,Whitetown,Netherlands,2022-03-29,1
20248256,155,2500,10,107,9,4,17,1203.52,904.34,299.18,1151.01,1251.45,P0155,Fuel Systems Product 155,Fuel Systems,406,343,C02500,"Joyce, Alexander and Smith",Fleet,Automotive,Shawchester,Austria,2020-01-30,1
20260838,187,380,6,7,8,2,17,2260.89,1799.88,461.01,2326.74,2158.89,P0187,Fuel Systems Product 187,Fuel Systems,253,517,C00380,Patel-Soto,OEM,Manufacturing,East John,Netherlands,2018-11-12,1
20227812,159,2587,9,8,6,2,16,720.92,503.34,217.58,726.55,711.62,P0159,Filtration Product 159,Filtration,180,372,C02587,"Lewis, Ramos and Hayes",Fleet,Transportation,West Hector,Poland,2019-05-05,1
20257215,359,1350,5,63,1,1,17,2234.22,1802.97,431.25,2253.55,2222.15,P0359,Filtration Product 359,Filtration,54,841,C01350,Sanchez-Randall,Fleet,Automotive,East Davidview,Spain,2024-07-23,1
20229120,423,3306,8,8,6,1,20,3245.23,2084.42,1160.81,3279.24,3261.26,P0423,Fuel Systems Product 423,Fuel Systems,466,114,C03306,"Barr, Kaiser and Rosales",OEM,Transportation,Welchview,Sweden,2018-05-03,1
20255458,418,4989,10,64,9,2,10,1645.65,1213.28,432.37,1716.51,1776.11,P0418,Sensors Product 418,Sensors,65,522,C04989,Williams-Brooks,OEM,Automotive,New Melissaside,Spain,2026-06-02,1
20230474,309,4179,1,94,7,2,19,4963.45,3615.55,1347.9,4973.61,4818.18,P0309,Filtration Product 309,Filtration,421,447,C04179,Woods Inc,OEM,Automotive,East Monica,Austria,2020-06-14,1
20235525,79,4773,10,79,9,2,11,4988.46,3690.44,1298.02,5097.23,4948.11,P0079,Fuel Systems Product 79,Fuel Systems,182,426,C04773,Miller Group,OEM,Transportation,Calderonshire,Austria,2023-11-27,1
20236801,335,1608,5,30,4,2,8,910.77,741.14,169.63,944.74,969.92,P0335,Cooling Systems Product 335,Cooling Systems,434,418,C01608,"James, Andersen and Rodriguez",Distributor,Transportation,West Robin,France,2022-05-25,1
20235805,379,4037,10,113,10,2,15,249.1,218.47,30.63,250.12,241.87,P0379,Cooling Systems Product 379,Cooling Systems,221,917,C04037,Jimenez and Sons,OEM,Manufacturing,Millermouth,Spain,2017-04-06,1
20229008,60,2026,10,111,5,3,9,3392.02,2567.87,824.15,3301.19,3640.15,P0060,Cooling Systems Product 60,Cooling Systems,86,746,C02026,Patterson LLC,OEM,Transportation,Port Michael,Sweden,2022-03-18,1
20231330,95,4342,9,82,1,3,20,2405.79,1829.49,576.3,2426.89,2347.95,P0095,Aftertreatment Product 95,Aftertreatment,466,868,C04342,Shaw and Sons,OEM,Automotive,Heidiside,Spain,2022-05-05,1
20238389,286,2761,8,86,4,4,19,2222.29,1606.79,615.5,2299.87,2376.35,P0286,Aftertreatment Product 286,Aftertreatment,346,148,C02761,"Jensen, Morrison and Johnson",Distributor,Transportation,North Kimberly,Belgium,2022-01-13,1
20221225,280,1996,7,120,10,1,3,3076.37,2538.24,538.13,3052.32,3258.78,P0280,Filtration Product 280,Filtration,159,364,C01996,Lee-Hill,Distributor,Transportation,West Amandachester,Germany,2022-10-25,1
20229214,454,2190,4,97,4,1,13,3621.7,2920.28,701.42,3760.79,3899.36,P0454,Cooling Systems Product 454,Cooling Systems,141,632,C02190,Rodriguez and Sons,Fleet,Manufacturing,West Makayla,Spain,2024-12-14,1
20240993,477,4600,9,75,6,3,7,2546.14,2060.57,485.57,2603.1,2542.12,P0477,Aftertreatment Product 477,Aftertreatment,143,204,C04600,Rosario LLC,Fleet,Manufacturing,Spencershire,Spain,2022-10-27,1
20232891,242,1107,4,29,3,5,18,4364.87,2659.17,1705.7,4313.04,4199.85,P0242,Aftertreatment Product 242,Aftertreatment,231,167,C01107,"Price, Nolan and Vasquez",OEM,Manufacturing,Juanberg,Belgium,2021-06-22,1
20221175,205,3057,6,3,2,4,18,1833.03,1196.07,636.96,1868.16,1986.15,P0205,Sensors Product 205,Sensors,355,908,C03057,"Schmidt, Mcmillan and Davis",Fleet,Manufacturing,South Dennisside,Poland,2024-02-04,1
20238990,68,132,1,110,4,2,7,4988.12,3460.06,1528.06,4831.53,5027.82,P0068,Filtration Product 68,Filtration,120,182,C00132,"Morales, Hancock and Mata",Fleet,Transportation,Port Steven,Austria,2018-04-21,1
20221934,398,367,5,24,6,3,15,1393.35,1086.03,307.32,1333.67,1490.32,P0398,Fuel Systems Product 398,Fuel Systems,493,797,C00367,English-Powell,Fleet,Manufacturing,Oscarborough,Poland,2022-03-08,1
20227747,51,3131,2,69,2,3,14,3514.83,2308.26,1206.57,3593.44,3403.64,P0051,Electronics Product 51,Electronics,420,511,C03131,Frazier and Sons,Fleet,Manufacturing,Lake James,Italy,2018-06-04,1
20239250,69,1296,1,69,1,5,4,3800.88,3348.61,452.27,3933.37,3980.22,P0069,Cooling Systems Product 69,Cooling Systems,184,980,C01296,Richardson-Snyder,Fleet,Automotive,New Kimberlymouth,Sweden,2024-03-27,1
20230826,89,4168,8,86,2,2,10,4620.65,3661.23,959.42,4510.19,4580.66,P0089,Sensors Product 89,Sensors,93,629,C04168,"King, Wilson and Adams",Fleet,Automotive,North Shirley,Italy,2019-06-08,1
20258832,433,4499,6,44,6,5,20,4478.95,3516.44,962.51,4525.48,4438.27,P0433,Turbochargers Product 433,Turbochargers,231,779,C04499,Murray-Mcbride,Fleet,Automotive,North Matthewstad,Poland,2017-06-09,1
20259833,309,4536,9,55,9,3,7,545.19,369.25,175.94,546.5,578.8,P0309,Filtration Product 309,Filtration,421,447,C04536,Gomez-Santiago,Distributor,Transportation,Tuckershire,France,2020-06-17,1
20221635,482,4412,2,53,6,2,20,1766.25,1213.65,552.6,1850.53,1926.03,P0482,Sensors Product 482,Sensors,192,982,C04412,Mcdonald-Christensen,Distributor,Automotive,Lake Adamburgh,Sweden,2021-03-04,1
20230209,100,3488,7,29,5,4,17,3433.17,2638.63,794.54,3589.91,3738.07,P0100,Cooling Systems Product 100,Cooling Systems,266,465,C03488,Lamb LLC,Fleet,Manufacturing,West Alejandroville,Sweden,2023-11-13,1
20257324,62,2734,5,27,6,1,16,3372.51,2917.45,455.06,3239.65,3358.86,P0062,Sensors Product 62,Sensors,425,477,C02734,Cooper Ltd,Distributor,Manufacturing,Lake Tammieport,Sweden,2019-08-12,1
20249133,375,4855,6,49,6,3,7,4654.28,3785.95,868.33,4530.37,4629.42,P0375,Electronics Product 375,Electronics,53,145,C04855,Flowers-Franklin,OEM,Transportation,Porterport,Belgium,2018-10-03,1
20258810,98,3681,10,116,1,5,2,4886.83,3302.8,1584.03,4887.83,5304.84,P0098,Filtration Product 98,Filtration,94,362,C03681,Hunt-Perez,Distributor,Manufacturing,West Samantha,Poland,2018-04-19,1
20232488,171,4916,1,80,8,2,1,487.7,299.85,187.85,485.7,513.08,P0171,Cooling Systems Product 171,Cooling Systems,353,541,C04916,"Bonilla, Flores and Kennedy",Fleet,Automotive,Fitzgeraldstad,Italy,2019-04-25,1
20258386,36,3967,2,36,1,4,4,4553.61,3421.96,1131.65,4428.28,4928.41,P0036,Electronics Product 36,Electronics,480,345,C03967,Bell-Diaz,Distributor,Manufacturing,South Rachel,Italy,2025-11-19,1
20222236,261,3805,8,43,6,4,11,4904.29,4281.61,622.68,4973.72,4806.63,P0261,Turbochargers Product 261,Turbochargers,231,310,C03805,"Watts, Brown and Garner",Fleet,Transportation,Wrightside,Germany,2017-10-14,1
20234851,438,2865,3,3,2,5,7,2425.44,2061.71,363.73,2365.09,2522.76,P0438,Electronics Product 438,Electronics,347,372,C02865,Stanley PLC,OEM,Manufacturing,Port Cassandraberg,Spain,2022-12-13,1
20238356,109,4726,5,11,3,5,3,3124.79,2549.47,575.32,3273.39,3085.71,P0109,Cooling Systems Product 109,Cooling Systems,251,702,C04726,"Rowe, Davis and Gross",Distributor,Automotive,New Pedrohaven,Belgium,2019-07-10,1
20242986,461,1117,1,93,10,5,1,4611.7,2845.63,1766.07,4439.91,4979.75,P0461,Fuel Systems Product 461,Fuel Systems,267,237,C01117,Howard-Brown,Fleet,Automotive,Acostaview,Italy,2024-03-15,1
20233734,7,1743,5,65,8,3,11,1668.65,1244.67,423.98,1749.21,1713.36,P0007,Sensors Product 7,Sensors,349,969,C01743,Cain-Garcia,Distributor,Transportation,South Don,Germany,2017-12-22,1
20238834,375,754,2,25,3,5,20,4814.73,3692.32,1122.41,4641.22,4846.68,P0375,Electronics Product 375,Electronics,53,145,C00754,"Glover, Kline and Curtis",Fleet,Automotive,Timothyfort,Germany,2025-05-08,1
20247590,274,3771,5,12,10,5,13,1874.95,1681.2,193.75,1817.92,2044.43,P0274,Aftertreatment Product 274,Aftertreatment,138,872,C03771,Hester-Palmer,OEM,Automotive,Kellymouth,Germany,2023-05-31,1
20237360,283,1119,5,101,6,4,14,1900.0,1551.6,348.4,1881.8,1983.79,P0283,Electronics Product 283,Electronics,313,844,C01119,"Lewis, Fuentes and Smith",Distributor,Transportation,North Austin,Netherlands,2024-11-29,1
20246034,222,790,2,104,1,3,11,2247.63,1463.44,784.19,2292.08,2456.11,P0222,Cooling Systems Product 222,Cooling Systems,375,952,C00790,Phillips-Decker,Fleet,Automotive,Katherinetown,Austria,2019-07-09,1
20235408,123,3411,5,70,3,4,6,1501.56,1311.85,189.71,1452.35,1598.36,P0123,Cooling Systems Product 123,Cooling Systems,147,719,C03411,Rogers PLC,OEM,Manufacturing,Pinedastad,Austria,2020-07-31,1
20226169,67,814,5,67,6,2,13,1629.22,1365.51,263.71,1548.89,1606.29,P0067,Turbochargers Product 67,Turbochargers,160,257,C00814,"Schneider, Wilson and Smith",OEM,Manufacturing,Maciastown,Poland,2018-03-25,1
20220599,369,2131,1,70,6,2,11,4724.92,2848.99,1875.93,4581.04,4586.34,P0369,Cooling Systems Product 369,Cooling Systems,129,206,C02131,Banks-Walls,Fleet,Automotive,North Derrick,Belgium,2016-11-12,1
20254978,416,3280,10,113,1,2,10,735.93,648.04,87.89,711.38,746.42,P0416,Electronics Product 416,Electronics,125,422,C03280,Dawson-Alvarez,Distributor,Manufacturing,Port Kimberlychester,Germany,2016-08-07,1
20237497,57,1244,4,7,5,1,1,3332.86,2140.16,1192.7,3226.77,3189.02,P0057,Filtration Product 57,Filtration,182,606,C01244,Mccarthy PLC,Fleet,Manufacturing,Priceshire,Germany,2025-07-26,1
20227521,100,2296,8,62,1,3,16,895.19,668.95,226.24,862.77,884.84,P0100,Cooling Systems Product 100,Cooling Systems,266,465,C02296,"Rollins, Mcdonald and Mathews",Fleet,Automotive,North Christinefort,Netherlands,2019-05-14,1
20256630,329,2888,10,109,2,2,3,4667.64,3683.99,983.65,4853.29,4993.96,P0329,Turbochargers Product 329,Turbochargers,261,982,C02888,"Martin, Estrada and Pearson",OEM,Automotive,Andrewport,France,2022-08-23,1
20244528,424,676,6,93,5,3,19,1939.29,1429.89,509.4,1893.39,1905.57,P0424,Filtration Product 424,Filtration,265,363,C00676,Petersen Ltd,Fleet,Transportation,Robertburgh,Sweden,2020-10-20,1
20257032,237,3538,4,22,6,1,20,1677.44,1072.09,605.35,1607.79,1813.49,P0237,Sensors Product 237,Sensors,90,902,C03538,"Rodriguez, Keller and Solomon",OEM,Transportation,Lovefort,Belgium,2020-01-14,1
20223556,349,4351,9,70,8,2,10,2412.81,1937.33,475.48,2447.2,2610.26,P0349,Sensors Product 349,Sensors,433,706,C04351,Leblanc-Rowe,Distributor,Transportation,Hensonland,France,2023-10-31,1
20241626,482,3558,9,103,3,1,6,2630.85,1843.49,787.36,2651.47,2664.55,P0482,Sensors Product 482,Sensors,192,982,C03558,Rogers and Sons,OEM,Automotive,Jillmouth,Poland,2020-05-15,1
20257196,464,4323,8,95,8,2,10,3796.54,2479.7,1316.84,3883.78,3869.31,P0464,Filtration Product 464,Filtration,103,843,C04323,"Owens, Nelson and Cortez",Fleet,Manufacturing,Cartershire,Sweden,2023-04-18,1
20250870,455,2573,5,120,4,1,6,3751.74,3088.0,663.74,3861.59,3810.41,P0455,Fuel Systems Product 455,Fuel Systems,304,983,C02573,Parker LLC,Fleet,Automotive,North Mark,Sweden,2023-02-04,1
20234045,4,1652,7,102,7,4,15,4212.34,3198.26,1014.08,4145.5,4148.07,P0004,Fuel Systems Product 4,Fuel Systems,284,750,C01652,"Carson, Jensen and Ayers",Fleet,Automotive,Crosshaven,Belgium,2017-11-25,1
20243682,104,1271,4,42,1,5,8,4407.42,2939.36,1468.06,4603.37,4649.22,P0104,Sensors Product 104,Sensors,395,283,C01271,"Faulkner, Sims and Pearson",OEM,Transportation,Natalieberg,Spain,2025-04-04,1
20228306,433,1900,2,48,1,4,17,2423.29,1996.66,426.63,2322.53,2555.32,P0433,Turbochargers Product 433,Turbochargers,231,779,C01900,Stone PLC,Fleet,Manufacturing,Victorialand,Spain,2026-07-31,1
20236806,227,812,7,65,3,4,20,1805.88,1565.14,240.74,1879.82,1867.63,P0227,Cooling Systems Product 227,Cooling Systems,263,315,C00812,Hahn and Sons,OEM,Manufacturing,Trujilloberg,Italy,2017-07-04,1
20249001,429,999,5,60,6,1,3,3789.85,3378.82,411.03,3837.87,4146.45,P0429,Aftertreatment Product 429,Aftertreatment,463,540,C00999,Nash Inc,Fleet,Automotive,Doughertyberg,Belgium,2019-06-04,1
20227187,364,1351,9,30,5,1,4,4400.3,2894.16,1506.14,4466.3,4527.86,P0364,Sensors Product 364,Sensors,242,217,C01351,Morrow and Sons,Fleet,Transportation,Abbottchester,Germany,2019-08-03,1
20226491,431,2091,4,86,9,4,7,4751.8,3228.99,1522.81,4928.57,5225.89,P0431,Fuel Systems Product 431,Fuel Systems,367,503,C02091,Rodgers Group,Distributor,Automotive,Mccannberg,Poland,2017-03-07,1
20222656,186,3378,5,67,1,1,18,403.77,263.87,139.9,400.92,402.47,P0186,Sensors Product 186,Sensors,325,550,C03378,Lee-Schroeder,Fleet,Manufacturing,East Ryan,Belgium,2019-08-22,1
20239151,99,4651,10,2,6,2,17,1646.85,1167.31,479.54,1578.96,1678.37,P0099,Fuel Systems Product 99,Fuel Systems,88,252,C04651,Crawford Group,Distributor,Manufacturing,South Joshua,Germany,2022-08-05,1
20240068,168,2190,8,43,10,5,19,827.47,589.53,237.94,809.9,791.25,P0168,Fuel Systems Product 168,Fuel Systems,192,876,C02190,Rodriguez and Sons,Fleet,Manufacturing,West Makayla,Spain,2024-12-14,1
20251012,28,1727,1,60,3,5,6,1742.93,1510.4,232.53,1795.22,1842.03,P0028,Sensors Product 28,Sensors,216,459,C01727,Fisher-Taylor,Fleet,Transportation,East Brian,Germany,2017-12-03,1
20247509,314,2913,2,13,4,5,10,4285.99,3492.81,793.18,4148.82,4630.91,P0314,Sensors Product 314,Sensors,460,598,C02913,"Cook, Mcdaniel and Ellis",Fleet,Automotive,Mooreshire,Belgium,2022-10-17,1
20245511,190,3953,7,68,5,2,4,4722.51,3832.59,889.92,4635.05,4567.18,P0190,Sensors Product 190,Sensors,92,951,C03953,Fisher Inc,Fleet,Manufacturing,South Sonyaburgh,Germany,2024-05-12,1
20246072,474,208,2,87,3,1,16,2352.41,1854.04,498.37,2309.01,2309.89,P0474,Fuel Systems Product 474,Fuel Systems,91,178,C00208,"Parrish, Johnson and Vang",Fleet,Manufacturing,New Andrewbury,Belgium,2019-01-04,1
20225031,497,4475,10,75,8,4,7,242.57,210.39,32.18,242.57,253.84,P0497,Electronics Product 497,Electronics,217,126,C04475,"Owens, Miller and Clark",Distributor,Automotive,South Anthonystad,Netherlands,2021-08-15,1
20243569,245,1621,1,85,4,4,11,4397.41,3668.32,729.09,4244.95,4409.86,P0245,Sensors Product 245,Sensors,412,637,C01621,Duncan-Wilson,OEM,Transportation,Lake Scottfurt,Germany,2026-02-14,1
20233235,52,3218,8,66,7,3,5,460.61,294.32,166.29,461.15,497.11,P0052,Fuel Systems Product 52,Fuel Systems,458,683,C03218,"Osborne, Miller and Ward",Fleet,Automotive,West Kendrabury,Sweden,2026-06-17,1
20240897,165,4688,8,55,1,4,16,3374.43,2589.63,784.8,3471.77,3647.17,P0165,Turbochargers Product 165,Turbochargers,126,845,C04688,Lopez LLC,OEM,Manufacturing,East Kyle,Germany,2018-08-19,1
20260221,76,2425,8,107,5,3,7,2056.51,1420.27,636.24,2017.94,2052.18,P0076,Aftertreatment Product 76,Aftertreatment,498,375,C02425,Rodriguez-Baker,OEM,Transportation,Ashleyhaven,Spain,2017-03-25,1
20229475,348,1136,10,77,9,1,16,2023.09,1565.66,457.43,2119.41,2158.63,P0348,Electronics Product 348,Electronics,355,293,C01136,Cochran-Lee,OEM,Transportation,Robertsville,Austria,2023-09-28,1
20230661,3,3645,10,90,7,3,8,3085.09,2455.09,630.0,3187.99,3321.06,P0003,Aftertreatment Product 3,Aftertreatment,441,811,C03645,Pruitt and Sons,Distributor,Transportation,Hamptonburgh,Belgium,2017-03-07,1
20238039,41,3127,6,14,10,3,6,1740.08,1199.8,540.28,1703.47,1786.24,P0041,Fuel Systems Product 41,Fuel Systems,90,256,C03127,Johnson and Sons,OEM,Automotive,Marshallville,France,2023-02-20,1
20256165,320,4775,9,78,1,4,13,2324.37,1943.27,381.1,2305.22,2283.64,P0320,Fuel Systems Product 320,Fuel Systems,332,371,C04775,Hernandez-Greene,OEM,Automotive,North Travis,Italy,2018-10-25,1
20222506,92,794,9,29,9,4,16,3158.24,2840.09,318.15,3163.81,3423.85,P0092,Electronics Product 92,Electronics,297,337,C00794,Cooper and Sons,OEM,Transportation,South Charlestown,France,2018-05-30,1
20228755,162,1457,8,58,2,4,18,662.5,574.89,87.61,668.49,693.25,P0162,Sensors Product 162,Sensors,284,405,C01457,Thompson-Johnson,OEM,Automotive,Port Andrewland,Poland,2020-10-25,1
20233706,39,3634,6,88,1,5,5,1191.26,780.07,411.19,1155.77,1189.79,P0039,Filtration Product 39,Filtration,453,666,C03634,"Lewis, Martinez and Miles",Distributor,Automotive,Daybury,Austria,2019-05-03,1
20252646,346,3488,7,77,7,2,1,2040.77,1405.01,635.76,1939.26,2025.03,P0346,Turbochargers Product 346,Turbochargers,129,780,C03488,Lamb LLC,Fleet,Manufacturing,West Alejandroville,Sweden,2023-11-13,1
20249872,94,3017,6,33,1,5,9,2669.86,2397.76,272.1,2769.86,2604.95,P0094,Aftertreatment Product 94,Aftertreatment,214,964,C03017,Clark Ltd,Fleet,Manufacturing,Barrettfort,Italy,2024-05-07,1
20231340,326,4482,6,105,9,1,10,1928.97,1700.75,228.22,1929.41,1854.23,P0326,Sensors Product 326,Sensors,428,355,C04482,"Smith, Vargas and Fowler",OEM,Transportation,Hernandezside,Belgium,2026-02-05,1
20246897,456,125,8,41,10,1,6,4614.84,3199.44,1415.4,4783.3,5072.78,P0456,Sensors Product 456,Sensors,174,742,C00125,Ortega-Kelly,Distributor,Manufacturing,Julieshire,Germany,2025-02-05,1
20242403,427,402,1,82,6,2,2,3436.22,2819.77,616.45,3386.41,3694.23,P0427,Sensors Product 427,Sensors,314,409,C00402,"Haas, Poole and Burton",OEM,Automotive,Clarkeville,Spain,2021-02-27,1
20260565,304,4244,4,42,5,2,8,600.39,510.32,90.07,574.16,655.91,P0304,Turbochargers Product 304,Turbochargers,379,394,C04244,Harrell Inc,OEM,Manufacturing,Joneshaven,Germany,2024-12-19,1
20224213,429,4744,4,41,5,1,13,4276.26,3814.37,461.89,4396.28,4249.77,P0429,Aftertreatment Product 429,Aftertreatment,463,540,C04744,Rivera PLC,Distributor,Transportation,Sheilafort,Germany,2019-06-21,1
20232766,57,2497,6,27,10,2,2,1203.96,947.17,256.79,1204.83,1148.82,P0057,Filtration Product 57,Filtration,182,606,C02497,"Cole, Wheeler and Bridges",OEM,Transportation,Andersonborough,Spain,2023-11-30,1
20232702,12,2439,3,87,8,1,11,1437.45,1212.61,224.84,1374.62,1456.88,P0012,Turbochargers Product 12,Turbochargers,314,761,C02439,"Garcia, Brewer and Perry",Distributor,Transportation,Vazquezmouth,Sweden,2022-01-24,1
20252802,332,4689,6,51,2,5,15,3079.12,2452.46,626.66,3009.39,3280.02,P0332,Filtration Product 332,Filtration,298,534,C04689,Myers PLC,Fleet,Transportation,Scottbury,Italy,2022-01-04,1
20250462,443,4961,4,91,9,2,2,2927.73,2633.82,293.91,3062.5,3215.23,P0443,Cooling Systems Product 443,Cooling Systems,179,863,C04961,"Mcknight, Caldwell and Tyler",Distributor,Manufacturing,Sanchezbury,France,2024-10-20,1
20224944,361,2593,1,15,10,4,17,2856.85,1870.72,986.13,2950.18,3023.38,P0361,Turbochargers Product 361,Turbochargers,486,137,C02593,Yoder-Morrison,Distributor,Transportation,Mcclainbury,France,2022-06-09,1
20236767,323,4729,7,103,3,2,20,3786.09,3137.82,648.27,3653.53,4117.41,P0323,Sensors Product 323,Sensors,450,646,C04729,Phillips-Cox,Distributor,Transportation,Priceton,Belgium,2017-05-09,1
20233598,156,2219,1,108,5,4,7,4718.47,3499.41,1219.06,4674.2,4597.56,P0156,Sensors Product 156,Sensors,455,484,C02219,Townsend Ltd,Distributor,Manufacturing,South Meagan,Italy,2018-09-15,1
20239321,323,3938,2,34,6,3,19,4230.98,3359.04,871.94,4202.03,4037.13,P0323,Sensors Product 323,Sensors,450,646,C03938,Miles-Garcia,Fleet,Automotive,East Elizabeth,Netherlands,2016-12-01,1
20240196,35,4469,8,111,7,2,2,2319.8,2003.02,316.78,2243.65,2327.3,P0035,Filtration Product 35,Filtration,488,634,C04469,Rodriguez-Pope,OEM,Manufacturing,Saraberg,Italy,2019-06-11,1
20232476,341,2755,10,104,6,3,14,3351.28,2655.21,696.07,3306.11,3355.31,P0341,Aftertreatment Product 341,Aftertreatment,113,675,C02755,Gibson LLC,Distributor,Manufacturing,New Robert,Poland,2026-04-12,1
20246760,186,2988,1,69,3,1,14,4292.07,3117.65,1174.42,4484.09,4448.43,P0186,Sensors Product 186,Sensors,325,550,C02988,Weaver-Warren,Fleet,Manufacturing,Robinside,France,2019-11-08,1
20228158,134,1112,2,62,7,4,17,1919.56,1561.4,358.16,1980.49,1901.89,P0134,Fuel Systems Product 134,Fuel Systems,256,227,C01112,"Griffith, Johnson and Porter",Distributor,Automotive,Robertmouth,Austria,2019-02-15,1
20251101,490,4224,1,111,2,2,12,2495.43,1912.42,583.01,2373.89,2561.95,P0490,Filtration Product 490,Filtration,178,560,C04224,Alvarado and Sons,Fleet,Transportation,Jacquelinechester,Belgium,2017-03-20,1
20227198,202,1555,4,72,1,5,9,3376.58,2807.2,569.38,3326.2,3207.76,P0202,Turbochargers Product 202,Turbochargers,235,182,C01555,Little-Murray,Distributor,Manufacturing,Meganton,Italy,2018-01-02,1
20246853,86,4626,7,97,2,3,17,4497.86,3185.99,1311.87,4501.15,4720.73,P0086,Filtration Product 86,Filtration,290,692,C04626,"Smith, Lopez and Kelley",OEM,Transportation,Lake Barry,Germany,2023-02-05,1
20232338,188,662,9,7,9,1,4,4152.36,3652.95,499.41,4119.6,4168.81,P0188,Turbochargers Product 188,Turbochargers,386,198,C00662,"Christian, Frazier and Smith",Distributor,Automotive,Danielville,Italy,2018-11-14,1
20245120,233,4142,7,96,3,1,2,3049.13,1897.83,1151.3,3140.81,3186.83,P0233,Fuel Systems Product 233,Fuel Systems,158,136,C04142,"Harmon, Rivera and Hamilton",Distributor,Automotive,East Darius,France,2022-12-25,1
20239130,310,1318,1,35,3,2,9,3747.26,2416.47,1330.79,3708.25,4119.13,P0310,Filtration Product 310,Filtration,299,806,C01318,Anderson Ltd,Fleet,Automotive,South Reginafort,Austria,2022-08-17,1
20250658,149,944,10,93,2,5,15,2888.13,2511.67,376.46,2882.51,3091.37,P0149,Sensors Product 149,Sensors,441,408,C00944,Cooper-Owens,Distributor,Transportation,West Patriciaville,Austria,2024-02-21,1
20227078,272,3638,1,86,3,2,12,3591.42,2696.98,894.44,3667.39,3796.85,P0272,Turbochargers Product 272,Turbochargers,361,817,C03638,Ramirez and Sons,Distributor,Automotive,Crystalstad,Austria,2021-06-13,1
20226597,469,4547,9,48,7,2,6,2516.42,1575.6,940.82,2604.88,2403.45,P0469,Turbochargers Product 469,Turbochargers,275,157,C04547,Fields-Salinas,OEM,Transportation,Elizabethborough,Poland,2023-11-09,1
20246893,352,3759,10,29,7,4,5,2143.91,1287.11,856.8,2132.28,2250.56,P0352,Filtration Product 352,Filtration,317,686,C03759,"Fox, Bennett and Jones",Distributor,Manufacturing,West Erika,France,2026-05-02,1
20233212,413,3454,9,61,10,1,11,2470.76,2029.51,441.25,2522.98,2541.18,P0413,Filtration Product 413,Filtration,249,343,C03454,Andrews Ltd,Distributor,Automotive,Hernandezfort,Austria,2026-04-02,1
20233728,21,2736,4,62,5,3,1,4358.07,3117.87,1240.2,4363.76,4782.47,P0021,Turbochargers Product 21,Turbochargers,138,197,C02736,"Palmer, Wilson and Cohen",Fleet,Manufacturing,Maryshire,Spain,2019-11-19,1
20224552,193,527,2,119,6,3,8,2051.3,1587.56,463.74,2051.39,2201.34,P0193,Turbochargers Product 193,Turbochargers,376,442,C00527,Anderson-Butler,Distributor,Manufacturing,Keithburgh,Poland,2023-09-06,1
20240352,154,2361,5,49,6,2,8,3214.94,2622.55,592.39,3119.41,3139.42,P0154,Cooling Systems Product 154,Cooling Systems,279,445,C02361,Wallace and Sons,Fleet,Manufacturing,Julieport,Sweden,2018-02-20,1
20220537,154,3982,7,87,4,5,19,134.03,107.75,26.28,137.62,142.38,P0154,Cooling Systems Product 154,Cooling Systems,279,445,C03982,Mcgrath-Dean,Fleet,Automotive,Pagebury,Poland,2019-06-19,1
20240412,256,3737,7,79,10,5,7,3955.39,3024.83,930.56,4059.1,3952.58,P0256,Cooling Systems Product 256,Cooling Systems,331,546,C03737,Little-Lee,Distributor,Transportation,Lake Staceyberg,Sweden,2025-09-23,1
20238138,41,1585,1,59,6,2,9,2938.32,2559.12,379.2,2983.14,3219.82,P0041,Fuel Systems Product 41,Fuel Systems,90,256,C01585,Soto-Snyder,OEM,Transportation,Port Nathan,France,2021-01-11,1
20233530,111,4614,7,39,7,2,5,3031.57,2223.72,807.85,2989.99,3149.18,P0111,Filtration Product 111,Filtration,249,946,C04614,Jackson Inc,Fleet,Automotive,Tanyaview,Belgium,2018-11-17,1
20259463,263,3656,5,119,4,1,17,4476.56,3349.66,1126.9,4481.79,4439.97,P0263,Sensors Product 263,Sensors,106,470,C03656,Zuniga Ltd,OEM,Manufacturing,North Keith,Poland,2020-02-26,1
20221808,83,559,7,30,8,1,7,2147.61,1587.52,560.09,2203.88,2182.99,P0083,Turbochargers Product 83,Turbochargers,419,367,C00559,Nelson LLC,Fleet,Manufacturing,New Shannonshire,France,2022-02-03,1
20226036,275,345,7,104,4,1,13,2393.99,1563.31,830.68,2390.16,2386.59,P0275,Electronics Product 275,Electronics,69,802,C00345,Perkins-Payne,Fleet,Automotive,New Tracey,Italy,2026-01-08,1
20230331,15,1048,7,118,9,1,12,3627.39,3162.93,464.46,3693.87,3708.53,P0015,Cooling Systems Product 15,Cooling Systems,361,538,C01048,Aguilar LLC,Distributor,Automotive,Garciamouth,Belgium,2025-08-26,1
20246405,360,122,9,86,7,1,13,4826.01,3253.38,1572.63,4745.63,5054.77,P0360,Fuel Systems Product 360,Fuel Systems,421,830,C00122,Cowan-Green,OEM,Automotive,South Christopherland,Spain,2018-03-09,1
20253805,208,4687,6,3,2,3,13,2456.44,1594.92,861.52,2425.73,2633.08,P0208,Sensors Product 208,Sensors,403,983,C04687,Potter-West,Fleet,Transportation,Hayeschester,Austria,2019-02-19,1
20231002,492,878,7,38,2,3,13,3440.84,2469.89,970.95,3377.25,3655.13,P0492,Fuel Systems Product 492,Fuel Systems,164,323,C00878,Lopez-Tucker,Distributor,Automotive,Suzannetown,Spain,2022-07-14,1
20222702,323,1029,7,105,9,5,17,1853.63,1529.45,324.18,1887.54,1988.75,P0323,Sensors Product 323,Sensors,450,646,C01029,Wolfe-Mitchell,Distributor,Automotive,Gregoryburgh,Sweden,2025-09-05,1
20234540,49,1482,10,12,5,2,8,3383.06,2531.26,851.8,3441.56,3384.09,P0049,Electronics Product 49,Electronics,139,685,C01482,"Hawkins, Johnson and Diaz",OEM,Manufacturing,South Johnhaven,Poland,2017-08-02,1
20249616,271,154,8,2,9,4,18,1177.57,813.12,364.45,1161.86,1183.4,P0271,Turbochargers Product 271,Turbochargers,236,400,C00154,"Mitchell, Glover and Wilson",Distributor,Automotive,Port Katie,Germany,2017-05-15,1
20248804,500,3378,9,102,1,3,17,4396.09,3801.36,594.73,4594.96,4186.87,P0500,Cooling Systems Product 500,Cooling Systems,497,280,C03378,Lee-Schroeder,Fleet,Manufacturing,East Ryan,Belgium,2019-08-22,1
20224832,126,2736,2,26,8,1,5,3086.44,2196.66,889.78,3107.47,3088.21,P0126,Cooling Systems Product 126,Cooling Systems,302,414,C02736,"Palmer, Wilson and Cohen",Fleet,Manufacturing,Maryshire,Spain,2019-11-19,1
20236661,392,3095,10,46,9,1,11,3391.66,2075.47,1316.19,3382.51,3686.94,P0392,Turbochargers Product 392,Turbochargers,136,802,C03095,"Harvey, Thompson and Jordan",Fleet,Manufacturing,Port Andrewville,Poland,2019-05-08,1
20250813,451,4841,7,120,1,1,17,592.25,403.5,188.75,565.48,640.86,P0451,Fuel Systems Product 451,Fuel Systems,211,626,C04841,Nolan LLC,Distributor,Transportation,New Lauraberg,Italy,2017-06-14,1
20242348,66,3510,3,29,4,5,12,870.55,661.47,209.08,888.84,839.81,P0066,Cooling Systems Product 66,Cooling Systems,227,616,C03510,West-Oneal,Fleet,Manufacturing,Jasmineview,Germany,2017-10-07,1
20242430,233,3416,8,20,9,3,17,2731.27,2403.62,327.65,2709.01,2699.66,P0233,Fuel Systems Product 233,Fuel Systems,158,136,C03416,"Preston, Morris and Buchanan",Fleet,Automotive,Millerborough,Germany,2023-04-10,1
20246484,350,3668,1,6,7,4,12,1313.44,1002.89,310.55,1347.35,1375.63,P0350,Fuel Systems Product 350,Fuel Systems,378,846,C03668,Doyle Group,Distributor,Automotive,Valenzuelahaven,Italy,2017-09-03,1
20255083,181,3257,2,59,9,2,20,4924.57,4415.29,509.28,4702.71,4862.12,P0181,Cooling Systems Product 181,Cooling Systems,243,370,C03257,Williams-Cruz,Distributor,Manufacturing,New Joshuaside,Netherlands,2023-03-24,1
20256144,373,2617,4,90,10,2,14,4643.97,3201.08,1442.89,4840.04,4582.99,P0373,Aftertreatment Product 373,Aftertreatment,170,200,C02617,"Jones, Smith and Tran",Distributor,Transportation,North Feliciaberg,Italy,2019-05-18,1
20224097,253,2396,8,32,7,2,5,2330.45,1960.24,370.21,2350.46,2234.09,P0253,Aftertreatment Product 253,Aftertreatment,370,818,C02396,Cunningham LLC,Fleet,Manufacturing,Jonathanmouth,Poland,2020-05-20,1
20254493,300,3335,3,108,5,1,5,1493.24,904.3,588.94,1437.15,1565.14,P0300,Cooling Systems Product 300,Cooling Systems,360,329,C03335,Smith-Hicks,Distributor,Transportation,Ashleychester,Italy,2023-10-06,1
20239852,437,4856,9,84,3,3,3,3236.15,2499.7,736.45,3224.29,3095.72,P0437,Turbochargers Product 437,Turbochargers,415,793,C04856,Campbell-Gregory,Distributor,Transportation,Port Andrea,Sweden,2021-07-12,1
20253528,454,2493,1,37,1,3,2,120.77,80.67,40.1,124.65,127.82,P0454,Cooling Systems Product 454,Cooling Systems,141,632,C02493,"Black, Kim and Berry",Fleet,Transportation,Blackburnmouth,Germany,2018-11-13,1
20248428,363,3557,4,31,9,1,3,1924.91,1508.15,416.76,1868.04,2045.75,P0363,Aftertreatment Product 363,Aftertreatment,413,911,C03557,Velazquez-Bradford,Fleet,Manufacturing,Penaville,Germany,2018-01-29,1
20238396,111,4747,8,6,6,4,3,1262.65,1087.6,175.05,1320.63,1341.01,P0111,Filtration Product 111,Filtration,249,946,C04747,"Johnson, Carey and Rivera",Fleet,Automotive,East Brandy,Netherlands,2019-06-30,1
20232850,91,646,6,83,5,1,9,4900.41,3802.7,1097.71,4944.24,5320.21,P0091,Aftertreatment Product 91,Aftertreatment,132,595,C00646,Banks and Sons,OEM,Manufacturing,Turnerland,Netherlands,2023-06-18,1
20251281,470,1452,5,23,2,4,15,3207.53,2183.75,1023.78,3188.01,3067.67,P0470,Electronics Product 470,Electronics,408,327,C01452,Morton-Salazar,OEM,Manufacturing,West Derrick,Austria,2025-09-21,1
20229047,36,4667,3,115,5,4,11,4641.7,3306.73,1334.97,4557.17,4726.96,P0036,Electronics Product 36,Electronics,480,345,C04667,Stone-Johnson,Distributor,Automotive,South Elizabeth,Germany,2022-12-24,1
20237225,182,1774,10,52,7,4,10,4340.86,3888.55,452.31,4247.15,4764.67,P0182,Aftertreatment Product 182,Aftertreatment,492,433,C01774,"Russell, Smith and Knight",OEM,Automotive,Port Tonyburgh,Belgium,2019-03-19,1
20249736,25,2860,4,17,3,5,14,4467.96,3065.75,1402.21,4654.48,4888.33,P0025,Cooling Systems Product 25,Cooling Systems,346,262,C02860,"Morgan, Robinson and Hawkins",OEM,Automotive,Andersonport,Belgium,2019-04-13,1
20242565,285,4048,6,56,2,2,2,2887.8,2314.97,572.83,2832.59,2752.38,P0285,Turbochargers Product 285,Turbochargers,252,155,C04048,Johnson-Rodriguez,Distributor,Manufacturing,West Charlesmouth,Belgium,2025-03-02,1
20221435,226,1467,10,10,6,4,6,1165.5,803.85,361.65,1109.51,1137.48,P0226,Sensors Product 226,Sensors,473,523,C01467,Ramirez-Wood,Fleet,Automotive,North William,Spain,2019-09-25,1
20245936,297,996,10,66,10,3,17,4803.77,3618.08,1185.69,4914.91,5060.53,P0297,Electronics Product 297,Electronics,158,281,C00996,Miller Ltd,Distributor,Transportation,New Kathleen,Spain,2023-03-04,1
20252660,497,524,2,4,3,5,7,451.25,336.36,114.89,454.53,440.06,P0497,Electronics Product 497,Electronics,217,126,C00524,Poole-Knight,OEM,Transportation,Port Mariaport,Netherlands,2025-03-14,1
20252299,13,79,2,112,9,1,5,3485.69,2189.29,1296.4,3413.06,3687.37,P0013,Turbochargers Product 13,Turbochargers,289,541,C00079,"Ellis, Smith and Wood",Distributor,Transportation,East Beth,Austria,2022-10-28,1
20231667,488,1809,6,118,6,4,3,4527.75,3194.6,1333.15,4661.44,4419.09,P0488,Filtration Product 488,Filtration,167,240,C01809,Nash PLC,Distributor,Transportation,South Pamela,Germany,2025-02-18,1
20224672,335,4631,2,16,8,3,16,4121.36,3372.66,748.7,4158.93,4467.31,P0335,Cooling Systems Product 335,Cooling Systems,434,418,C04631,"Dominguez, Walker and Obrien",Distributor,Automotive,Davisstad,Germany,2022-11-07,1
20222717,168,2997,3,2,8,5,10,542.63,393.83,148.8,559.89,575.06,P0168,Fuel Systems Product 168,Fuel Systems,192,876,C02997,Pierce Group,OEM,Manufacturing,Santiagobury,Austria,2022-04-24,1
20230945,42,2174,2,28,9,4,4,2707.14,2430.99,276.15,2800.35,2612.25,P0042,Fuel Systems Product 42,Fuel Systems,96,866,C02174,Whitehead Group,OEM,Transportation,Georgestad,France,2019-12-26,1
20231134,53,3570,8,88,6,1,18,4979.67,3336.45,1643.22,5131.51,5309.1,P0053,Turbochargers Product 53,Turbochargers,498,900,C03570,"Walsh, Francis and Jones",Distributor,Transportation,Whitetown,Netherlands,2022-03-29,1
20252683,89,2470,1,38,6,1,17,2814.81,1996.69,818.12,2891.23,2795.13,P0089,Sensors Product 89,Sensors,93,629,C02470,Davis LLC,Distributor,Manufacturing,Josephbury,Netherlands,2019-06-13,1
20227941,302,443,10,4,6,4,11,1278.81,989.49,289.32,1289.66,1318.14,P0302,Aftertreatment Product 302,Aftertreatment,269,636,C00443,Frazier-Hays,Fleet,Manufacturing,Lake Andrewmouth,Spain,2025-07-31,1
20259140,177,2214,3,90,4,4,5,3340.38,2928.64,411.74,3234.97,3401.73,P0177,Turbochargers Product 177,Turbochargers,253,190,C02214,Mercer Inc,Fleet,Manufacturing,East Sharonhaven,Germany,2021-02-10,1
20229452,247,3995,5,35,4,3,4,3024.66,2603.37,421.29,3075.36,3011.45,P0247,Aftertreatment Product 247,Aftertreatment,457,906,C03995,Ford LLC,OEM,Automotive,New Christopher,Austria,2016-08-13,1
20229186,154,2671,10,16,6,2,9,2297.6,1853.1,444.5,2237.38,2252.13,P0154,Cooling Systems Product 154,Cooling Systems,279,445,C02671,Robertson Group,Fleet,Manufacturing,East Diana,Italy,2023-01-29,1
20253728,103,107,3,64,10,5,12,4822.83,4071.61,751.22,5007.27,4747.81,P0103,Turbochargers Product 103,Turbochargers,153,188,C00107,Gonzales-Wright,Distributor,Transportation,East Elizabeth,Poland,2018-06-07,1
20224024,308,3111,7,120,6,1,7,3383.57,2866.14,517.43,3437.12,3529.43,P0308,Turbochargers Product 308,Turbochargers,154,702,C03111,Smith and Sons,Distributor,Transportation,South Christopher,France,2025-01-28,1
20252288,491,2370,6,19,4,5,19,3407.97,2821.42,586.55,3283.37,3402.45,P0491,Filtration Product 491,Filtration,377,254,C02370,Terry-Walker,Distributor,Manufacturing,West Jamesbury,Belgium,2018-04-29,1
20227633,56,2751,7,3,9,2,17,3762.89,3167.84,595.05,3670.05,3805.08,P0056,Electronics Product 56,Electronics,160,902,C02751,Guerrero-Sullivan,Distributor,Automotive,Colleenstad,Sweden,2017-12-16,1
20233473,282,572,4,94,8,2,14,1043.18,848.41,194.77,1002.47,1074.8,P0282,Sensors Product 282,Sensors,228,207,C00572,"Johnson, Swanson and Lee",Fleet,Automotive,Maldonadobury,Austria,2019-05-21,1
20220965,288,1180,5,66,10,2,13,3471.29,2226.73,1244.56,3570.52,3476.75,P0288,Sensors Product 288,Sensors,78,583,C01180,"Campbell, Evans and Bryant",OEM,Automotive,Karenside,Spain,2023-01-07,1
20226431,366,2709,3,108,3,3,2,3680.64,2732.29,948.35,3599.5,3899.15,P0366,Sensors Product 366,Sensors,359,401,C02709,Maldonado Group,Fleet,Transportation,Perryview,Netherlands,2023-04-26,1
20241821,384,740,3,120,5,1,1,1796.79,1456.99,339.8,1823.26,1888.82,P0384,Filtration Product 384,Filtration,443,820,C00740,Santos-Garcia,OEM,Manufacturing,Johntown,Spain,2024-10-04,1
20240372,481,4104,9,91,7,3,17,2971.15,1966.22,1004.93,2969.9,2833.86,P0481,Electronics Product 481,Electronics,85,133,C04104,Brown Ltd,Fleet,Transportation,Danielleberg,Poland,2017-06-24,1
20234048,466,1571,4,101,3,3,3,551.82,340.24,211.58,527.67,591.45,P0466,Electronics Product 466,Electronics,346,745,C01571,Banks Ltd,Distributor,Transportation,Lake Anthony,Poland,2020-02-29,1
20239067,479,4458,6,58,7,1,20,3249.21,2734.01,515.2,3103.87,3350.55,P0479,Sensors Product 479,Sensors,332,781,C04458,Gonzalez-Hansen,OEM,Transportation,South William,Spain,2023-05-22,1
20222528,361,1568,1,47,6,3,1,286.49,193.63,92.86,285.12,276.32,P0361,Turbochargers Product 361,Turbochargers,486,137,C01568,Reeves-Willis,OEM,Manufacturing,Donnafort,France,2021-10-21,1
20253963,259,835,4,11,2,1,3,4452.86,3027.85,1425.01,4504.13,4618.68,P0259,Turbochargers Product 259,Turbochargers,420,350,C00835,"Salinas, Torres and Obrien",OEM,Manufacturing,Alejandrofurt,Poland,2017-05-29,1
20225474,410,4728,3,67,2,1,2,191.37,130.64,60.73,194.56,207.42,P0410,Filtration Product 410,Filtration,442,172,C04728,Richardson Ltd,Fleet,Transportation,Annetteport,Italy,2020-04-12,1
20260347,211,2118,8,118,5,4,17,2773.35,2389.7,383.65,2804.74,2651.63,P0211,Sensors Product 211,Sensors,246,215,C02118,"Long, Riley and Scott",OEM,Automotive,South Adamshire,France,2018-10-04,1
20232767,90,3278,5,80,2,5,13,3806.85,2675.36,1131.49,3852.45,4127.41,P0090,Electronics Product 90,Electronics,466,974,C03278,Kennedy PLC,Distributor,Transportation,Timothyside,Italy,2021-06-07,1
20241984,425,650,10,93,3,4,18,2862.57,2449.56,413.01,2833.08,2996.36,P0425,Sensors Product 425,Sensors,236,818,C00650,Martinez and Sons,OEM,Transportation,North Earl,Germany,2020-01-16,1
20242539,318,3051,7,39,4,3,4,1006.67,646.79,359.88,1039.23,1061.13,P0318,Sensors Product 318,Sensors,407,237,C03051,Hooper-Pitts,Fleet,Automotive,Amandaview,Sweden,2026-01-18,1
20241614,437,1220,4,88,5,5,17,3641.01,2878.07,762.94,3664.91,3767.37,P0437,Turbochargers Product 437,Turbochargers,415,793,C01220,"Adams, Horton and Ayala",Distributor,Manufacturing,East Edward,Spain,2022-03-14,1
20231354,222,2338,2,108,6,3,8,1159.15,895.82,263.33,1155.91,1103.97,P0222,Cooling Systems Product 222,Cooling Systems,375,952,C02338,Robles-Williams,Distributor,Manufacturing,Bradberg,France,2017-12-12,1
20228217,446,2411,8,42,8,1,20,3137.68,2544.65,593.03,3241.95,3003.48,P0446,Fuel Systems Product 446,Fuel Systems,211,595,C02411,Murphy-Cooper,Fleet,Transportation,North Janet,France,2024-01-27,1
20259928,498,1146,5,79,8,5,2,3786.6,2808.49,978.11,3820.14,3868.38,P0498,Fuel Systems Product 498,Fuel Systems,235,606,C01146,Jimenez-Hernandez,Fleet,Manufacturing,East Lisa,Italy,2020-12-10,1
20220885,147,3927,5,50,7,3,9,573.32,379.67,193.65,547.66,578.15,P0147,Sensors Product 147,Sensors,54,359,C03927,Blackwell and Sons,Distributor,Automotive,Gonzalezfort,France,2017-04-23,1
20259002,146,1506,7,35,4,4,15,2291.49,1743.27,548.22,2207.85,2323.45,P0146,Fuel Systems Product 146,Fuel Systems,401,816,C01506,Ramirez-Lynch,Distributor,Transportation,East Troytown,Spain,2017-10-28,1
20252526,147,4919,7,38,7,1,7,3130.76,2372.08,758.68,3176.99,3321.29,P0147,Sensors Product 147,Sensors,54,359,C04919,Wise-Thomas,OEM,Automotive,Emilybury,Italy,2024-03-11,1
20235359,117,2889,9,19,8,1,4,4686.11,3866.24,819.87,4592.28,4838.32,P0117,Filtration Product 117,Filtration,60,919,C02889,Logan-Barrett,Distributor,Manufacturing,Taylorfort,Italy,2022-12-15,1
20242470,475,4351,1,2,8,2,11,3941.65,3398.03,543.62,3976.62,3790.58,P0475,Cooling Systems Product 475,Cooling Systems,469,481,C04351,Leblanc-Rowe,Distributor,Transportation,Hensonland,France,2023-10-31,1
20226457,147,3112,5,79,9,5,17,1621.2,1114.43,506.77,1698.54,1554.39,P0147,Sensors Product 147,Sensors,54,359,C03112,"Price, Ward and Vega",Distributor,Automotive,West Ernest,Germany,2022-06-16,1
20228566,228,4642,9,101,6,3,1,4110.48,3642.68,467.8,4037.37,4236.66,P0228,Filtration Product 228,Filtration,197,732,C04642,Smith-Mcgrath,OEM,Manufacturing,Zhangshire,Sweden,2021-05-22,1
20252506,387,1794,10,35,5,5,16,3361.43,2188.76,1172.67,3406.86,3356.01,P0387,Fuel Systems Product 387,Fuel Systems,99,119,C01794,Taylor-Conway,Distributor,Transportation,Jasmineton,Austria,2017-10-20,1
20223857,404,780,4,101,8,2,16,2522.08,1710.73,811.35,2546.8,2600.68,P0404,Fuel Systems Product 404,Fuel Systems,366,655,C00780,Griffin LLC,Distributor,Transportation,Port Gabriellafort,Poland,2022-06-15,1
20254800,455,1988,10,98,8,5,20,1526.66,1224.83,301.83,1566.81,1612.32,P0455,Fuel Systems Product 455,Fuel Systems,304,983,C01988,"Anderson, Ford and Smith",OEM,Transportation,Ramireztown,Netherlands,2026-02-06,1
20255398,237,1654,6,5,9,2,10,3733.99,2324.11,1409.88,3704.65,3596.74,P0237,Sensors Product 237,Sensors,90,902,C01654,"Payne, Smith and White",Distributor,Transportation,South Jameschester,Spain,2024-01-19,1
20255162,247,3938,7,26,5,2,19,889.64,578.68,310.96,903.23,892.99,P0247,Aftertreatment Product 247,Aftertreatment,457,906,C03938,Miles-Garcia,Fleet,Automotive,East Elizabeth,Netherlands,2016-12-01,1
20245503,117,3259,8,58,5,5,1,1629.7,1338.65,291.05,1678.6,1687.19,P0117,Filtration Product 117,Filtration,60,919,C03259,Wright LLC,Distributor,Manufacturing,Aguilarview,France,2026-06-21,1
20235588,367,3142,9,11,10,5,5,510.72,442.26,68.46,509.1,540.34,P0367,Sensors Product 367,Sensors,144,431,C03142,Wilson PLC,Fleet,Transportation,East Tiffanyside,Germany,2017-04-30,1
20241621,191,1652,5,7,7,5,1,3249.47,2646.14,603.33,3186.47,3374.25,P0191,Turbochargers Product 191,Turbochargers,493,488,C01652,"Carson, Jensen and Ayers",Fleet,Automotive,Crosshaven,Belgium,2017-11-25,1
20255027,148,832,1,77,10,4,15,457.22,331.63,125.59,470.93,498.98,P0148,Filtration Product 148,Filtration,128,603,C00832,Simon-Watson,OEM,Manufacturing,Perkinstown,France,2018-01-20,1
20260036,393,3957,2,75,10,2,13,3605.87,2216.22,1389.65,3633.81,3569.64,P0393,Cooling Systems Product 393,Cooling Systems,344,957,C03957,"Cervantes, Miller and Huerta",Fleet,Automotive,North Lisamouth,Belgium,2017-04-02,1
20260862,60,3216,3,25,9,5,17,1929.63,1357.27,572.36,1867.23,2097.46,P0060,Cooling Systems Product 60,Cooling Systems,86,746,C03216,Spencer-Yu,OEM,Automotive,Angelmouth,Belgium,2021-10-19,1
20253685,239,982,2,32,9,4,10,1535.96,1315.88,220.08,1569.29,1619.67,P0239,Fuel Systems Product 239,Fuel Systems,362,107,C00982,"Bell, Hall and Webb",Fleet,Transportation,Reynoldsfort,Italy,2020-05-23,1
20252259,315,1862,9,115,5,4,18,243.19,186.01,57.18,232.19,266.92,P0315,Cooling Systems Product 315,Cooling Systems,222,841,C01862,"Sanders, Logan and Lang",Distributor,Transportation,West Biancabury,Spain,2023-11-08,1
20250911,14,645,3,25,5,5,3,2393.85,2132.68,261.17,2427.63,2528.67,P0014,Electronics Product 14,Electronics,120,660,C00645,"Williams, Morgan and Sanchez",Fleet,Manufacturing,Chenchester,Netherlands,2023-07-22,1
20221604,200,4331,9,115,8,5,2,3790.31,3226.29,564.02,3975.5,4128.94,P0200,Electronics Product 200,Electronics,57,195,C04331,Martin Ltd,Distributor,Transportation,Lake Shane,Italy,2026-06-28,1
20221482,93,219,2,89,1,2,2,4701.8,3881.79,820.01,4865.52,4659.59,P0093,Cooling Systems Product 93,Cooling Systems,369,256,C00219,"Gutierrez, Coleman and Silva",Distributor,Transportation,Lake Sean,Poland,2023-11-05,1
20221946,358,3648,2,107,2,2,3,2155.26,1309.61,845.65,2225.3,2321.73,P0358,Electronics Product 358,Electronics,297,764,C03648,Garcia-Johnson,Fleet,Manufacturing,Port Rebecca,Netherlands,2023-08-16,1
20230124,260,2291,4,112,1,3,12,1170.03,977.65,192.38,1194.29,1276.68,P0260,Cooling Systems Product 260,Cooling Systems,369,254,C02291,Hart-Mclaughlin,Fleet,Transportation,Williamsport,Sweden,2018-03-11,1
20254072,345,3851,7,3,6,2,6,743.36,637.62,105.74,778.68,723.65,P0345,Electronics Product 345,Electronics,104,632,C03851,Smith Ltd,Fleet,Automotive,Melissaburgh,Poland,2019-04-01,1
20236712,20,4726,10,57,6,2,4,3107.87,2125.35,982.52,2961.72,2972.66,P0020,Turbochargers Product 20,Turbochargers,66,961,C04726,"Rowe, Davis and Gross",Distributor,Automotive,New Pedrohaven,Belgium,2019-07-10,1
20249746,276,479,10,74,5,4,9,1411.0,1150.35,260.65,1349.38,1493.36,P0276,Sensors Product 276,Sensors,475,986,C00479,"Schwartz, Taylor and Mccormick",OEM,Automotive,Port Victoriaburgh,Poland,2022-09-15,1
20235103,100,2304,5,68,5,5,2,3046.68,2716.63,330.05,3197.85,3249.78,P0100,Cooling Systems Product 100,Cooling Systems,266,465,C02304,Baker Group,Distributor,Transportation,West Christopher,Poland,2022-11-18,1
20223337,138,4113,4,24,1,1,5,3017.96,2029.78,988.18,2885.1,3192.0,P0138,Filtration Product 138,Filtration,450,603,C04113,Mills Ltd,Fleet,Transportation,Port Tamaraport,Germany,2017-01-30,1
20251478,197,1174,9,2,2,3,18,4655.55,3437.97,1217.58,4750.87,4757.94,P0197,Electronics Product 197,Electronics,396,888,C01174,"Mann, Ellis and Estrada",OEM,Manufacturing,North Jesseborough,Austria,2024-05-10,1
20235062,358,2961,4,7,7,4,6,4086.0,3288.03,797.97,4078.31,4291.84,P0358,Electronics Product 358,Electronics,297,764,C02961,Gallegos and Sons,OEM,Automotive,Portertown,Netherlands,2017-03-30,1
20238589,113,655,9,101,5,3,15,1594.18,1076.03,518.15,1585.66,1524.4,P0113,Sensors Product 113,Sensors,459,151,C00655,"Fernandez, Molina and Obrien",Fleet,Transportation,Port Josephshire,Italy,2024-11-09,1
20230122,257,874,1,103,2,5,5,2627.49,2006.19,621.3,2689.99,2576.3,P0257,Aftertreatment Product 257,Aftertreatment,264,443,C00874,"Lowery, Mitchell and Lee",Distributor,Automotive,Lauriefort,France,2018-08-22,1
20234239,217,1352,1,62,9,3,10,1544.27,1004.0,540.27,1517.56,1497.78,P0217,Turbochargers Product 217,Turbochargers,436,835,C01352,Brown and Sons,Distributor,Transportation,West Nicolestad,Spain,2022-06-24,1
20254689,439,122,7,80,6,5,4,3873.68,3116.5,757.18,3861.14,4087.1,P0439,Filtration Product 439,Filtration,399,853,C00122,Cowan-Green,OEM,Automotive,South Christopherland,Spain,2018-03-09,1
20231027,225,4780,10,4,5,4,17,3054.29,2459.33,594.96,3004.62,3162.4,P0225,Fuel Systems Product 225,Fuel Systems,143,174,C04780,Brown-Hayes,Distributor,Automotive,West Jacobburgh,Belgium,2022-05-11,1
20226703,489,977,3,103,3,3,5,955.23,811.28,143.95,995.75,1003.29,P0489,Cooling Systems Product 489,Cooling Systems,159,158,C00977,Palmer Ltd,OEM,Automotive,East Lisamouth,Austria,2024-12-13,1
20230188,430,3337,7,95,1,2,14,1760.35,1450.2,310.15,1688.37,1716.33,P0430,Fuel Systems Product 430,Fuel Systems,294,461,C03337,"Duke, Preston and Tucker",OEM,Automotive,South Patricktown,France,2024-01-30,1
20246072,129,2833,4,107,1,4,17,3131.71,2284.77,846.94,3172.31,3403.38,P0129,Cooling Systems Product 129,Cooling Systems,371,337,C02833,Orr-Huang,Fleet,Manufacturing,Collinsfurt,Sweden,2021-03-26,1
20255507,496,3751,2,50,4,2,7,542.29,366.35,175.94,517.18,522.41,P0496,Cooling Systems Product 496,Cooling Systems,116,953,C03751,Schroeder-Mccall,Fleet,Automotive,Williamberg,Sweden,2018-08-11,1
20221759,302,4816,10,102,7,3,14,261.56,217.74,43.82,260.26,249.73,P0302,Aftertreatment Product 302,Aftertreatment,269,636,C04816,"Buck, Johnson and Wright",Fleet,Transportation,Greenville,Poland,2025-07-24,1
20221047,392,472,2,39,3,2,15,1565.02,1187.55,377.47,1514.81,1546.32,P0392,Turbochargers Product 392,Turbochargers,136,802,C00472,Lloyd-Cochran,OEM,Transportation,West Gloria,Netherlands,2025-04-11,1
20239683,265,822,1,99,7,4,3,1687.24,1410.72,276.52,1626.88,1697.46,P0265,Electronics Product 265,Electronics,174,523,C00822,Parker Group,Distributor,Automotive,South Joshua,Belgium,2022-06-28,1
20222220,29,3467,8,18,1,3,12,2406.31,2007.12,399.19,2354.99,2529.54,P0029,Fuel Systems Product 29,Fuel Systems,128,126,C03467,"Campbell, Mitchell and Mendez",Distributor,Transportation,New Julieport,Poland,2021-02-12,1
20227046,112,401,6,36,10,3,9,4869.95,4346.82,523.13,4720.79,5024.17,P0112,Cooling Systems Product 112,Cooling Systems,416,407,C00401,"Davila, Smith and Hayes",Fleet,Manufacturing,New Julie,Spain,2022-04-29,1
20232696,283,582,8,67,4,4,15,3020.87,2219.75,801.12,3131.19,3066.14,P0283,Electronics Product 283,Electronics,313,844,C00582,Davis PLC,OEM,Transportation,Meadowsland,Poland,2024-01-05,1
20239089,174,4383,7,88,10,4,11,2788.42,1929.73,858.69,2890.81,2798.71,P0174,Turbochargers Product 174,Turbochargers,178,705,C04383,Bailey-Ryan,Distributor,Transportation,Adkinschester,Italy,2021-09-26,1
20253202,295,2150,6,44,4,4,14,657.17,440.82,216.35,663.89,631.47,P0295,Sensors Product 295,Sensors,177,878,C02150,Simpson Inc,Fleet,Transportation,Lake Anthonyburgh,Netherlands,2021-12-20,1
20244683,332,4243,7,120,3,3,18,4255.77,2600.49,1655.28,4115.26,4509.07,P0332,Filtration Product 332,Filtration,298,534,C04243,Mendoza-Galvan,Fleet,Transportation,New Lucas,Germany,2017-03-12,1
20256292,352,2409,5,18,5,1,1,3102.64,1953.78,1148.86,3162.72,3175.33,P0352,Filtration Product 352,Filtration,317,686,C02409,"Santos, Conway and Cardenas",Fleet,Automotive,Johnsonside,Austria,2026-02-03,1
20241083,240,1854,8,45,10,5,11,2017.74,1534.14,483.6,2072.98,2072.81,P0240,Turbochargers Product 240,Turbochargers,89,780,C01854,Rogers-Romero,Distributor,Manufacturing,East Robert,Sweden,2025-01-28,1
20249250,130,3726,4,5,4,1,1,1676.05,1284.69,391.36,1647.32,1673.84,P0130,Cooling Systems Product 130,Cooling Systems,452,145,C03726,Torres Inc,Fleet,Manufacturing,Laurenburgh,Germany,2023-09-04,1
20221000,222,1524,8,26,6,3,14,1920.64,1692.44,228.2,2014.61,1850.39,P0222,Cooling Systems Product 222,Cooling Systems,375,952,C01524,Greene Group,Fleet,Manufacturing,Fosterland,Netherlands,2019-02-22,1
20222812,372,4956,10,42,9,5,8,2389.25,1677.57,711.68,2404.9,2285.89,P0372,Filtration Product 372,Filtration,256,741,C04956,"Barnes, Ray and Boyer",Distributor,Transportation,Irwinbury,Spain,2019-03-16,1
20228557,27,60,1,4,9,1,8,4544.64,3809.31,735.33,4665.72,4981.9,P0027,Sensors Product 27,Sensors,402,926,C00060,Hernandez and Sons,OEM,Automotive,Jonathanmouth,Poland,2018-02-24,1
20255757,226,4179,9,114,4,2,8,2946.64,2026.36,920.28,2893.98,2908.21,P0226,Sensors Product 226,Sensors,473,523,C04179,Woods Inc,OEM,Automotive,East Monica,Austria,2020-06-14,1
20234915,315,2648,7,17,3,4,2,3451.32,2790.88,660.44,3599.31,3417.07,P0315,Cooling Systems Product 315,Cooling Systems,222,841,C02648,Newton PLC,Distributor,Transportation,Georgeland,Germany,2020-06-17,1
20229157,329,3447,1,69,10,4,16,3414.08,2313.8,1100.28,3356.24,3623.62,P0329,Turbochargers Product 329,Turbochargers,261,982,C03447,Jones Ltd,Fleet,Manufacturing,Carterfort,Sweden,2022-08-17,1
20237097,498,1453,10,66,6,5,6,538.06,434.86,103.2,553.15,545.17,P0498,Fuel Systems Product 498,Fuel Systems,235,606,C01453,Gates PLC,OEM,Manufacturing,East Danielbury,Austria,2022-05-05,1
20260032,153,1914,6,76,4,5,15,3625.25,2719.96,905.29,3449.16,3829.02,P0153,Electronics Product 153,Electronics,190,922,C01914,Lyons-Rodriguez,Distributor,Transportation,South Paulberg,France,2026-07-08,1
20257186,449,4306,7,73,10,3,14,3190.38,2350.99,839.39,3277.94,3205.24,P0449,Turbochargers Product 449,Turbochargers,466,253,C04306,Green-Levine,Fleet,Automotive,East Gina,Spain,2026-04-27,1
20238444,45,4026,8,50,2,4,20,2653.86,1638.34,1015.52,2589.74,2870.83,P0045,Aftertreatment Product 45,Aftertreatment,192,571,C04026,Bennett-Flores,OEM,Transportation,South Madeline,Poland,2022-02-05,1
20242842,344,3032,7,53,6,5,16,2160.37,1491.12,669.25,2218.83,2089.19,P0344,Cooling Systems Product 344,Cooling Systems,482,648,C03032,Delgado-Smith,Fleet,Transportation,North Joshua,Netherlands,2022-12-25,1
20232005,486,2523,1,21,10,3,11,955.36,802.89,152.47,995.46,1016.51,P0486,Cooling Systems Product 486,Cooling Systems,127,865,C02523,"Mclean, Crane and Byrd",Distributor,Manufacturing,North Vicki,Belgium,2020-02-18,1
20243223,240,2145,2,55,5,4,16,4220.2,3098.13,1122.07,4247.32,4302.65,P0240,Turbochargers Product 240,Turbochargers,89,780,C02145,Walsh and Sons,Distributor,Transportation,New Beth,Poland,2024-01-11,1
20253202,185,3416,8,24,1,4,11,3908.23,3079.54,828.69,4091.99,4218.28,P0185,Fuel Systems Product 185,Fuel Systems,337,176,C03416,"Preston, Morris and Buchanan",Fleet,Automotive,Millerborough,Germany,2023-04-10,1
20231835,116,4572,10,114,4,4,8,3546.75,3165.48,381.27,3576.55,3867.93,P0116,Filtration Product 116,Filtration,308,352,C04572,Valdez Group,Distributor,Manufacturing,Barreraland,Belgium,2026-04-13,1
20254101,46,1961,9,87,5,1,3,3780.21,3142.45,637.76,3828.93,3865.73,P0046,Sensors Product 46,Sensors,205,967,C01961,Patterson and Sons,Distributor,Transportation,Port Christopher,France,2020-06-25,1
20239199,412,1688,9,92,2,1,8,4915.94,3639.4,1276.54,4828.31,5315.03,P0412,Sensors Product 412,Sensors,472,328,C01688,"Jones, Alvarado and Parker",OEM,Manufacturing,North Whitneychester,Sweden,2020-07-28,1
20253125,283,310,8,28,4,4,3,3316.76,2899.35,417.41,3184.12,3518.45,P0283,Electronics Product 283,Electronics,313,844,C00310,Stewart-Ramos,OEM,Transportation,Brendaview,Austria,2020-11-05,1
20238762,281,4101,8,3,4,4,5,4372.5,3566.57,805.93,4393.94,4716.72,P0281,Fuel Systems Product 281,Fuel Systems,223,797,C04101,"Sims, Sutton and Reilly",Fleet,Automotive,Charlesville,Belgium,2019-07-08,1
20235528,469,879,6,100,2,1,1,2560.96,1915.38,645.58,2464.21,2643.68,P0469,Turbochargers Product 469,Turbochargers,275,157,C00879,Moore PLC,OEM,Manufacturing,Lindsayton,Spain,2018-05-15,1
20257161,313,4182,10,19,4,5,14,2087.25,1862.39,224.86,2081.09,2223.08,P0313,Cooling Systems Product 313,Cooling Systems,197,588,C04182,Thomas Inc,Distributor,Automotive,Lake Isaac,Sweden,2021-12-25,1
20222971,47,3165,5,62,5,4,9,2476.15,2017.61,458.54,2504.2,2360.2,P0047,Aftertreatment Product 47,Aftertreatment,487,629,C03165,"Taylor, Hernandez and Johnson",Fleet,Transportation,Port Jennifer,Germany,2025-09-19,1
20235481,478,4890,10,39,6,1,1,3404.45,2169.51,1234.94,3311.88,3413.67,P0478,Filtration Product 478,Filtration,181,926,C04890,Burns-Moore,OEM,Transportation,East Jeffreyshire,France,2021-08-22,1
20240321,256,3165,7,16,1,4,8,3658.74,2609.19,1049.55,3761.11,3819.99,P0256,Cooling Systems Product 256,Cooling Systems,331,546,C03165,"Taylor, Hernandez and Johnson",Fleet,Transportation,Port Jennifer,Germany,2025-09-19,1
20256468,246,4993,3,56,1,3,19,2936.15,1839.66,1096.49,3039.06,2962.52,P0246,Cooling Systems Product 246,Cooling Systems,60,416,C04993,"Williams, Reyes and Evans",Distributor,Automotive,Deborahshire,Spain,2017-03-12,1
20224833,112,1997,5,62,7,3,11,1354.09,1100.92,253.17,1287.2,1443.19,P0112,Cooling Systems Product 112,Cooling Systems,416,407,C01997,Davis and Sons,Distributor,Manufacturing,Lake Christopherview,Belgium,2022-11-15,1
20253491,88,1191,2,38,8,1,9,774.53,632.85,141.68,756.47,757.74,P0088,Filtration Product 88,Filtration,423,129,C01191,"Johnston, May and Curtis",OEM,Transportation,Theresaborough,Spain,2024-08-10,1
20229783,65,2891,10,69,4,4,16,2098.41,1759.84,338.57,2201.77,2109.33,P0065,Filtration Product 65,Filtration,144,887,C02891,"Burton, Patel and Hutchinson",Distributor,Manufacturing,Brandonburgh,Spain,2019-11-11,1
20245648,449,120,9,66,9,2,11,1214.87,802.19,412.68,1175.67,1288.79,P0449,Turbochargers Product 449,Turbochargers,466,253,C00120,White-Farmer,OEM,Manufacturing,Danielmouth,Germany,2023-03-27,1
20241305,490,1928,9,40,4,3,12,3064.85,2255.52,809.33,3072.63,2915.73,P0490,Filtration Product 490,Filtration,178,560,C01928,"Robinson, Hutchinson and Smith",Fleet,Transportation,Pottsburgh,Spain,2025-03-18,1
20259241,144,17,9,68,1,5,13,4788.4,3837.77,950.63,4608.02,5150.49,P0144,Filtration Product 144,Filtration,322,362,C00017,Ritter PLC,Fleet,Transportation,Ponceton,Austria,2021-08-01,1
20228464,11,1648,5,84,5,3,7,4866.94,3228.03,1638.91,5101.82,5005.42,P0011,Aftertreatment Product 11,Aftertreatment,391,101,C01648,Kelly-Bell,Distributor,Automotive,Jamesstad,Poland,2024-10-07,1
20250418,196,87,6,67,9,2,1,305.9,193.02,112.88,306.26,296.19,P0196,Filtration Product 196,Filtration,469,177,C00087,Gomez-Young,OEM,Transportation,North Kevinview,Poland,2018-05-10,1
20237592,369,3341,3,42,1,4,2,3065.87,2605.37,460.5,3147.87,3306.32,P0369,Cooling Systems Product 369,Cooling Systems,129,206,C03341,"Garcia, Burgess and Hancock",OEM,Automotive,New Ashleyfurt,Belgium,2021-12-29,1
20257889,118,2607,6,79,6,5,13,3230.59,2339.1,891.49,3226.19,3303.14,P0118,Turbochargers Product 118,Turbochargers,151,106,C02607,Gonzalez Ltd,Fleet,Transportation,Jessicaberg,Poland,2026-05-09,1
20225861,254,652,4,111,4,1,3,459.82,342.72,117.1,452.8,500.77,P0254,Sensors Product 254,Sensors,174,101,C00652,"Valentine, Clements and Turner",Fleet,Manufacturing,South Hannahburgh,Germany,2020-06-22,1
20257489,263,336,2,26,5,1,15,3697.95,3307.64,390.31,3640.63,3830.44,P0263,Sensors Product 263,Sensors,106,470,C00336,"Roberts, Velazquez and Pierce",Distributor,Automotive,Port Troy,France,2017-01-28,1
20249816,435,4038,1,85,8,4,9,2784.72,1990.43,794.29,2690.16,3014.89,P0435,Aftertreatment Product 435,Aftertreatment,175,492,C04038,Burch and Sons,Distributor,Manufacturing,Lake Paul,Netherlands,2019-12-29,1
20225054,40,1002,5,118,10,5,1,3035.61,2409.39,626.22,3076.85,3208.91,P0040,Electronics Product 40,Electronics,462,786,C01002,"Ramos, Campbell and Johnson",OEM,Transportation,New Raymond,Sweden,2023-06-21,1
20247743,2,948,8,52,7,3,10,4958.42,3842.42,1116.0,5186.72,4972.81,P0002,Aftertreatment Product 2,Aftertreatment,342,443,C00948,"Cox, Finley and Cox",Distributor,Automotive,East Kevin,Austria,2024-07-13,1
20253225,370,2076,8,23,8,4,10,251.66,170.83,80.83,246.12,255.51,P0370,Cooling Systems Product 370,Cooling Systems,487,266,C02076,Thompson-Greene,Distributor,Manufacturing,Georgetown,Austria,2017-07-08,1
20252229,359,3798,4,112,7,4,9,251.6,184.86,66.74,248.56,269.17,P0359,Filtration Product 359,Filtration,54,841,C03798,"Bowman, Bennett and Williams",OEM,Manufacturing,Grossport,Poland,2019-12-14,1
20232292,89,616,7,74,3,2,13,4257.75,3741.35,516.4,4307.2,4567.56,P0089,Sensors Product 89,Sensors,93,629,C00616,"Reyes, Shannon and Church",Distributor,Automotive,South Kevinfurt,Netherlands,2018-11-15,1
20248161,333,3971,6,16,4,2,1,2750.71,1954.4,796.31,2658.53,2763.65,P0333,Aftertreatment Product 333,Aftertreatment,409,194,C03971,Mitchell Ltd,Distributor,Transportation,West Danamouth,Poland,2018-12-05,1
20222207,201,1947,10,19,10,1,17,4585.73,3809.61,776.12,4637.65,4778.08,P0201,Filtration Product 201,Filtration,170,784,C01947,Gilbert-Greene,Fleet,Automotive,Cynthiashire,France,2022-06-11,1
20234929,49,2506,9,83,4,1,9,3204.48,2492.84,711.64,3146.44,3323.91,P0049,Electronics Product 49,Electronics,139,685,C02506,Guzman-Doyle,Fleet,Automotive,West Ericatown,Belgium,2017-03-22,1
20230669,60,2131,1,85,3,5,20,2030.56,1681.76,348.8,2057.66,2215.86,P0060,Cooling Systems Product 60,Cooling Systems,86,746,C02131,Banks-Walls,Fleet,Automotive,North Derrick,Belgium,2016-11-12,1
20220884,400,3901,1,56,9,3,3,2617.88,1885.81,732.07,2672.97,2762.04,P0400,Fuel Systems Product 400,Fuel Systems,344,103,C03901,"Hernandez, Salazar and Russell",Distributor,Manufacturing,Ambertown,Poland,2019-06-12,1
20228268,178,4890,7,28,2,4,16,4723.96,3286.82,1437.14,4745.11,4516.01,P0178,Cooling Systems Product 178,Cooling Systems,363,448,C04890,Burns-Moore,OEM,Transportation,East Jeffreyshire,France,2021-08-22,1
20232650,372,1687,9,34,4,5,11,3598.99,2634.77,964.22,3466.69,3682.15,P0372,Filtration Product 372,Filtration,256,741,C01687,"Hall, Thompson and Vasquez",Distributor,Transportation,New Alexis,France,2021-05-24,1
20232386,7,2873,4,61,5,5,14,4861.91,4097.38,764.53,4720.44,4637.46,P0007,Sensors Product 7,Sensors,349,969,C02873,Clark-Boyer,OEM,Automotive,South Erikport,Germany,2019-11-29,1
20261161,339,1426,1,22,3,5,17,2715.76,1827.7,888.06,2785.06,2867.23,P0339,Cooling Systems Product 339,Cooling Systems,290,786,C01426,"Schmidt, Ferguson and Hill",Fleet,Manufacturing,Delacruzchester,Sweden,2016-08-07,1
20228183,257,1794,5,39,1,4,12,1951.17,1482.48,468.69,1944.5,1931.51,P0257,Aftertreatment Product 257,Aftertreatment,264,443,C01794,Taylor-Conway,Distributor,Transportation,Jasmineton,Austria,2017-10-20,1
20253997,451,2806,1,90,3,5,20,1738.99,1220.86,518.13,1675.42,1679.18,P0451,Fuel Systems Product 451,Fuel Systems,211,626,C02806,"Brown, Wagner and Harrison",Distributor,Transportation,Danielburgh,Spain,2020-09-09,1
20229408,19,4879,6,53,5,2,15,4012.57,3218.53,794.04,4128.46,4350.1,P0019,Filtration Product 19,Filtration,481,705,C04879,Cortez Ltd,OEM,Automotive,Garrettberg,France,2017-03-09,1
20254806,304,3325,7,87,8,3,12,4320.49,3372.38,948.11,4273.28,4208.34,P0304,Turbochargers Product 304,Turbochargers,379,394,C03325,"Porter, Kelly and Moore",OEM,Automotive,Port Cynthiatown,France,2024-12-29,1
20222271,294,1301,1,33,8,5,17,125.92,100.09,25.83,122.22,135.76,P0294,Aftertreatment Product 294,Aftertreatment,75,306,C01301,Leonard LLC,OEM,Transportation,New Robert,Germany,2018-03-29,1
20235136,30,1477,8,45,3,3,18,4494.53,4031.91,462.62,4544.64,4712.78,P0030,Aftertreatment Product 30,Aftertreatment,124,141,C01477,Ryan LLC,Fleet,Manufacturing,North Michael,Germany,2023-08-09,1
20250182,363,2574,3,95,5,1,4,1571.61,1249.79,321.82,1511.77,1612.33,P0363,Aftertreatment Product 363,Aftertreatment,413,911,C02574,Vincent LLC,Distributor,Manufacturing,Cameronfurt,Austria,2016-11-12,1
20226386,112,1471,2,24,9,3,2,3240.75,2543.29,697.46,3172.57,3240.09,P0112,Cooling Systems Product 112,Cooling Systems,416,407,C01471,Woods-Williams,Distributor,Automotive,Kevinfurt,Netherlands,2024-07-25,1
20260608,175,4170,10,101,9,3,4,4672.13,3121.13,1551.0,4532.84,4645.52,P0175,Aftertreatment Product 175,Aftertreatment,234,137,C04170,Garcia-Fitzpatrick,OEM,Automotive,Cherylhaven,Germany,2022-07-12,1
20224312,166,3290,2,106,2,3,4,929.79,612.1,317.69,910.8,947.56,P0166,Filtration Product 166,Filtration,399,723,C03290,Shea and Sons,OEM,Transportation,Williamsonland,Sweden,2017-05-09,1
20253903,176,1903,6,44,10,2,6,2884.47,1855.14,1029.33,2893.64,2910.13,P0176,Aftertreatment Product 176,Aftertreatment,119,257,C01903,"Solis, Strickland and Dixon",OEM,Manufacturing,Susanhaven,France,2024-12-05,1
20238576,203,3231,6,85,7,1,20,1345.13,1014.31,330.82,1385.97,1310.21,P0203,Turbochargers Product 203,Turbochargers,387,910,C03231,"Martinez, Washington and Sharp",Distributor,Manufacturing,Howardport,Spain,2020-11-12,1
20253659,316,4863,10,111,4,2,3,2548.14,1597.01,951.13,2477.53,2695.4,P0316,Aftertreatment Product 316,Aftertreatment,412,807,C04863,Neal Ltd,Distributor,Automotive,Susanmouth,Belgium,2024-06-04,1
20222770,255,4849,8,9,10,2,2,806.83,538.79,268.04,769.23,879.82,P0255,Cooling Systems Product 255,Cooling Systems,66,596,C04849,"Lewis, King and Cordova",Fleet,Transportation,Lauraton,Poland,2024-02-27,1
20247790,442,4026,2,54,2,2,18,4286.9,2951.01,1335.89,4161.08,4235.37,P0442,Cooling Systems Product 442,Cooling Systems,330,163,C04026,Bennett-Flores,OEM,Transportation,South Madeline,Poland,2022-02-05,1
20250840,6,3557,4,48,7,1,6,1679.36,1233.84,445.52,1609.15,1693.45,P0006,Cooling Systems Product 6,Cooling Systems,345,257,C03557,Velazquez-Bradford,Fleet,Manufacturing,Penaville,Germany,2018-01-29,1
20233558,469,4829,6,9,4,4,9,4173.85,3714.71,459.14,4140.73,4277.5,P0469,Turbochargers Product 469,Turbochargers,275,157,C04829,Hill-Cummings,Fleet,Transportation,East Johnbury,Sweden,2017-08-01,1
20237490,453,1180,4,70,8,2,17,4082.52,2696.69,1385.83,4143.44,4375.64,P0453,Aftertreatment Product 453,Aftertreatment,450,357,C01180,"Campbell, Evans and Bryant",OEM,Automotive,Karenside,Spain,2023-01-07,1
20237982,144,4446,3,19,4,5,3,1856.93,1243.27,613.66,1942.55,2026.1,P0144,Filtration Product 144,Filtration,322,362,C04446,Martinez Inc,Distributor,Manufacturing,Mcdanielmouth,Germany,2018-04-13,1
20250836,337,2426,7,41,5,1,12,2506.99,2254.06,252.93,2495.13,2477.62,P0337,Fuel Systems Product 337,Fuel Systems,309,846,C02426,"Barrett, Melendez and Campbell",Distributor,Automotive,Linbury,Austria,2022-03-02,1
20240204,162,689,7,17,9,2,4,1594.05,1011.09,582.96,1564.63,1681.96,P0162,Sensors Product 162,Sensors,284,405,C00689,"Burton, Bailey and Bates",OEM,Automotive,Garciachester,Italy,2020-04-14,1
20254301,132,4301,4,54,9,1,7,1939.35,1662.51,276.84,1998.54,2096.77,P0132,Electronics Product 132,Electronics,363,596,C04301,"Cooper, Harris and Simmons",Fleet,Manufacturing,New Ashleyland,Austria,2017-02-11,1
20242124,263,1260,8,40,7,4,12,1382.29,857.81,524.48,1448.6,1398.73,P0263,Sensors Product 263,Sensors,106,470,C01260,Kim-May,Fleet,Transportation,Joseville,Belgium,2020-12-19,1
20221186,154,1630,2,105,9,3,20,206.89,179.26,27.63,214.44,202.42,P0154,Cooling Systems Product 154,Cooling Systems,279,445,C01630,Payne Inc,OEM,Automotive,Wilsonhaven,Netherlands,2018-11-28,1
20254608,313,514,5,19,5,1,6,4075.05,3068.0,1007.05,3907.53,4315.06,P0313,Cooling Systems Product 313,Cooling Systems,197,588,C00514,Boyd and Sons,Distributor,Transportation,Port Teresa,Austria,2019-02-03,1
20227587,166,4289,9,98,6,3,13,432.77,313.62,119.15,418.94,451.44,P0166,Filtration Product 166,Filtration,399,723,C04289,Carter Group,Distributor,Transportation,Tammybury,Belgium,2025-07-09,1
20247815,66,731,1,86,3,4,18,1039.91,745.32,294.59,1042.05,1111.53,P0066,Cooling Systems Product 66,Cooling Systems,227,616,C00731,Gallegos-Chavez,Distributor,Transportation,North Katherine,Spain,2020-02-22,1
20256704,152,2117,4,72,5,2,13,1721.9,1186.98,534.92,1715.93,1792.49,P0152,Cooling Systems Product 152,Cooling Systems,483,882,C02117,Young-Tran,Fleet,Manufacturing,Juliastad,France,2023-06-24,1
20245816,397,281,2,38,2,2,6,1412.6,1011.17,401.43,1461.85,1425.16,P0397,Fuel Systems Product 397,Fuel Systems,173,384,C00281,"Levine, Holmes and Horne",Fleet,Manufacturing,West Andrewton,Austria,2018-07-09,1
20230322,243,2327,5,81,10,3,6,4984.79,4360.74,624.05,4888.01,5311.59,P0243,Fuel Systems Product 243,Fuel Systems,174,391,C02327,Gomez Ltd,OEM,Manufacturing,North Michealfurt,Germany,2017-11-13,1
20233378,304,1749,4,61,5,1,13,2867.38,2528.8,338.58,2854.76,3099.33,P0304,Turbochargers Product 304,Turbochargers,379,394,C01749,Myers-Keller,Fleet,Transportation,Johnsonborough,France,2023-11-29,1
20221608,284,3827,2,43,4,2,12,1267.63,923.44,344.19,1329.28,1263.71,P0284,Cooling Systems Product 284,Cooling Systems,378,813,C03827,Benjamin-Herrera,Fleet,Transportation,Brewerstad,Spain,2018-05-16,1
20234600,16,2592,4,81,2,5,12,205.79,156.57,49.22,200.25,209.3,P0016,Turbochargers Product 16,Turbochargers,269,629,C02592,"Shaw, Ball and Morgan",Fleet,Transportation,Port Alisonshire,Italy,2016-11-11,1
20221491,180,124,9,7,10,1,15,4442.17,3589.41,852.76,4496.81,4656.95,P0180,Filtration Product 180,Filtration,163,558,C00124,Hart-Sanders,Fleet,Transportation,Lake Brian,France,2017-10-31,1
20258982,99,1749,4,96,10,3,13,4599.89,2997.31,1602.58,4602.64,4832.85,P0099,Fuel Systems Product 99,Fuel Systems,88,252,C01749,Myers-Keller,Fleet,Transportation,Johnsonborough,France,2023-11-29,1
20234108,485,2298,2,1,4,2,16,3505.93,2243.32,1262.61,3429.27,3763.59,P0485,Aftertreatment Product 485,Aftertreatment,458,554,C02298,"Jones, Walker and Yu",OEM,Automotive,Petersberg,Italy,2019-01-23,1
20230595,265,2646,3,93,5,3,19,4935.65,3358.36,1577.29,4754.93,4756.95,P0265,Electronics Product 265,Electronics,174,523,C02646,"Green, Johnson and Harris",OEM,Manufacturing,New Justin,Netherlands,2017-01-13,1
20248770,330,4682,9,47,2,1,19,1422.54,886.38,536.16,1389.92,1446.98,P0330,Electronics Product 330,Electronics,71,949,C04682,"Oliver, Smith and Howard",OEM,Manufacturing,Lake Mary,France,2024-12-26,1
20246014,132,4315,8,25,2,5,13,1180.06,880.29,299.77,1155.17,1206.01,P0132,Electronics Product 132,Electronics,363,596,C04315,Love-Lawrence,Fleet,Automotive,North John,Netherlands,2025-02-19,1
20234799,390,175,4,71,10,4,4,3347.45,2680.9,666.55,3459.09,3280.94,P0390,Fuel Systems Product 390,Fuel Systems,244,414,C00175,Hancock-Chaney,OEM,Transportation,New Cathy,Netherlands,2021-02-18,1
20260147,43,2118,6,39,10,4,3,3496.29,2888.84,607.45,3642.48,3546.86,P0043,Turbochargers Product 43,Turbochargers,303,322,C02118,"Long, Riley and Scott",OEM,Automotive,South Adamshire,France,2018-10-04,1
20256755,287,3837,1,25,4,5,4,1399.14,1239.46,159.68,1429.21,1440.93,P0287,Electronics Product 287,Electronics,63,884,C03837,Collins LLC,Distributor,Automotive,South Ryanborough,Netherlands,2023-06-11,1
20245394,282,1647,2,13,6,1,1,1437.75,866.27,571.48,1464.31,1390.13,P0282,Sensors Product 282,Sensors,228,207,C01647,Gates-Gordon,Distributor,Transportation,Homouth,Poland,2021-07-01,1
20237091,32,3514,1,72,6,2,4,1608.99,1198.99,410.0,1683.87,1668.09,P0032,Cooling Systems Product 32,Cooling Systems,124,192,C03514,Howell-Johnson,Fleet,Transportation,North Dawnview,Sweden,2019-02-12,1
20258062,76,3391,2,101,6,1,18,1951.11,1426.02,525.09,1868.13,1923.65,P0076,Aftertreatment Product 76,Aftertreatment,498,375,C03391,Smith-Hughes,Distributor,Transportation,Hopkinsview,Sweden,2023-01-07,1
20225153,146,1572,9,94,1,1,12,1865.6,1307.49,558.11,1926.16,1825.21,P0146,Fuel Systems Product 146,Fuel Systems,401,816,C01572,Howard Group,Fleet,Transportation,Brownmouth,Netherlands,2024-07-23,1
20255548,371,3012,1,78,3,4,15,1361.43,887.73,473.7,1415.27,1384.77,P0371,Cooling Systems Product 371,Cooling Systems,109,912,C03012,Simpson-Porter,Fleet,Transportation,South David,Spain,2023-02-07,1
20243526,52,1051,10,99,3,1,19,4356.85,3089.59,1267.26,4294.28,4715.8,P0052,Fuel Systems Product 52,Fuel Systems,458,683,C01051,Miller Ltd,Distributor,Automotive,West Sandraburgh,Sweden,2020-09-14,1
20243352,254,508,7,92,5,1,6,2042.07,1559.7,482.37,2134.62,2218.56,P0254,Sensors Product 254,Sensors,174,101,C00508,"Davis, Cox and Leonard",Fleet,Transportation,New Pamelaville,Spain,2019-10-23,1
20255619,487,4187,10,9,8,3,7,1026.38,903.68,122.7,991.7,982.31,P0487,Turbochargers Product 487,Turbochargers,77,981,C04187,Flores-Drake,Fleet,Manufacturing,Williamshaven,France,2024-09-05,1
20232272,129,2549,4,44,10,3,16,2726.81,1831.98,894.83,2746.43,2931.15,P0129,Cooling Systems Product 129,Cooling Systems,371,337,C02549,Hawkins-Alvarez,OEM,Manufacturing,Schultzstad,Austria,2021-05-03,1
20250827,360,2408,6,15,7,2,2,681.12,536.29,144.83,648.96,669.71,P0360,Fuel Systems Product 360,Fuel Systems,421,830,C02408,Smith Group,OEM,Automotive,East Jaclyn,Austria,2025-01-11,1
20226218,171,3614,2,74,8,2,17,4790.03,3946.3,843.73,5029.52,5001.7,P0171,Cooling Systems Product 171,Cooling Systems,353,541,C03614,Holloway LLC,Fleet,Automotive,East Jose,Belgium,2026-07-22,1
20261081,100,4367,1,83,2,1,1,3471.64,2140.55,1331.09,3382.17,3685.22,P0100,Cooling Systems Product 100,Cooling Systems,266,465,C04367,Lee-Hickman,Fleet,Manufacturing,Gregorytown,Austria,2026-04-12,1
20243042,343,2089,10,48,10,5,3,3792.65,3086.37,706.28,3868.68,3946.73,P0343,Electronics Product 343,Electronics,477,488,C02089,Hayden and Sons,Fleet,Transportation,Port Shawn,Italy,2026-01-01,1
20225746,81,4381,6,11,8,5,7,4584.49,3150.93,1433.56,4681.54,4941.28,P0081,Cooling Systems Product 81,Cooling Systems,246,679,C04381,Munoz Inc,Fleet,Automotive,Mikefurt,Italy,2022-09-29,1
20245962,148,3551,7,1,7,5,13,4568.9,3833.32,735.58,4785.64,4377.04,P0148,Filtration Product 148,Filtration,128,603,C03551,Lewis PLC,Distributor,Manufacturing,Rubenbury,Poland,2024-04-22,1
20258145,120,4702,3,44,1,2,1,2207.94,1375.64,832.3,2114.43,2313.68,P0120,Cooling Systems Product 120,Cooling Systems,484,991,C04702,Wilcox-Clark,OEM,Automotive,Brendaland,Belgium,2023-04-06,1
20225871,430,172,8,64,6,2,1,3634.3,2826.64,807.66,3739.12,3847.29,P0430,Fuel Systems Product 430,Fuel Systems,294,461,C00172,Johnson Group,OEM,Automotive,Tracychester,Austria,2017-10-20,1
20245241,122,4399,8,20,7,4,2,3459.66,2205.98,1253.68,3338.42,3495.59,P0122,Electronics Product 122,Electronics,164,537,C04399,Crawford-Buckley,Distributor,Automotive,Carlport,France,2023-10-07,1
20254244,471,1743,1,114,3,2,12,1471.96,1082.89,389.07,1506.81,1490.21,P0471,Sensors Product 471,Sensors,496,390,C01743,Cain-Garcia,Distributor,Transportation,South Don,Germany,2017-12-22,1
20256291,363,533,9,101,5,1,9,4547.93,3975.16,572.77,4348.65,4936.5,P0363,Aftertreatment Product 363,Aftertreatment,413,911,C00533,Smith-Meadows,OEM,Manufacturing,Millerview,Sweden,2022-10-17,1
20242765,457,3085,8,40,4,3,8,2743.12,2401.99,341.13,2622.6,2948.09,P0457,Filtration Product 457,Filtration,213,262,C03085,Long LLC,Fleet,Manufacturing,Harrisonfurt,Italy,2017-03-30,1
20247861,37,4668,4,56,9,4,3,500.71,300.85,199.86,486.04,531.18,P0037,Fuel Systems Product 37,Fuel Systems,205,436,C04668,Green-Costa,Fleet,Automotive,Port Dana,Austria,2024-09-14,1
20242295,88,2654,6,66,7,3,14,4413.34,3970.59,442.75,4319.51,4329.68,P0088,Filtration Product 88,Filtration,423,129,C02654,Howe-Mcgee,OEM,Transportation,Lake Kelseyborough,Belgium,2022-12-21,1
20224811,496,4950,4,31,4,5,20,614.61,490.67,123.94,632.35,600.39,P0496,Cooling Systems Product 496,Cooling Systems,116,953,C04950,"White, Morse and Jennings",Distributor,Automotive,Meganview,Poland,2025-01-07,1
20228028,243,4844,9,48,4,4,16,4260.91,2771.18,1489.73,4072.66,4660.07,P0243,Fuel Systems Product 243,Fuel Systems,174,391,C04844,Cook Inc,Fleet,Transportation,Lake Nichole,Netherlands,2023-11-14,1
20257769,464,154,2,37,2,3,5,2871.21,1743.25,1127.96,2751.2,3060.7,P0464,Filtration Product 464,Filtration,103,843,C00154,"Mitchell, Glover and Wilson",Distributor,Automotive,Port Katie,Germany,2017-05-15,1
20237203,224,3855,2,91,2,4,7,1667.99,1086.09,581.9,1717.08,1752.99,P0224,Cooling Systems Product 224,Cooling Systems,385,175,C03855,Horn-Parsons,Distributor,Transportation,West Ryan,Spain,2017-06-06,1
20221843,122,2812,2,38,5,1,14,3648.08,2427.44,1220.64,3496.25,3895.57,P0122,Electronics Product 122,Electronics,164,537,C02812,"Cooper, Velazquez and Gomez",OEM,Automotive,Lake Andreabury,Spain,2021-03-12,1
20222741,17,165,9,37,3,2,18,1873.61,1653.71,219.9,1824.25,1910.28,P0017,Electronics Product 17,Electronics,160,200,C00165,Dawson Inc,Fleet,Transportation,New Chris,Italy,2019-08-21,1
20220528,282,3968,10,111,7,3,15,656.31,482.22,174.09,623.83,661.37,P0282,Sensors Product 282,Sensors,228,207,C03968,Nelson PLC,Distributor,Manufacturing,New Candiceburgh,France,2025-02-23,1
20256106,318,4995,3,43,1,4,6,2278.79,1392.58,886.21,2244.09,2319.95,P0318,Sensors Product 318,Sensors,407,237,C04995,Dunn Ltd,Distributor,Transportation,North Davidland,Spain,2022-08-01,1
20228465,475,686,3,12,4,2,12,2159.9,1683.39,476.51,2168.54,2345.6,P0475,Cooling Systems Product 475,Cooling Systems,469,481,C00686,"Wallace, Weber and Buchanan",OEM,Manufacturing,Port Aprilview,Germany,2019-12-13,1
20226183,437,188,7,78,1,2,1,4237.19,2886.3,1350.89,4249.61,4656.37,P0437,Turbochargers Product 437,Turbochargers,415,793,C00188,Perry-Hayes,OEM,Manufacturing,West Leslie,Poland,2024-06-13,1
20253662,252,1444,1,84,8,5,18,243.75,212.93,30.82,254.23,236.95,P0252,Aftertreatment Product 252,Aftertreatment,486,396,C01444,Calderon-Tapia,Fleet,Transportation,Jefferyhaven,Belgium,2020-05-01,1
20256373,207,4590,5,31,6,1,7,732.34,657.3,75.04,701.15,743.44,P0207,Filtration Product 207,Filtration,343,630,C04590,Mason-Maynard,OEM,Manufacturing,Lake Amy,Belgium,2023-05-12,1
20233826,92,1287,5,22,3,2,19,3459.84,2253.41,1206.43,3440.04,3463.05,P0092,Electronics Product 92,Electronics,297,337,C01287,Gomez and Sons,Fleet,Manufacturing,Sierrachester,Sweden,2020-08-15,1
20248562,134,106,9,6,3,1,1,3919.67,3216.39,703.28,3744.18,4261.26,P0134,Fuel Systems Product 134,Fuel Systems,256,227,C00106,Moreno-Smith,OEM,Automotive,Danielport,Germany,2020-06-05,1
20224585,176,2786,8,91,4,4,9,3698.18,2431.56,1266.62,3729.02,3830.92,P0176,Aftertreatment Product 176,Aftertreatment,119,257,C02786,"Curtis, Lee and Haynes",Fleet,Transportation,Brownburgh,Germany,2025-05-01,1
20227531,169,777,7,63,6,4,19,4831.84,3802.81,1029.03,4889.48,4756.61,P0169,Turbochargers Product 169,Turbochargers,442,635,C00777,Chavez Ltd,Distributor,Automotive,Angelabury,Belgium,2024-04-25,1
20223006,419,4516,4,17,4,3,9,1254.41,884.62,369.79,1299.8,1349.64,P0419,Aftertreatment Product 419,Aftertreatment,52,624,C04516,Lutz Group,OEM,Automotive,Riddlefort,Sweden,2023-10-18,1
20253380,163,4640,5,119,8,5,20,2522.92,2105.87,417.05,2613.76,2534.33,P0163,Sensors Product 163,Sensors,305,195,C04640,Berry Ltd,Fleet,Automotive,Bentleyville,France,2020-03-04,1
20243988,229,1566,3,47,5,2,18,775.31,646.9,128.41,797.1,777.8,P0229,Cooling Systems Product 229,Cooling Systems,283,213,C01566,"Duncan, Huber and Mcdaniel",Fleet,Transportation,New Catherineshire,Netherlands,2026-07-14,1
20231331,471,2239,9,44,7,1,16,1049.9,910.7,139.2,1029.03,1072.44,P0471,Sensors Product 471,Sensors,496,390,C02239,Guerrero Group,OEM,Transportation,South Jonathanside,Belgium,2024-09-12,1
20238577,477,497,3,104,4,5,4,1805.57,1510.64,294.93,1800.05,1842.88,P0477,Aftertreatment Product 477,Aftertreatment,143,204,C00497,Holt and Sons,Distributor,Transportation,Brandyborough,Sweden,2026-01-29,1
20223910,396,1445,6,53,2,2,1,157.13,123.34,33.79,153.49,159.0,P0396,Turbochargers Product 396,Turbochargers,351,349,C01445,Cooper-Taylor,Distributor,Manufacturing,Estradaport,Austria,2016-11-12,1
20256143,201,3208,8,47,4,1,6,3539.2,2949.34,589.86,3648.33,3584.42,P0201,Filtration Product 201,Filtration,170,784,C03208,"Cummings, Thomas and Zhang",Distributor,Transportation,Herrerashire,Austria,2023-08-07,1
20230397,68,2675,1,82,1,2,19,842.98,637.41,205.57,816.3,813.14,P0068,Filtration Product 68,Filtration,120,182,C02675,"Moore, Weber and Davenport",Fleet,Automotive,Marksfurt,Germany,2024-11-12,1
20239464,48,1690,3,38,5,3,9,3018.08,2222.19,795.89,3082.29,3211.14,P0048,Electronics Product 48,Electronics,394,857,C01690,Lucas-Smith,Fleet,Transportation,Danaview,Spain,2019-10-23,1
20236562,329,2016,10,107,3,4,1,1353.87,1133.34,220.53,1412.2,1375.28,P0329,Turbochargers Product 329,Turbochargers,261,982,C02016,"Dominguez, Morales and Lee",OEM,Transportation,West Jamie,Belgium,2025-10-23,1
20234819,113,709,2,119,6,1,9,1444.39,1218.09,226.3,1445.28,1429.36,P0113,Sensors Product 113,Sensors,459,151,C00709,Mcpherson-Flores,Fleet,Manufacturing,South Meredith,Spain,2019-12-28,1
20226279,325,4317,8,72,8,1,1,1489.73,1248.53,241.2,1456.12,1537.66,P0325,Sensors Product 325,Sensors,365,598,C04317,"Green, Lawrence and Garcia",Distributor,Transportation,Debbieport,Belgium,2021-03-10,1
20245764,302,1309,1,47,10,5,13,943.19,757.53,185.66,919.41,1024.71,P0302,Aftertreatment Product 302,Aftertreatment,269,636,C01309,Thomas PLC,Distributor,Transportation,West Annaville,Spain,2017-05-18,1
20245237,23,1882,10,37,2,4,12,4261.57,3166.44,1095.13,4056.64,4421.44,P0023,Filtration Product 23,Filtration,188,256,C01882,Jenkins Ltd,Distributor,Automotive,Curryside,Germany,2023-08-06,1
20224660,226,203,6,68,7,5,9,1506.6,1092.7,413.9,1459.8,1625.25,P0226,Sensors Product 226,Sensors,473,523,C00203,Diaz LLC,Fleet,Transportation,Combsburgh,Sweden,2018-02-27,1
20247400,204,49,9,51,3,5,11,928.69,828.12,100.57,914.47,915.61,P0204,Filtration Product 204,Filtration,430,301,C00049,Smith PLC,Distributor,Transportation,Sarahfort,Poland,2017-07-07,1
20254016,418,1745,10,22,2,5,4,4893.18,3566.27,1326.91,5074.33,5204.82,P0418,Sensors Product 418,Sensors,65,522,C01745,Hall-Thomas,OEM,Automotive,Robertmouth,Spain,2019-09-17,1
20232288,53,4984,6,5,4,5,14,551.29,445.88,105.41,539.53,527.84,P0053,Turbochargers Product 53,Turbochargers,498,900,C04984,Young and Sons,OEM,Manufacturing,South Timothytown,Belgium,2022-07-24,1
20258163,203,3926,6,7,4,5,15,166.1,127.72,38.38,172.66,160.57,P0203,Turbochargers Product 203,Turbochargers,387,910,C03926,Long-Schmidt,OEM,Transportation,Vargasborough,Italy,2024-02-04,1
20236908,464,45,10,47,4,5,3,2338.65,1762.14,576.51,2381.96,2386.36,P0464,Filtration Product 464,Filtration,103,843,C00045,Smith-Mcdaniel,Distributor,Automotive,Whiteview,France,2024-08-02,1
20224911,111,3023,8,113,6,5,14,4519.01,3724.79,794.22,4667.51,4565.43,P0111,Filtration Product 111,Filtration,249,946,C03023,Pineda-Stewart,Fleet,Automotive,Deborahton,Poland,2019-04-01,1
20246921,464,472,5,70,6,3,17,4217.56,2942.45,1275.11,4013.41,4468.26,P0464,Filtration Product 464,Filtration,103,843,C00472,Lloyd-Cochran,OEM,Transportation,West Gloria,Netherlands,2025-04-11,1
20253384,76,2200,4,95,10,2,20,3304.19,2285.06,1019.13,3447.69,3488.49,P0076,Aftertreatment Product 76,Aftertreatment,498,375,C02200,Ross-Carroll,OEM,Manufacturing,Lake Jacobshire,France,2019-10-30,1
20236971,382,633,5,90,8,3,7,818.17,594.35,223.82,792.59,806.04,P0382,Sensors Product 382,Sensors,460,927,C00633,"Andrade, Aguilar and Larsen",Distributor,Manufacturing,Port Eric,Austria,2017-01-06,1
20232245,300,1678,4,33,6,2,4,4911.41,3203.22,1708.19,4767.11,4741.34,P0300,Cooling Systems Product 300,Cooling Systems,360,329,C01678,Guerrero-Miller,OEM,Transportation,Lake Darleneborough,Italy,2022-02-04,1
20244327,436,259,8,71,6,5,2,3504.1,2563.08,941.02,3481.45,3346.37,P0436,Filtration Product 436,Filtration,182,285,C00259,Ellis-Dickerson,OEM,Automotive,Paulafort,Italy,2025-01-10,1
20252854,94,2883,10,96,2,5,7,2843.67,1990.88,852.79,2969.64,2728.44,P0094,Aftertreatment Product 94,Aftertreatment,214,964,C02883,Stone-Woodward,OEM,Automotive,East Randallview,Spain,2026-07-25,1
20246365,88,1759,3,52,9,2,18,1921.8,1638.7,283.1,1950.82,1913.11,P0088,Filtration Product 88,Filtration,423,129,C01759,Williams-Myers,Fleet,Transportation,Williamberg,Germany,2024-09-02,1
20224253,464,2316,9,7,7,2,6,420.8,353.96,66.84,440.64,418.99,P0464,Filtration Product 464,Filtration,103,843,C02316,Williams-Copeland,OEM,Manufacturing,East Amanda,Spain,2019-04-17,1
20234656,203,4553,7,108,4,4,18,2619.3,1676.36,942.94,2521.32,2729.2,P0203,Turbochargers Product 203,Turbochargers,387,910,C04553,"Steele, Hancock and Woods",Fleet,Transportation,New Bonnie,Netherlands,2021-03-17,1
20223768,312,541,8,76,10,5,14,314.92,276.3,38.62,314.32,332.5,P0312,Fuel Systems Product 312,Fuel Systems,67,419,C00541,Dennis-Nguyen,Fleet,Manufacturing,Grahamtown,Netherlands,2017-01-06,1
20245503,172,2589,1,97,10,3,8,2424.5,1854.47,570.03,2474.49,2656.38,P0172,Filtration Product 172,Filtration,326,911,C02589,Pierce LLC,OEM,Manufacturing,Lake Brian,Italy,2023-05-04,1
20255026,321,1305,3,85,9,1,16,841.49,525.62,315.87,808.37,811.57,P0321,Cooling Systems Product 321,Cooling Systems,340,488,C01305,Sutton-Ferguson,Fleet,Automotive,Harrisside,Austria,2024-12-04,1
20241202,449,483,9,41,4,1,14,1417.16,981.16,436.0,1356.21,1388.39,P0449,Turbochargers Product 449,Turbochargers,466,253,C00483,Patrick PLC,OEM,Manufacturing,Elliottchester,France,2017-10-09,1
20230194,297,2519,3,86,5,3,18,2710.38,2361.11,349.27,2650.52,2723.79,P0297,Electronics Product 297,Electronics,158,281,C02519,Rios and Sons,Distributor,Manufacturing,West Brentton,Spain,2026-05-11,1
20227860,295,2879,9,65,4,5,15,844.72,642.64,202.08,841.54,827.86,P0295,Sensors Product 295,Sensors,177,878,C02879,Rodriguez-Carter,Fleet,Automotive,East Crystal,Germany,2020-12-10,1
20222443,398,4617,1,92,5,2,18,444.06,341.36,102.7,459.18,427.51,P0398,Fuel Systems Product 398,Fuel Systems,493,797,C04617,"Phelps, Brown and Gonzales",Distributor,Automotive,Meltonchester,Spain,2026-02-19,1
20247659,347,2177,4,59,1,4,17,3437.25,2291.86,1145.39,3528.66,3407.07,P0347,Sensors Product 347,Sensors,389,607,C02177,Roberts-Ortega,Fleet,Manufacturing,Bullockville,Spain,2022-08-14,1
20226384,367,1327,1,117,6,4,19,1118.97,815.58,303.39,1113.06,1143.49,P0367,Sensors Product 367,Sensors,144,431,C01327,"Smith, Knight and Martinez",Distributor,Transportation,Sarahhaven,Austria,2024-06-21,1
20239259,492,315,4,26,1,5,2,3048.62,2253.44,795.18,3017.26,3119.18,P0492,Fuel Systems Product 492,Fuel Systems,164,323,C00315,Fernandez and Sons,OEM,Automotive,Sanchezton,Poland,2026-04-24,1
20231679,83,660,9,31,6,1,9,4253.15,3310.18,942.97,4182.37,4197.59,P0083,Turbochargers Product 83,Turbochargers,419,367,C00660,Figueroa-Carlson,OEM,Automotive,West Casey,Belgium,2025-12-30,1
20232906,309,2795,9,28,6,5,12,1760.46,1275.35,485.11,1758.4,1812.21,P0309,Filtration Product 309,Filtration,421,447,C02795,Wright-Higgins,Distributor,Manufacturing,Kellyland,Belgium,2025-09-11,1
20253475,106,2399,5,50,7,4,15,2778.32,2290.49,487.83,2806.76,2845.57,P0106,Filtration Product 106,Filtration,289,517,C02399,Ward Group,Distributor,Manufacturing,Edwardsbury,Austria,2017-08-08,1
20247937,250,4335,4,22,4,2,15,4245.61,3397.28,848.33,4294.99,4395.9,P0250,Filtration Product 250,Filtration,54,887,C04335,Nguyen-Nelson,OEM,Automotive,Yolandashire,Poland,2019-06-05,1
20246166,441,1012,4,81,5,2,7,1218.2,815.19,403.01,1239.04,1303.19,P0441,Electronics Product 441,Electronics,161,670,C01012,"Pope, Strong and Johnson",OEM,Transportation,Jonesberg,Netherlands,2025-05-26,1
20223501,242,3455,8,6,4,4,17,706.2,519.06,187.14,691.84,679.39,P0242,Aftertreatment Product 242,Aftertreatment,231,167,C03455,Ingram-Le,Distributor,Automotive,Smithport,Spain,2020-06-19,1
20224273,109,3021,9,39,5,1,15,3191.97,2623.81,568.16,3052.88,3390.9,P0109,Cooling Systems Product 109,Cooling Systems,251,702,C03021,Anderson-Bell,Fleet,Manufacturing,Kevinfurt,Italy,2023-10-02,1
20236968,297,2875,6,110,6,3,16,1122.98,783.29,339.69,1145.04,1213.75,P0297,Electronics Product 297,Electronics,158,281,C02875,"Johnson, Harvey and Rose",Fleet,Transportation,North Francisco,Germany,2026-07-04,1
20244153,395,95,4,19,9,1,1,1399.15,1091.1,308.05,1376.01,1398.2,P0395,Aftertreatment Product 395,Aftertreatment,324,151,C00095,Thomas-Rodriguez,Fleet,Manufacturing,New Mark,Sweden,2017-12-28,1
20233888,296,3644,9,87,3,2,5,2192.55,1440.26,752.29,2214.7,2229.54,P0296,Electronics Product 296,Electronics,200,189,C03644,Allen Ltd,Fleet,Transportation,South Ryan,Belgium,2024-04-22,1
20236330,234,589,1,120,5,1,5,4881.86,3410.94,1470.92,5115.49,5327.91,P0234,Filtration Product 234,Filtration,444,779,C00589,Cook Inc,Distributor,Automotive,Sandymouth,Austria,2021-01-06,1
20231749,101,4001,5,21,5,1,18,2501.54,2003.41,498.13,2536.47,2697.21,P0101,Turbochargers Product 101,Turbochargers,215,334,C04001,Ball and Sons,Distributor,Transportation,Jonathanberg,Italy,2019-12-04,1
20255589,189,1309,4,40,3,3,11,4787.71,2887.46,1900.25,4966.76,5221.64,P0189,Filtration Product 189,Filtration,339,805,C01309,Thomas PLC,Distributor,Transportation,West Annaville,Spain,2017-05-18,1
20234266,336,3756,5,101,4,4,19,4103.32,2936.6,1166.72,3968.34,4480.53,P0336,Sensors Product 336,Sensors,121,848,C03756,"Villegas, Schneider and Shaffer",Fleet,Transportation,North Steven,Sweden,2024-06-15,1
20238312,349,2512,2,64,5,2,5,4808.41,3962.76,845.65,4767.18,4736.88,P0349,Sensors Product 349,Sensors,433,706,C02512,Saunders-Allen,Fleet,Transportation,South Natalie,Belgium,2021-02-24,1
20245619,471,169,2,34,9,1,4,2207.27,1432.32,774.95,2236.63,2385.68,P0471,Sensors Product 471,Sensors,496,390,C00169,Davila-Smith,OEM,Automotive,New Ebony,Sweden,2025-11-05,1
20237640,344,1328,9,21,1,2,12,1457.84,1305.98,151.86,1491.88,1482.87,P0344,Cooling Systems Product 344,Cooling Systems,482,648,C01328,Rivera-Lopez,Distributor,Manufacturing,Samanthaberg,Poland,2016-09-28,1
20226394,316,1220,8,115,5,5,3,2983.81,2392.98,590.83,3093.89,3267.19,P0316,Aftertreatment Product 316,Aftertreatment,412,807,C01220,"Adams, Horton and Ayala",Distributor,Manufacturing,East Edward,Spain,2022-03-14,1
20239104,324,4841,4,103,6,5,6,4470.6,3930.2,540.4,4574.96,4811.85,P0324,Fuel Systems Product 324,Fuel Systems,310,610,C04841,Nolan LLC,Distributor,Transportation,New Lauraberg,Italy,2017-06-14,1
20230304,468,4643,1,80,8,2,19,4109.42,2910.87,1198.55,4191.72,4088.98,P0468,Cooling Systems Product 468,Cooling Systems,63,181,C04643,"Kirk, Gentry and Scott",OEM,Manufacturing,Johnsonfort,France,2024-04-05,1
20248714,472,2208,3,8,4,5,13,3448.31,2271.92,1176.39,3519.54,3677.02,P0472,Aftertreatment Product 472,Aftertreatment,267,714,C02208,Terry-Long,Distributor,Transportation,Greenport,Germany,2020-04-20,1
20226134,467,126,9,53,10,1,11,467.06,341.41,125.65,478.37,478.65,P0467,Aftertreatment Product 467,Aftertreatment,451,174,C00126,"Roberts, Poole and Roberts",OEM,Automotive,Meyerland,Poland,2017-04-24,1
20231334,163,4709,10,37,5,4,10,4994.16,3180.72,1813.44,4996.35,4933.51,P0163,Sensors Product 163,Sensors,305,195,C04709,Weiss LLC,Distributor,Manufacturing,Kennethfurt,Germany,2026-03-04,1
20239741,172,830,6,117,10,4,11,3056.63,2067.16,989.47,3178.67,3254.67,P0172,Filtration Product 172,Filtration,326,911,C00830,Ball-Kelley,OEM,Automotive,Gonzalezport,France,2023-04-05,1
20252186,384,1662,3,72,4,2,16,4975.09,3965.64,1009.45,5151.36,5340.47,P0384,Filtration Product 384,Filtration,443,820,C01662,"Freeman, Peterson and Flores",Fleet,Manufacturing,New Ashleyside,Italy,2026-02-27,1
20246423,180,3392,7,32,6,3,12,1497.11,1128.3,368.81,1557.89,1430.31,P0180,Filtration Product 180,Filtration,163,558,C03392,Moore-Morgan,OEM,Automotive,Port Elizabethburgh,Netherlands,2018-07-19,1
20227635,306,1565,10,93,5,3,6,412.29,334.33,77.96,401.63,419.47,P0306,Sensors Product 306,Sensors,268,829,C01565,Kaufman PLC,Fleet,Manufacturing,South Pamela,Italy,2020-01-06,1
20242745,453,4776,5,57,10,2,8,4829.81,3977.15,852.66,4685.75,5045.07,P0453,Aftertreatment Product 453,Aftertreatment,450,357,C04776,Klein Ltd,OEM,Transportation,Alexafurt,Poland,2018-06-13,1
20225521,111,152,6,1,7,1,15,4597.97,3470.02,1127.95,4545.59,4873.65,P0111,Filtration Product 111,Filtration,249,946,C00152,Acevedo-Taylor,Fleet,Manufacturing,South Davidside,Italy,2019-01-08,1
20232568,415,4376,7,79,3,1,16,302.52,190.75,111.77,290.72,325.33,P0415,Fuel Systems Product 415,Fuel Systems,482,931,C04376,"Henry, Scott and Lopez",Fleet,Manufacturing,Marisaside,Sweden,2023-05-19,1
20244740,106,4393,3,28,4,1,20,4008.01,2735.9,1272.11,3965.38,4118.22,P0106,Filtration Product 106,Filtration,289,517,C04393,Burgess and Sons,OEM,Automotive,Alexanderside,Spain,2016-12-17,1
20258183,152,853,2,25,9,5,6,2600.81,2253.84,346.97,2653.82,2601.94,P0152,Cooling Systems Product 152,Cooling Systems,483,882,C00853,"Michael, Robertson and Valenzuela",Fleet,Manufacturing,East Amanda,Germany,2023-01-07,1
20224352,281,4671,9,66,6,3,1,1102.71,951.64,151.07,1125.7,1144.84,P0281,Fuel Systems Product 281,Fuel Systems,223,797,C04671,Benitez Inc,Distributor,Transportation,Fosterland,Italy,2020-04-08,1
20223108,429,3023,8,46,8,5,20,2867.8,1773.74,1094.06,2956.54,2802.42,P0429,Aftertreatment Product 429,Aftertreatment,463,540,C03023,Pineda-Stewart,Fleet,Automotive,Deborahton,Poland,2019-04-01,1
20241277,426,2974,8,115,5,1,7,4612.64,3224.25,1388.39,4757.46,4895.31,P0426,Turbochargers Product 426,Turbochargers,67,778,C02974,Anderson LLC,Distributor,Manufacturing,Lake Emilyland,Poland,2024-04-10,1
20231758,372,1876,8,3,5,2,14,2350.64,1767.78,582.86,2442.88,2256.36,P0372,Filtration Product 372,Filtration,256,741,C01876,"Maldonado, Jenkins and Wilkinson",Fleet,Manufacturing,Port Matthewtown,Poland,2021-05-27,1
20246584,329,3527,9,93,1,1,1,897.08,725.49,171.59,936.64,908.68,P0329,Turbochargers Product 329,Turbochargers,261,982,C03527,Moore-Boone,OEM,Transportation,New Nicholas,France,2019-10-22,1
20245823,67,1957,4,10,1,4,11,2147.75,1762.05,385.7,2071.08,2316.09,P0067,Turbochargers Product 67,Turbochargers,160,257,C01957,Myers-Pugh,OEM,Automotive,Gracechester,Belgium,2016-10-20,1
20255144,255,138,1,99,6,5,19,2917.2,1930.92,986.28,2776.13,2841.13,P0255,Cooling Systems Product 255,Cooling Systems,66,596,C00138,Warren-Powell,Distributor,Transportation,North Mindyshire,France,2020-05-30,1
20249087,426,3497,1,79,1,2,1,456.33,302.01,154.32,441.78,452.74,P0426,Turbochargers Product 426,Turbochargers,67,778,C03497,Myers-Sosa,Fleet,Automotive,South Christopher,Spain,2017-01-05,1
20249057,259,2013,9,102,1,5,13,701.06,454.63,246.43,723.07,750.44,P0259,Turbochargers Product 259,Turbochargers,420,350,C02013,Dunn-Thompson,OEM,Automotive,Gonzaleztown,Germany,2021-02-07,1
20251779,19,4094,7,89,8,3,7,1653.98,1348.95,305.03,1708.95,1577.47,P0019,Filtration Product 19,Filtration,481,705,C04094,King Ltd,Distributor,Automotive,Davidshire,Belgium,2024-08-17,1
20248448,275,4893,8,11,7,4,11,551.18,473.07,78.11,546.43,528.21,P0275,Electronics Product 275,Electronics,69,802,C04893,Miller Ltd,Fleet,Manufacturing,Smithtown,Spain,2016-11-12,1
20245120,392,1759,6,7,3,5,12,2969.05,1821.31,1147.74,2897.48,3041.07,P0392,Turbochargers Product 392,Turbochargers,136,802,C01759,Williams-Myers,Fleet,Transportation,Williamberg,Germany,2024-09-02,1
20239558,450,2743,10,47,9,3,7,1608.34,1316.79,291.55,1613.76,1740.69,P0450,Sensors Product 450,Sensors,333,866,C02743,Rodriguez-Farrell,OEM,Manufacturing,New Thomas,France,2024-11-03,1
20245919,64,753,9,45,5,5,4,2872.88,2525.48,347.4,2946.03,2833.72,P0064,Cooling Systems Product 64,Cooling Systems,430,732,C00753,Glover-Pineda,Fleet,Transportation,West Reneeshire,Netherlands,2021-12-04,1
20234983,257,245,9,77,6,1,7,4515.77,3047.62,1468.15,4651.1,4546.7,P0257,Aftertreatment Product 257,Aftertreatment,264,443,C00245,"Phillips, Torres and Rodriguez",OEM,Transportation,Lake Glen,Italy,2017-04-19,1
20246715,280,4823,7,44,3,3,16,3123.12,2399.69,723.43,3072.43,3157.44,P0280,Filtration Product 280,Filtration,159,364,C04823,Johnson-Mccoy,OEM,Transportation,Williamsshire,Netherlands,2021-11-03,1
20221607,460,1767,4,37,8,2,5,3849.38,2640.39,1208.99,3806.47,3787.35,P0460,Cooling Systems Product 460,Cooling Systems,158,883,C01767,Chavez-Smith,Fleet,Manufacturing,East Trevortown,Netherlands,2025-09-17,1
20225182,305,800,3,76,9,3,15,552.6,334.53,218.07,557.72,554.42,P0305,Turbochargers Product 305,Turbochargers,461,501,C00800,Hanson-Williams,Fleet,Manufacturing,Glennmouth,Poland,2023-03-27,1
20234696,328,4567,6,3,9,2,10,1350.19,1014.49,335.7,1349.03,1382.69,P0328,Aftertreatment Product 328,Aftertreatment,344,838,C04567,"Hernandez, Graves and Young",OEM,Automotive,Sarahbury,Poland,2021-02-19,1
20230744,261,2964,2,100,7,2,4,2149.34,1368.27,781.07,2164.32,2312.38,P0261,Turbochargers Product 261,Turbochargers,231,310,C02964,Marsh and Sons,Distributor,Transportation,Duartemouth,Spain,2022-10-04,1
20255206,383,4600,4,81,9,4,14,2316.58,1514.79,801.79,2357.77,2331.5,P0383,Electronics Product 383,Electronics,446,491,C04600,Rosario LLC,Fleet,Manufacturing,Spencershire,Spain,2022-10-27,1
20244805,218,4203,9,7,2,5,3,1244.63,1033.83,210.8,1218.56,1332.89,P0218,Fuel Systems Product 218,Fuel Systems,416,430,C04203,"Dixon, Carlson and Harris",Fleet,Transportation,West Markton,Italy,2025-09-01,1
20245131,459,723,1,90,2,1,20,3163.43,2141.85,1021.58,3275.46,3312.67,P0459,Filtration Product 459,Filtration,230,102,C00723,"Hall, Bennett and Burch",Distributor,Transportation,Johnsonstad,Spain,2024-09-06,1
20240999,411,664,1,95,5,2,4,4152.68,3171.96,980.72,4230.68,4142.14,P0411,Turbochargers Product 411,Turbochargers,451,439,C00664,"Vincent, Giles and Finley",Distributor,Manufacturing,Danashire,Austria,2020-12-25,1
20246058,282,714,6,27,6,2,10,4770.85,4124.37,646.48,4700.33,5078.46,P0282,Sensors Product 282,Sensors,228,207,C00714,Mcneil PLC,OEM,Manufacturing,West Nancytown,Germany,2020-09-09,1
20259947,375,2799,4,115,2,3,14,2520.21,2105.75,414.46,2614.16,2611.47,P0375,Electronics Product 375,Electronics,53,145,C02799,"Mcdonald, Caldwell and Fowler",OEM,Automotive,Fisherfurt,Germany,2020-08-15,1
20242107,140,615,6,26,2,3,7,731.5,577.91,153.59,756.84,724.02,P0140,Filtration Product 140,Filtration,197,391,C00615,Velasquez-Hawkins,Fleet,Manufacturing,Walshhaven,Netherlands,2024-02-23,1
20252463,271,1723,9,24,4,1,20,4230.46,3429.28,801.18,4334.5,4417.58,P0271,Turbochargers Product 271,Turbochargers,236,400,C01723,"Miller, Collins and Smith",OEM,Transportation,West William,Austria,2018-10-08,1
20243912,499,4711,2,56,4,3,15,3225.08,2511.43,713.65,3310.94,3205.83,P0499,Turbochargers Product 499,Turbochargers,82,373,C04711,Gibson-Johnson,Distributor,Manufacturing,Anthonyton,Italy,2016-09-09,1
20223928,159,2039,5,22,9,2,15,770.67,644.48,126.19,788.05,840.97,P0159,Filtration Product 159,Filtration,180,372,C02039,Sharp and Sons,Distributor,Transportation,Port Howardville,Germany,2019-09-28,1
20258538,34,4969,4,51,4,3,3,3875.32,2352.21,1523.11,3932.27,3816.11,P0034,Fuel Systems Product 34,Fuel Systems,67,719,C04969,Case-Solis,Fleet,Transportation,Port Jeffreymouth,Italy,2020-11-05,1
20253709,138,1553,6,79,4,5,4,2586.09,2289.98,296.11,2568.91,2827.9,P0138,Filtration Product 138,Filtration,450,603,C01553,Frazier-Trevino,OEM,Transportation,South Daniel,Italy,2026-02-12,1
20244031,460,135,9,33,4,4,9,3641.07,2238.05,1403.02,3461.22,3481.14,P0460,Cooling Systems Product 460,Cooling Systems,158,883,C00135,Norton and Sons,OEM,Manufacturing,Karenhaven,Sweden,2023-04-27,1
20222740,232,2679,10,48,7,2,14,1612.41,1162.89,449.52,1613.37,1560.14,P0232,Aftertreatment Product 232,Aftertreatment,485,876,C02679,"Perkins, Hill and Weaver",Fleet,Automotive,South Scottland,Italy,2023-03-09,1
20244114,169,591,3,84,6,5,7,662.05,548.61,113.44,642.4,663.85,P0169,Turbochargers Product 169,Turbochargers,442,635,C00591,"Wilson, White and Mayer",Distributor,Transportation,Thomasview,Netherlands,2025-12-02,1
20230091,393,2292,8,46,9,1,12,1229.05,1015.05,214.0,1199.35,1225.27,P0393,Cooling Systems Product 393,Cooling Systems,344,957,C02292,Freeman Inc,Distributor,Transportation,Port Jasminehaven,Italy,2023-08-04,1
20246682,16,3536,9,32,3,2,11,2275.37,1818.33,457.04,2321.41,2483.17,P0016,Turbochargers Product 16,Turbochargers,269,629,C03536,Thomas and Sons,Distributor,Manufacturing,Beasleymouth,Germany,2017-05-04,1
20252479,162,832,2,101,6,2,17,4266.65,3561.77,704.88,4312.2,4102.77,P0162,Sensors Product 162,Sensors,284,405,C00832,Simon-Watson,OEM,Manufacturing,Perkinstown,France,2018-01-20,1
20224181,304,210,9,110,4,2,8,4384.26,3602.73,781.53,4302.37,4550.11,P0304,Turbochargers Product 304,Turbochargers,379,394,C00210,Frank LLC,Fleet,Manufacturing,Lauramouth,Germany,2021-07-11,1
20258592,95,930,4,117,2,1,4,2415.06,1487.05,928.01,2296.94,2561.97,P0095,Aftertreatment Product 95,Aftertreatment,466,868,C00930,"Nelson, Frederick and Davenport",Fleet,Transportation,Lake Abigail,Poland,2017-02-14,1
20239104,324,4158,9,72,3,3,10,503.29,375.54,127.75,519.19,538.18,P0324,Fuel Systems Product 324,Fuel Systems,310,610,C04158,Wallace-Stewart,Fleet,Transportation,Tuckerborough,Poland,2025-08-14,1
20247445,242,1864,10,45,2,2,4,3171.41,2122.93,1048.48,3121.64,3174.63,P0242,Aftertreatment Product 242,Aftertreatment,231,167,C01864,Harris Inc,Fleet,Manufacturing,South Kevinview,Austria,2026-03-26,1
20241942,107,2914,5,34,10,4,8,1078.53,757.43,321.1,1091.92,1130.26,P0107,Filtration Product 107,Filtration,112,196,C02914,"Velez, Watson and Hayes",Distributor,Transportation,East Matthewtown,Belgium,2020-08-04,1
20250807,238,1175,1,10,1,5,18,3711.66,2548.21,1163.45,3531.36,3786.46,P0238,Cooling Systems Product 238,Cooling Systems,440,655,C01175,Becker Group,Distributor,Automotive,Port Carlostown,Germany,2021-07-13,1
20232392,441,1448,6,15,10,5,18,329.66,221.0,108.66,344.46,319.7,P0441,Electronics Product 441,Electronics,161,670,C01448,"Miller, Griffith and Moss",Distributor,Manufacturing,East Robert,Poland,2023-07-07,1
20259027,307,4311,6,75,3,1,1,1259.53,1079.72,179.81,1251.0,1377.69,P0307,Fuel Systems Product 307,Fuel Systems,324,670,C04311,Ray PLC,OEM,Automotive,New Jennifer,Belgium,2021-03-12,1
20243627,478,901,4,120,7,5,17,132.82,116.93,15.89,126.26,131.34,P0478,Filtration Product 478,Filtration,181,926,C00901,Hardy-Lambert,Distributor,Manufacturing,Angelafort,Poland,2025-05-19,1
20249808,437,1252,2,35,5,2,13,1244.74,984.63,260.11,1214.8,1188.32,P0437,Turbochargers Product 437,Turbochargers,415,793,C01252,Meyer-Butler,OEM,Automotive,Blevinsport,Austria,2018-08-21,1
20225128,448,167,4,8,8,4,8,2450.23,1659.2,791.03,2535.09,2416.56,P0448,Cooling Systems Product 448,Cooling Systems,64,439,C00167,Dodson-Davis,OEM,Automotive,Villegasmouth,Spain,2025-12-24,1
20259075,92,570,5,111,1,2,5,2319.81,1738.45,581.36,2302.13,2435.14,P0092,Electronics Product 92,Electronics,297,337,C00570,Proctor and Sons,Distributor,Automotive,East William,Poland,2023-10-28,1
20223422,322,3349,7,1,3,1,18,2567.22,1718.75,848.47,2503.91,2574.33,P0322,Fuel Systems Product 322,Fuel Systems,145,993,C03349,Bradley-Castaneda,Fleet,Automotive,Port Marychester,Germany,2021-12-12,1
20251935,454,150,10,109,8,4,9,3296.36,2364.75,931.61,3162.44,3490.73,P0454,Cooling Systems Product 454,Cooling Systems,141,632,C00150,"Taylor, Kaiser and Jones",Distributor,Transportation,East Jeffreyfort,Germany,2020-10-01,1
20225678,366,3252,9,61,9,4,16,3709.24,3256.83,452.41,3682.0,4018.06,P0366,Sensors Product 366,Sensors,359,401,C03252,Leonard PLC,OEM,Manufacturing,Lake Nathanmouth,Austria,2020-11-21,1
20259110,391,4570,9,27,4,3,20,3496.5,2778.95,717.55,3647.54,3466.96,P0391,Sensors Product 391,Sensors,448,870,C04570,"Curry, Hawkins and Mcintosh",Distributor,Transportation,Smithport,Spain,2026-02-25,1
20257284,241,4477,9,114,5,3,6,1592.65,1178.59,414.06,1589.16,1542.42,P0241,Sensors Product 241,Sensors,348,470,C04477,Bush Inc,Distributor,Transportation,Bradleyville,Netherlands,2019-12-22,1
20228552,473,4668,8,9,7,3,18,4343.68,2809.93,1533.75,4547.1,4490.3,P0473,Aftertreatment Product 473,Aftertreatment,413,797,C04668,Green-Costa,Fleet,Automotive,Port Dana,Austria,2024-09-14,1
20236522,487,681,2,105,5,5,13,3566.89,2222.18,1344.71,3609.55,3748.16,P0487,Turbochargers Product 487,Turbochargers,77,981,C00681,Jackson Inc,Distributor,Transportation,Thomasbury,Sweden,2016-08-10,1
20239142,321,196,3,117,4,5,3,206.5,158.38,48.12,204.91,199.72,P0321,Cooling Systems Product 321,Cooling Systems,340,488,C00196,"Thomas, Frank and Davis",Distributor,Automotive,Adrianton,Poland,2022-01-27,1
20251728,407,1873,1,55,10,2,10,441.7,288.3,153.4,450.14,430.36,P0407,Aftertreatment Product 407,Aftertreatment,268,118,C01873,Daniels-Henry,Fleet,Automotive,Timothyport,Poland,2023-12-28,1
20246309,408,4971,4,32,3,5,5,723.54,611.66,111.88,701.17,741.27,P0408,Aftertreatment Product 408,Aftertreatment,476,366,C04971,Davis-Hill,Fleet,Manufacturing,Suarezmouth,Belgium,2018-06-22,1
20224587,452,3309,9,41,7,1,3,3967.03,3376.0,591.03,3952.58,4273.51,P0452,Aftertreatment Product 452,Aftertreatment,397,753,C03309,"Livingston, Harvey and Salinas",Fleet,Transportation,Gregorymouth,Sweden,2018-03-10,1
20233157,147,3983,5,80,9,3,8,390.51,257.14,133.37,381.37,374.45,P0147,Sensors Product 147,Sensors,54,359,C03983,Bennett-Williams,Distributor,Manufacturing,Phillipfort,Belgium,2017-12-11,1
20251565,269,90,9,43,4,3,5,3934.86,3116.26,818.6,4130.31,3916.97,P0269,Filtration Product 269,Filtration,473,207,C00090,Brown Ltd,Distributor,Manufacturing,Rosschester,Belgium,2021-08-22,1
20260913,462,4460,6,31,5,2,12,1755.45,1147.69,607.76,1695.59,1880.38,P0462,Aftertreatment Product 462,Aftertreatment,254,132,C04460,Thomas Inc,OEM,Automotive,Cindyton,Germany,2017-12-09,1
20228801,72,3312,4,77,9,2,11,4717.15,2951.21,1765.94,4547.03,4844.65,P0072,Filtration Product 72,Filtration,99,254,C03312,Hernandez-Christian,Distributor,Automotive,Mikefurt,Italy,2021-03-13,1
20254422,18,635,4,39,4,1,19,4037.24,3404.12,633.12,3982.53,4289.22,P0018,Electronics Product 18,Electronics,486,482,C00635,Spencer LLC,OEM,Transportation,Williamsstad,Netherlands,2018-05-15,1
20224218,4,1899,2,120,10,3,5,3433.99,2976.65,457.34,3497.47,3470.38,P0004,Fuel Systems Product 4,Fuel Systems,284,750,C01899,"Shah, Lopez and Griffin",OEM,Automotive,Zhangside,Belgium,2017-01-04,1
20223555,171,1710,4,14,9,2,16,515.4,344.92,170.48,514.01,507.11,P0171,Cooling Systems Product 171,Cooling Systems,353,541,C01710,Patton and Sons,OEM,Transportation,Port Nicoleview,Germany,2018-02-12,1
20223763,129,3515,6,79,4,3,3,2551.1,1956.27,594.83,2463.62,2612.41,P0129,Cooling Systems Product 129,Cooling Systems,371,337,C03515,Brown PLC,Fleet,Transportation,Brownmouth,Netherlands,2022-08-13,1
20232171,426,961,8,93,3,5,3,1293.98,915.11,378.87,1231.31,1357.14,P0426,Turbochargers Product 426,Turbochargers,67,778,C00961,"Romero, Jenkins and Morrison",OEM,Transportation,South Michaelmouth,Italy,2019-11-14,1
20228223,298,2725,3,76,4,5,4,3906.3,3331.04,575.26,3765.99,4001.3,P0298,Sensors Product 298,Sensors,292,933,C02725,Carlson-Cooper,OEM,Automotive,Hodgemouth,Italy,2023-06-02,1
20241478,391,4829,4,108,10,3,16,3149.11,2558.98,590.13,3222.72,3307.62,P0391,Sensors Product 391,Sensors,448,870,C04829,Hill-Cummings,Fleet,Transportation,East Johnbury,Sweden,2017-08-01,1
20230062,471,339,6,41,4,2,19,1677.59,1323.99,353.6,1720.88,1622.83,P0471,Sensors Product 471,Sensors,496,390,C00339,"Hill, Bray and Horne",Distributor,Manufacturing,Wilkinsonchester,Belgium,2017-04-01,1
20256134,349,2831,9,63,4,1,19,2319.19,2036.5,282.69,2223.37,2208.17,P0349,Sensors Product 349,Sensors,433,706,C02831,Rodriguez Group,OEM,Automotive,Port Christopherfurt,Sweden,2019-08-29,1
20247285,171,4082,10,15,1,5,3,4833.74,3511.04,1322.7,4861.14,5139.95,P0171,Cooling Systems Product 171,Cooling Systems,353,541,C04082,"Dillon, Lucas and Rivera",OEM,Transportation,Ericmouth,Netherlands,2025-12-27,1
20230344,82,1724,1,76,6,4,17,4361.49,3063.68,1297.81,4177.51,4220.68,P0082,Sensors Product 82,Sensors,452,363,C01724,Mendoza-Anderson,Distributor,Manufacturing,Brittanystad,Austria,2020-12-18,1
20220993,3,3412,7,60,3,1,19,4695.35,4021.55,673.8,4870.89,4618.0,P0003,Aftertreatment Product 3,Aftertreatment,441,811,C03412,Crosby-Moore,Distributor,Transportation,West Ericahaven,Belgium,2025-04-20,1
20223662,138,4607,3,89,7,1,7,3737.56,3200.38,537.18,3735.59,3565.5,P0138,Filtration Product 138,Filtration,450,603,C04607,Olson Group,Fleet,Manufacturing,Lake Stephanieside,France,2018-02-27,1
20257012,167,1575,7,51,7,4,3,4172.64,2743.93,1428.71,4235.37,4438.06,P0167,Fuel Systems Product 167,Fuel Systems,235,341,C01575,"Perkins, Gomez and Hawkins",OEM,Transportation,South Heather,Belgium,2020-09-28,1
20224079,414,1735,9,103,7,5,4,3073.42,2378.22,695.2,3123.66,3315.64,P0414,Sensors Product 414,Sensors,165,177,C01735,"Newman, Hanson and Clark",Fleet,Automotive,Lake Robert,France,2025-05-09,1
20231223,143,2351,5,31,10,2,13,2014.63,1225.7,788.93,1982.36,1948.67,P0143,Sensors Product 143,Sensors,313,410,C02351,"Garcia, Sullivan and Hunter",Distributor,Manufacturing,Mccarthyfurt,Germany,2020-05-21,1
20220593,157,2701,7,40,7,1,16,400.49,321.42,79.07,381.95,423.4,P0157,Sensors Product 157,Sensors,259,276,C02701,Clark and Sons,Distributor,Manufacturing,West Terri,Belgium,2021-07-11,1
20232506,56,937,4,89,6,5,14,4185.36,3288.24,897.12,4148.91,4216.14,P0056,Electronics Product 56,Electronics,160,902,C00937,"Murphy, Small and Porter",Fleet,Transportation,Jonesmouth,Sweden,2020-01-17,1
20252334,420,1861,1,43,2,3,2,4113.13,3315.08,798.05,4290.1,4501.23,P0420,Fuel Systems Product 420,Fuel Systems,251,703,C01861,"Thompson, Collins and Fisher",Fleet,Manufacturing,South Zacharyview,Poland,2018-10-13,1
20238230,50,3588,8,42,4,4,14,4388.76,3503.45,885.31,4275.62,4687.95,P0050,Filtration Product 50,Filtration,178,770,C03588,"Norris, Sanchez and Richards",OEM,Automotive,New Austin,Spain,2021-03-23,1
20228325,378,1357,3,114,8,5,15,465.23,289.72,175.51,482.86,478.68,P0378,Filtration Product 378,Filtration,146,244,C01357,Underwood and Sons,Distributor,Automotive,Alyssamouth,Austria,2016-10-16,1
20232358,84,2834,10,70,2,1,8,3018.49,2082.26,936.23,3146.65,2896.44,P0084,Cooling Systems Product 84,Cooling Systems,69,892,C02834,Mitchell LLC,Fleet,Automotive,New Heather,France,2018-09-17,1
20236091,374,4917,5,67,4,1,4,104.19,63.59,40.6,106.58,112.7,P0374,Fuel Systems Product 374,Fuel Systems,138,940,C04917,Lynn LLC,Distributor,Transportation,Skinnershire,Germany,2019-04-24,1
20250515,160,1209,3,20,3,4,4,2753.36,1771.02,982.34,2834.53,2943.47,P0160,Turbochargers Product 160,Turbochargers,251,984,C01209,Jones-Greer,Distributor,Transportation,Rachelside,Poland,2024-02-13,1
20229912,139,3716,3,12,7,4,10,809.06,727.44,81.62,845.36,840.82,P0139,Filtration Product 139,Filtration,167,1000,C03716,Decker Group,Fleet,Transportation,Lake Erin,Spain,2026-02-18,1
20253531,431,1189,2,43,2,4,15,2562.0,1975.27,586.73,2599.73,2647.62,P0431,Fuel Systems Product 431,Fuel Systems,367,503,C01189,Braun-Burton,OEM,Manufacturing,New Carl,Poland,2026-06-22,1
20258734,277,4625,6,35,2,5,19,1985.33,1605.55,379.78,1904.56,1999.75,P0277,Filtration Product 277,Filtration,372,298,C04625,Williams-Rogers,Fleet,Transportation,Lake Samuel,Netherlands,2018-11-30,1
20234912,178,2907,8,62,8,5,5,4450.27,3276.24,1174.03,4360.16,4390.59,P0178,Cooling Systems Product 178,Cooling Systems,363,448,C02907,Berg Group,OEM,Transportation,Samanthahaven,Sweden,2020-07-28,1
20249727,373,65,10,69,1,2,20,3300.81,2089.84,1210.97,3295.71,3542.05,P0373,Aftertreatment Product 373,Aftertreatment,170,200,C00065,Adams PLC,Fleet,Automotive,South Garyfurt,Netherlands,2017-12-20,1
20243108,412,224,6,16,3,5,15,4546.79,3331.25,1215.54,4672.89,5001.09,P0412,Sensors Product 412,Sensors,472,328,C00224,Garcia-Mathews,Fleet,Manufacturing,South Michaelstad,Italy,2024-05-09,1
20247817,162,1338,9,60,1,1,8,3647.61,3066.99,580.62,3470.3,4009.72,P0162,Sensors Product 162,Sensors,284,405,C01338,"Berry, Brown and Taylor",Distributor,Manufacturing,Nicolestad,Poland,2025-02-27,1
20243312,183,3964,4,59,10,3,5,4093.22,2755.87,1337.35,3960.19,4082.69,P0183,Fuel Systems Product 183,Fuel Systems,382,919,C03964,Harrell-Beck,Fleet,Transportation,Port Jeffery,Austria,2018-07-27,1
20254653,440,1100,9,48,9,1,13,869.49,582.21,287.28,839.35,949.35,P0440,Sensors Product 440,Sensors,382,762,C01100,"Smith, Brewer and Hopkins",OEM,Manufacturing,Latashaton,Belgium,2019-08-18,1
20220467,491,991,5,19,4,4,1,1924.33,1422.01,502.32,1940.24,1975.37,P0491,Filtration Product 491,Filtration,377,254,C00991,Martin-West,Fleet,Automotive,Lake James,Germany,2021-04-10,1
20240741,173,4840,7,48,2,4,6,4220.71,2688.39,1532.32,4265.95,4199.27,P0173,Fuel Systems Product 173,Fuel Systems,358,422,C04840,"Simpson, Schaefer and Harrison",OEM,Automotive,North Corey,Germany,2022-09-26,1
20239361,160,3049,9,102,5,5,7,286.78,234.19,52.59,279.24,289.96,P0160,Turbochargers Product 160,Turbochargers,251,984,C03049,"Jones, Ewing and Ochoa",Fleet,Automotive,Robinberg,Sweden,2025-05-17,1
20255798,100,3693,9,48,9,2,18,742.71,620.43,122.28,709.71,816.9,P0100,Cooling Systems Product 100,Cooling Systems,266,465,C03693,"Marshall, Liu and Moore",Fleet,Transportation,Port Michelleland,Belgium,2019-06-13,1
20220333,58,271,6,99,8,3,17,4546.17,3284.93,1261.24,4335.18,4951.28,P0058,Sensors Product 58,Sensors,250,741,C00271,Parrish LLC,Distributor,Automotive,East Nicholasside,Spain,2024-07-26,1
20223824,305,454,6,73,1,3,4,1972.27,1748.54,223.73,1992.34,2001.29,P0305,Turbochargers Product 305,Turbochargers,461,501,C00454,Willis and Sons,OEM,Transportation,New David,Sweden,2025-04-17,1
20221806,9,2713,8,8,3,3,4,3242.62,2576.35,666.27,3402.26,3494.43,P0009,Sensors Product 9,Sensors,489,328,C02713,"Rangel, Murphy and Haas",OEM,Transportation,Goodwinmouth,Sweden,2018-02-23,1
20235703,288,1554,9,71,10,3,6,3301.72,2502.76,798.96,3247.03,3364.38,P0288,Sensors Product 288,Sensors,78,583,C01554,"Nunez, Riggs and Roman",OEM,Transportation,Williamberg,Belgium,2023-06-11,1
20229112,98,4925,6,18,8,2,7,4731.66,3543.98,1187.68,4589.1,4816.46,P0098,Filtration Product 98,Filtration,94,362,C04925,"Rosales, Bishop and Burns",Fleet,Manufacturing,Davidshire,Netherlands,2026-06-23,1
20250593,215,4997,4,79,10,5,8,4878.71,3344.18,1534.53,4686.24,5183.43,P0215,Filtration Product 215,Filtration,442,307,C04997,"Steele, Murphy and Adkins",Distributor,Manufacturing,Burtonshire,Poland,2018-03-05,1
20256275,24,3068,2,26,4,5,13,4239.95,3003.01,1236.94,4223.24,4562.57,P0024,Aftertreatment Product 24,Aftertreatment,382,526,C03068,Barry PLC,OEM,Automotive,Lake Emmaland,Spain,2023-07-04,1
20240018,416,4202,6,37,3,4,6,4782.82,4164.41,618.41,4656.07,4985.51,P0416,Electronics Product 416,Electronics,125,422,C04202,"Sullivan, Moore and Ross",OEM,Transportation,Phillipshire,Austria,2024-12-10,1
20227397,434,2617,7,22,10,3,6,1630.49,1109.75,520.74,1634.85,1718.06,P0434,Sensors Product 434,Sensors,70,783,C02617,"Jones, Smith and Tran",Distributor,Transportation,North Feliciaberg,Italy,2019-05-18,1
20254922,259,2006,8,22,10,5,20,4065.42,3630.66,434.76,3905.03,4026.75,P0259,Turbochargers Product 259,Turbochargers,420,350,C02006,Wilson PLC,Fleet,Automotive,New David,Poland,2024-11-28,1
20226537,24,1435,2,91,2,1,10,1495.05,1272.28,222.77,1543.08,1633.71,P0024,Aftertreatment Product 24,Aftertreatment,382,526,C01435,Beard LLC,Fleet,Manufacturing,Lake Felicia,France,2018-10-24,1
20236478,204,4807,3,86,6,2,17,3570.19,2538.49,1031.7,3578.29,3448.62,P0204,Filtration Product 204,Filtration,430,301,C04807,Little LLC,OEM,Automotive,Troymouth,Austria,2022-03-10,1
20255897,233,263,1,89,4,5,1,3673.4,3053.75,619.65,3731.31,3957.74,P0233,Fuel Systems Product 233,Fuel Systems,158,136,C00263,Harris-Kelley,OEM,Manufacturing,East Leslie,Spain,2017-05-02,1
20254844,460,1952,9,13,7,2,4,2757.8,1890.29,867.51,2653.56,2672.29,P0460,Cooling Systems Product 460,Cooling Systems,158,883,C01952,"Miller, Koch and Mitchell",OEM,Transportation,Nicholeport,Austria,2016-11-12,1
20221507,76,4074,10,86,5,4,15,2601.22,1566.71,1034.51,2525.92,2826.48,P0076,Aftertreatment Product 76,Aftertreatment,498,375,C04074,Davis Inc,OEM,Automotive,North Staceyview,Netherlands,2020-04-09,1
20241893,295,3767,6,76,5,5,3,2876.7,2439.88,436.82,2911.6,3139.0,P0295,Sensors Product 295,Sensors,177,878,C03767,Gonzalez-English,Distributor,Transportation,South Mauricemouth,Germany,2023-06-30,1
20246583,337,1370,4,74,2,5,12,4435.9,3437.03,998.87,4418.02,4611.94,P0337,Fuel Systems Product 337,Fuel Systems,309,846,C01370,Wright-Wallace,Fleet,Manufacturing,North Timothyport,Netherlands,2025-07-25,1
20255642,244,1370,5,58,9,5,16,2939.33,2446.65,492.68,2977.22,2830.12,P0244,Fuel Systems Product 244,Fuel Systems,364,551,C01370,Wright-Wallace,Fleet,Manufacturing,North Timothyport,Netherlands,2025-07-25,1
20236110,393,909,2,87,8,5,20,1021.01,809.26,211.75,993.55,1076.34,P0393,Cooling Systems Product 393,Cooling Systems,344,957,C00909,Kelly-Chapman,Fleet,Manufacturing,Isabeltown,Netherlands,2017-04-28,1
20245380,245,2037,4,13,8,5,6,1623.48,1077.27,546.21,1561.07,1784.8,P0245,Sensors Product 245,Sensors,412,637,C02037,Adkins Ltd,Distributor,Automotive,Davisstad,Austria,2019-03-21,1
20223039,156,1613,3,19,4,3,8,835.1,648.58,186.52,875.4,896.61,P0156,Sensors Product 156,Sensors,455,484,C01613,Patrick Ltd,OEM,Automotive,Evansville,Poland,2017-11-01,1
20235591,468,4740,1,55,6,4,8,2105.79,1616.18,489.61,2168.45,2034.52,P0468,Cooling Systems Product 468,Cooling Systems,63,181,C04740,Davis and Sons,OEM,Automotive,Harmonmouth,Spain,2017-02-26,1
20226594,291,3244,6,99,8,3,9,295.04,251.64,43.4,281.52,295.42,P0291,Cooling Systems Product 291,Cooling Systems,130,620,C03244,Howard-Torres,Fleet,Manufacturing,Robertmouth,Germany,2018-11-23,1
20240982,232,4072,6,46,7,5,13,1270.03,966.17,303.86,1332.68,1333.04,P0232,Aftertreatment Product 232,Aftertreatment,485,876,C04072,Sanchez Group,Distributor,Manufacturing,Valerieland,Netherlands,2021-08-03,1
20238205,474,975,8,107,3,2,12,255.96,189.52,66.44,250.9,244.34,P0474,Fuel Systems Product 474,Fuel Systems,91,178,C00975,Goodwin-White,Distributor,Transportation,North Noah,Belgium,2021-10-23,1
20260775,47,3121,7,102,7,3,4,1745.68,1301.65,444.03,1765.86,1678.04,P0047,Aftertreatment Product 47,Aftertreatment,487,629,C03121,"Evans, Buck and Lane",Fleet,Transportation,Edwardsmouth,France,2019-12-31,1
20223379,217,79,10,9,3,1,6,3169.48,2244.4,925.08,3150.52,3417.71,P0217,Turbochargers Product 217,Turbochargers,436,835,C00079,"Ellis, Smith and Wood",Distributor,Transportation,East Beth,Austria,2022-10-28,1
20258042,59,2674,7,100,4,5,14,649.62,475.88,173.74,678.61,706.65,P0059,Sensors Product 59,Sensors,456,535,C02674,Peterson-West,OEM,Transportation,Lopezchester,Sweden,2024-09-07,1
20220908,317,2601,8,32,8,4,20,1267.59,886.5,381.09,1303.07,1242.96,P0317,Cooling Systems Product 317,Cooling Systems,303,365,C02601,Buckley Ltd,OEM,Manufacturing,Sarahview,Spain,2025-10-16,1
20246159,238,637,8,46,9,1,9,2849.8,1760.2,1089.6,2708.44,3129.83,P0238,Cooling Systems Product 238,Cooling Systems,440,655,C00637,"Pitts, Vega and Harris",Fleet,Transportation,Kerrtown,Austria,2021-06-28,1
20228304,420,2652,3,98,7,2,16,1366.22,1086.67,279.55,1338.99,1334.91,P0420,Fuel Systems Product 420,Fuel Systems,251,703,C02652,"Woods, Wilkerson and Fry",Fleet,Automotive,Deniseshire,Sweden,2020-01-13,1
20222405,88,2207,8,25,6,3,17,1439.53,1059.63,379.9,1386.94,1555.09,P0088,Filtration Product 88,Filtration,423,129,C02207,Hester Group,Distributor,Manufacturing,Jamesport,Spain,2020-09-11,1
20246618,397,2071,6,97,5,4,18,3239.57,2126.26,1113.31,3300.01,3142.99,P0397,Fuel Systems Product 397,Fuel Systems,173,384,C02071,"Sexton, Barry and Goodman",Distributor,Transportation,Lake Michele,Belgium,2018-08-31,1
20230259,345,2593,4,53,6,5,5,2193.67,1714.23,479.44,2142.15,2095.39,P0345,Electronics Product 345,Electronics,104,632,C02593,Yoder-Morrison,Distributor,Transportation,Mcclainbury,France,2022-06-09,1
20237412,214,1794,9,114,4,5,20,2656.05,2069.97,586.08,2523.73,2825.56,P0214,Cooling Systems Product 214,Cooling Systems,448,206,C01794,Taylor-Conway,Distributor,Transportation,Jasmineton,Austria,2017-10-20,1
20246987,33,1782,7,38,1,1,15,740.42,522.14,218.28,762.63,799.41,P0033,Sensors Product 33,Sensors,252,257,C01782,Henry PLC,OEM,Manufacturing,New Matthewstad,Sweden,2025-11-20,1
20238048,117,889,6,111,1,2,11,3173.55,2560.22,613.33,3220.17,3411.17,P0117,Filtration Product 117,Filtration,60,919,C00889,Wright-Spence,Distributor,Automotive,New Whitneyfurt,France,2022-04-22,1
20253087,40,2348,5,32,9,1,1,578.61,422.85,155.76,562.79,602.43,P0040,Electronics Product 40,Electronics,462,786,C02348,Brock and Sons,Fleet,Manufacturing,Taraview,France,2020-11-24,1
20243317,237,3341,6,92,1,4,10,2695.58,2299.76,395.82,2718.25,2702.36,P0237,Sensors Product 237,Sensors,90,902,C03341,"Garcia, Burgess and Hancock",OEM,Automotive,New Ashleyfurt,Belgium,2021-12-29,1
20223321,131,3930,2,60,3,1,11,1403.63,1229.98,173.65,1356.27,1365.26,P0131,Turbochargers Product 131,Turbochargers,475,212,C03930,"Herrera, Robinson and Hayes",OEM,Automotive,Lake Donna,Netherlands,2022-01-19,1
20260655,109,4654,8,10,6,1,7,1253.01,1096.73,156.28,1259.47,1282.73,P0109,Cooling Systems Product 109,Cooling Systems,251,702,C04654,Wallace Group,OEM,Automotive,Scotttown,Italy,2022-03-28,1
20231043,177,1373,3,108,8,2,13,352.66,294.41,58.25,338.75,375.31,P0177,Turbochargers Product 177,Turbochargers,253,190,C01373,Dean-Wise,Distributor,Transportation,New Michelle,Italy,2019-06-23,1
20220509,256,2393,8,7,4,3,6,2250.76,1562.71,688.05,2183.83,2151.09,P0256,Cooling Systems Product 256,Cooling Systems,331,546,C02393,Buckley-Myers,OEM,Transportation,Lake Garystad,Poland,2025-11-09,1
20245005,104,2074,3,110,6,4,11,909.37,691.2,218.17,951.51,885.33,P0104,Sensors Product 104,Sensors,395,283,C02074,"Branch, Dillon and Benton",OEM,Automotive,Chrisside,Netherlands,2024-12-12,1
20228819,82,1551,5,8,4,4,12,2753.98,2202.65,551.33,2653.82,2695.69,P0082,Sensors Product 82,Sensors,452,363,C01551,Franklin-Rodriguez,Distributor,Manufacturing,West Beth,Sweden,2022-06-17,1
20252806,106,4288,5,10,7,3,16,3300.26,2949.83,350.43,3152.08,3300.14,P0106,Filtration Product 106,Filtration,289,517,C04288,Martinez Group,Distributor,Automotive,Elizabethside,Spain,2026-02-18,1
20230523,237,2995,3,31,9,3,8,2469.86,1555.28,914.58,2394.81,2602.97,P0237,Sensors Product 237,Sensors,90,902,C02995,"Perez, Foley and Carter",OEM,Transportation,Colonfurt,Austria,2023-08-09,1
20231931,79,3108,2,113,4,5,10,2397.97,1698.92,699.05,2326.95,2411.92,P0079,Fuel Systems Product 79,Fuel Systems,182,426,C03108,Roberts-Bradley,OEM,Automotive,Davisbury,France,2019-02-05,1
20256695,291,4872,7,73,3,5,17,1261.25,859.41,401.84,1224.57,1305.82,P0291,Cooling Systems Product 291,Cooling Systems,130,620,C04872,"Jackson, Aguirre and Bartlett",Distributor,Transportation,New Cassandra,Italy,2024-06-21,1
20260554,109,3486,1,58,8,2,8,1135.62,738.51,397.11,1119.84,1204.72,P0109,Cooling Systems Product 109,Cooling Systems,251,702,C03486,Lozano-Ruiz,Fleet,Transportation,Ashleyborough,Germany,2021-01-25,1
20237738,126,2265,3,59,6,1,9,3546.24,2918.39,627.85,3417.36,3408.84,P0126,Cooling Systems Product 126,Cooling Systems,302,414,C02265,"Johnson, Gonzalez and Jackson",Fleet,Automotive,Sullivanland,Sweden,2022-11-29,1
20221659,21,3085,10,90,10,5,16,2290.37,2015.08,275.29,2280.88,2509.14,P0021,Turbochargers Product 21,Turbochargers,138,197,C03085,Long LLC,Fleet,Manufacturing,Harrisonfurt,Italy,2017-03-30,1
20243122,312,4590,5,47,7,3,6,3619.57,2202.31,1417.26,3536.91,3475.79,P0312,Fuel Systems Product 312,Fuel Systems,67,419,C04590,Mason-Maynard,OEM,Manufacturing,Lake Amy,Belgium,2023-05-12,1
20258268,481,3563,8,19,3,3,3,1146.76,747.1,399.66,1109.93,1111.36,P0481,Electronics Product 481,Electronics,85,133,C03563,"Morales, Bradley and West",OEM,Automotive,Hugheston,France,2017-09-14,1
20236608,405,2805,7,88,3,1,8,3252.92,2418.9,834.02,3219.35,3489.23,P0405,Cooling Systems Product 405,Cooling Systems,129,167,C02805,"Price, Smith and Rios",Fleet,Automotive,Matthewport,Belgium,2020-06-06,1
20246111,25,186,2,23,3,5,16,2075.81,1333.73,742.08,2109.58,2185.02,P0025,Cooling Systems Product 25,Cooling Systems,346,262,C00186,"Davis, Berry and Singh",Distributor,Automotive,Port Davidview,Italy,2019-02-11,1
20251115,331,2987,4,49,8,1,8,2865.89,2015.26,850.63,2919.43,3083.21,P0331,Cooling Systems Product 331,Cooling Systems,438,820,C02987,Morgan Group,Fleet,Manufacturing,Lake Christina,Poland,2021-11-30,1
20240750,416,4234,9,117,7,1,18,759.24,629.43,129.81,732.6,831.02,P0416,Electronics Product 416,Electronics,125,422,C04234,Lopez LLC,Fleet,Automotive,Carpenterside,Spain,2020-10-09,1
20232139,293,2507,6,99,10,5,2,613.8,451.19,162.61,600.76,660.35,P0293,Sensors Product 293,Sensors,124,541,C02507,"Summers, Hill and Ho",Distributor,Transportation,North Amandamouth,Germany,2026-02-01,1
20231049,486,4734,6,102,10,5,9,2243.75,1896.36,347.39,2169.61,2290.67,P0486,Cooling Systems Product 486,Cooling Systems,127,865,C04734,"Johnson, Marsh and Hensley",OEM,Automotive,Whiteville,Austria,2020-06-08,1
20242423,60,551,10,50,3,4,4,3276.58,2557.56,719.02,3172.35,3440.66,P0060,Cooling Systems Product 60,Cooling Systems,86,746,C00551,Cisneros-Green,Fleet,Automotive,North Jessica,Belgium,2022-07-19,1
20236498,113,3176,5,15,5,3,15,3464.82,2975.92,488.9,3483.51,3707.72,P0113,Sensors Product 113,Sensors,459,151,C03176,Jones PLC,Fleet,Transportation,New Joseph,Austria,2020-03-15,1
20252267,434,2297,2,116,9,3,2,1929.29,1228.99,700.3,1933.02,1989.89,P0434,Sensors Product 434,Sensors,70,783,C02297,Vasquez-Crawford,Fleet,Automotive,East Joanna,Sweden,2024-07-01,1
20258136,417,4430,2,71,7,5,13,4222.8,3611.01,611.79,4267.62,4619.63,P0417,Fuel Systems Product 417,Fuel Systems,346,907,C04430,Phillips Inc,OEM,Transportation,Elizabethbury,Netherlands,2024-06-14,1
20223773,82,1484,9,99,2,2,4,3221.81,2491.24,730.57,3287.97,3172.06,P0082,Sensors Product 82,Sensors,452,363,C01484,Bates-Maldonado,Fleet,Automotive,Dianachester,Belgium,2017-03-23,1
20255947,224,2068,7,47,8,3,17,1218.83,1065.28,153.55,1193.58,1280.74,P0224,Cooling Systems Product 224,Cooling Systems,385,175,C02068,Ramirez-Reyes,OEM,Manufacturing,North Aaronport,Poland,2022-06-19,1
20221998,485,2770,1,22,8,3,15,4855.86,3274.78,1581.08,4917.66,4903.44,P0485,Aftertreatment Product 485,Aftertreatment,458,554,C02770,Elliott-Snyder,Distributor,Transportation,Lake Priscilla,Austria,2025-03-16,1
20252573,314,3863,9,4,5,4,20,632.11,443.97,188.14,646.37,604.67,P0314,Sensors Product 314,Sensors,460,598,C03863,Harris-Bates,Distributor,Automotive,East Michaelhaven,Spain,2022-12-14,1
20254418,94,4434,9,21,4,4,20,2510.06,1863.4,646.66,2524.89,2594.96,P0094,Aftertreatment Product 94,Aftertreatment,214,964,C04434,Wade Ltd,Distributor,Automotive,East Tanyaton,Netherlands,2018-06-19,1
20220863,407,1857,8,42,6,5,5,400.58,334.34,66.24,385.49,397.03,P0407,Aftertreatment Product 407,Aftertreatment,268,118,C01857,"Jordan, Serrano and Gardner",OEM,Automotive,Matthewhaven,Austria,2025-10-07,1
20224734,343,4549,5,90,10,4,14,4262.98,3118.56,1144.42,4142.6,4585.66,P0343,Electronics Product 343,Electronics,477,488,C04549,"Merritt, Hill and Wolf",OEM,Automotive,Williamsport,Poland,2016-11-03,1
20242934,255,1889,3,91,1,3,18,2144.98,1361.43,783.55,2083.15,2167.23,P0255,Cooling Systems Product 255,Cooling Systems,66,596,C01889,"Gilbert, Simmons and Walton",Fleet,Manufacturing,Jamesstad,Poland,2022-01-26,1
20239231,182,4268,3,11,8,4,4,2154.44,1812.97,341.47,2086.53,2108.14,P0182,Aftertreatment Product 182,Aftertreatment,492,433,C04268,Case Inc,Fleet,Transportation,East Brianside,Sweden,2020-04-14,1
20255179,220,2191,1,49,1,5,7,1619.89,1100.82,519.07,1640.52,1611.56,P0220,Filtration Product 220,Filtration,401,447,C02191,Flores and Sons,OEM,Automotive,Melissamouth,Italy,2017-05-04,1
20229936,425,884,9,60,2,3,17,4998.67,3829.87,1168.8,5183.25,5382.21,P0425,Sensors Product 425,Sensors,236,818,C00884,"Gomez, Dunlap and Molina",OEM,Transportation,West Adammouth,Spain,2018-10-30,1
20241055,290,1184,2,25,1,3,6,1675.39,1402.79,272.6,1641.26,1791.07,P0290,Fuel Systems Product 290,Fuel Systems,374,318,C01184,Atkinson-Cruz,Fleet,Manufacturing,West Janetshire,Netherlands,2024-09-11,1
20238057,435,3531,5,15,8,5,16,510.62,333.17,177.45,508.97,487.85,P0435,Aftertreatment Product 435,Aftertreatment,175,492,C03531,"Lawson, Barton and Johnson",Distributor,Automotive,Port Natalie,Netherlands,2018-02-17,1
20223240,407,3767,1,33,4,4,17,270.55,210.37,60.18,278.81,266.42,P0407,Aftertreatment Product 407,Aftertreatment,268,118,C03767,Gonzalez-English,Distributor,Transportation,South Mauricemouth,Germany,2023-06-30,1
20250854,336,2897,4,97,10,3,6,1381.01,1109.96,271.05,1363.2,1443.75,P0336,Sensors Product 336,Sensors,121,848,C02897,Faulkner Inc,Fleet,Manufacturing,Adammouth,Poland,2019-09-27,1
20224474,411,456,7,98,3,4,16,1161.25,1019.9,141.35,1167.02,1222.15,P0411,Turbochargers Product 411,Turbochargers,451,439,C00456,Sellers-Hart,OEM,Manufacturing,South Meganville,Sweden,2019-01-20,1
20229512,322,4013,1,36,8,4,15,2141.89,1817.82,324.07,2103.19,2189.25,P0322,Fuel Systems Product 322,Fuel Systems,145,993,C04013,"Davis, Kane and Wagner",OEM,Transportation,Wilsonstad,Belgium,2018-09-11,1
20244395,439,3607,2,3,9,5,17,3370.72,2072.49,1298.23,3428.64,3318.5,P0439,Filtration Product 439,Filtration,399,853,C03607,Smith Ltd,OEM,Transportation,Juanmouth,Italy,2022-09-19,1
20234527,244,4008,6,118,4,4,18,579.39,370.81,208.58,591.3,619.49,P0244,Fuel Systems Product 244,Fuel Systems,364,551,C04008,"Cole, Roberson and Smith",Distributor,Automotive,North Cody,Poland,2022-12-14,1
20236473,438,1929,5,31,4,3,12,1889.52,1325.85,563.67,1807.49,1920.29,P0438,Electronics Product 438,Electronics,347,372,C01929,"Hill, Spencer and Dixon",Fleet,Transportation,North Rebeccaport,Italy,2025-08-08,1
20244998,84,658,7,61,9,5,5,2088.14,1804.82,283.32,2174.09,2244.9,P0084,Cooling Systems Product 84,Cooling Systems,69,892,C00658,"Rodriguez, Kennedy and Alexander",Fleet,Transportation,Lake Donaldton,Spain,2026-05-11,1
20233282,146,203,7,105,5,5,10,2639.56,1701.14,938.42,2511.91,2641.78,P0146,Fuel Systems Product 146,Fuel Systems,401,816,C00203,Diaz LLC,Fleet,Transportation,Combsburgh,Sweden,2018-02-27,1
20253144,98,3559,3,91,8,1,6,3511.36,2398.16,1113.2,3555.75,3625.3,P0098,Filtration Product 98,Filtration,94,362,C03559,Thompson LLC,Distributor,Automotive,South Kimberly,Austria,2023-03-07,1
20254262,184,124,9,42,9,2,7,3315.91,2851.98,463.93,3252.69,3524.68,P0184,Turbochargers Product 184,Turbochargers,387,773,C00124,Hart-Sanders,Fleet,Transportation,Lake Brian,France,2017-10-31,1
20249506,231,4112,9,103,7,4,9,2513.71,1579.93,933.78,2431.48,2684.34,P0231,Fuel Systems Product 231,Fuel Systems,293,699,C04112,Johnson Ltd,Fleet,Manufacturing,New Edward,Italy,2020-07-06,1
20233583,316,4865,10,89,5,3,3,1338.0,1102.12,235.88,1383.35,1351.33,P0316,Aftertreatment Product 316,Aftertreatment,412,807,C04865,"Murphy, Carter and Sandoval",Distributor,Transportation,Gentryton,Belgium,2019-06-18,1
20239305,146,2278,1,85,4,4,10,2421.16,1936.45,484.71,2306.42,2652.09,P0146,Fuel Systems Product 146,Fuel Systems,401,816,C02278,Boyd-Gallagher,Fleet,Transportation,Williamfort,Poland,2024-08-07,1
20247708,337,2470,2,91,10,2,8,2515.37,1648.54,866.83,2554.48,2670.97,P0337,Fuel Systems Product 337,Fuel Systems,309,846,C02470,Davis LLC,Distributor,Manufacturing,Josephbury,Netherlands,2019-06-13,1
20235501,105,2912,4,60,1,1,9,1898.03,1394.93,503.1,1946.77,2043.09,P0105,Filtration Product 105,Filtration,163,690,C02912,Turner-Lee,Distributor,Transportation,West Carolyn,Poland,2025-01-20,1
20239487,409,195,1,8,8,2,5,3841.27,2345.88,1495.39,3849.42,3661.2,P0409,Aftertreatment Product 409,Aftertreatment,58,859,C00195,Rodriguez PLC,OEM,Manufacturing,Port Travis,Austria,2020-02-24,1
20226484,357,1558,4,47,6,3,17,4787.64,3695.85,1091.79,4765.5,5129.49,P0357,Turbochargers Product 357,Turbochargers,388,710,C01558,George LLC,OEM,Automotive,New Ryanburgh,Netherlands,2023-10-23,1
20232749,202,760,1,51,5,2,17,4201.13,2968.26,1232.87,4079.8,4000.16,P0202,Turbochargers Product 202,Turbochargers,235,182,C00760,Erickson-Hawkins,Distributor,Automotive,Colemanchester,Sweden,2025-03-24,1
20229885,236,4243,7,43,4,2,13,3902.11,2670.7,1231.41,3881.89,3799.79,P0236,Turbochargers Product 236,Turbochargers,115,148,C04243,Mendoza-Galvan,Fleet,Transportation,New Lucas,Germany,2017-03-12,1
20236003,87,2669,2,85,10,4,18,3388.39,2674.24,714.15,3314.03,3588.13,P0087,Turbochargers Product 87,Turbochargers,199,502,C02669,Taylor-Hall,OEM,Automotive,Herrerabury,Netherlands,2020-08-01,1
20258952,214,3002,5,85,10,1,19,1767.83,1251.3,516.53,1847.11,1891.09,P0214,Cooling Systems Product 214,Cooling Systems,448,206,C03002,"Watson, Evans and Flores",OEM,Manufacturing,Christopherland,Poland,2022-02-26,1
20249562,105,2322,5,66,7,2,18,388.45,329.68,58.77,375.39,425.37,P0105,Filtration Product 105,Filtration,163,690,C02322,Mendoza LLC,Fleet,Automotive,Andreamouth,Netherlands,2018-11-23,1
20239081,55,3107,10,46,2,2,6,3629.69,2245.25,1384.44,3534.14,3847.58,P0055,Fuel Systems Product 55,Fuel Systems,389,928,C03107,Wong Ltd,OEM,Manufacturing,West Kaylaborough,Belgium,2019-10-05,1
20224339,28,1437,6,26,10,3,4,983.49,636.65,346.84,963.55,1049.42,P0028,Sensors Product 28,Sensors,216,459,C01437,Richmond-Howell,Fleet,Automotive,North Donnaport,Poland,2019-09-04,1
20220580,85,1330,1,26,3,4,12,1931.99,1398.33,533.66,1891.13,1973.65,P0085,Filtration Product 85,Filtration,316,630,C01330,"Parker, Johnson and Peterson",Fleet,Manufacturing,South Kimberly,Spain,2016-10-15,1
20259292,235,145,2,62,10,4,9,1362.23,1015.27,346.96,1401.23,1334.49,P0235,Aftertreatment Product 235,Aftertreatment,401,732,C00145,Mcdaniel LLC,Distributor,Automotive,South Royside,Belgium,2022-03-04,1
20231143,232,4878,3,115,6,5,14,3800.34,2733.58,1066.76,3660.29,4044.99,P0232,Aftertreatment Product 232,Aftertreatment,485,876,C04878,Rogers and Sons,Fleet,Automotive,Dixonburgh,Italy,2025-07-22,1
20225447,263,3588,8,24,9,1,4,4365.83,3273.47,1092.36,4382.21,4359.44,P0263,Sensors Product 263,Sensors,106,470,C03588,"Norris, Sanchez and Richards",OEM,Automotive,New Austin,Spain,2021-03-23,1
20245873,96,360,1,119,3,3,18,722.51,563.09,159.42,734.35,745.71,P0096,Turbochargers Product 96,Turbochargers,72,549,C00360,"Brown, Lara and Hampton",Fleet,Manufacturing,West Nathanielfurt,Netherlands,2023-09-24,1
20224110,104,1435,8,74,2,3,20,3507.94,2407.41,1100.53,3448.56,3857.29,P0104,Sensors Product 104,Sensors,395,283,C01435,Beard LLC,Fleet,Manufacturing,Lake Felicia,France,2018-10-24,1
20237265,99,3477,8,72,4,1,16,3075.72,2368.82,706.9,2945.88,3172.69,P0099,Fuel Systems Product 99,Fuel Systems,88,252,C03477,"Reyes, Young and Hicks",OEM,Manufacturing,West Amber,Poland,2024-07-10,1
20242667,265,1729,2,87,2,2,1,2125.53,1338.34,787.19,2135.31,2273.31,P0265,Electronics Product 265,Electronics,174,523,C01729,Fuller-Bauer,OEM,Automotive,Lake Desireehaven,Belgium,2022-11-18,1
20231362,259,259,3,101,4,3,16,3201.01,2754.95,446.06,3267.96,3182.98,P0259,Turbochargers Product 259,Turbochargers,420,350,C00259,Ellis-Dickerson,OEM,Automotive,Paulafort,Italy,2025-01-10,1
20245730,89,1387,7,112,10,5,9,4254.43,3651.81,602.62,4381.61,4364.66,P0089,Sensors Product 89,Sensors,93,629,C01387,Castro-Taylor,Fleet,Manufacturing,South Zacharyside,Austria,2016-08-31,1
20220747,186,710,4,106,7,5,8,3749.34,2265.41,1483.93,3750.81,4064.62,P0186,Sensors Product 186,Sensors,325,550,C00710,"Peters, Hunter and Johnson",Fleet,Manufacturing,Randallmouth,Netherlands,2022-03-09,1
20228990,135,3026,8,75,1,3,12,2327.78,1397.82,929.96,2357.57,2451.24,P0135,Turbochargers Product 135,Turbochargers,137,641,C03026,Rodriguez-Lee,Distributor,Manufacturing,Mckeefurt,Germany,2022-07-06,1
20248789,145,4596,8,116,9,4,17,4414.86,2882.23,1532.63,4489.55,4735.43,P0145,Turbochargers Product 145,Turbochargers,254,255,C04596,"Reese, Collier and House",Fleet,Automotive,South Katherine,Belgium,2021-01-09,1
20222638,418,3054,4,8,1,5,16,3619.15,2818.52,800.63,3549.64,3450.68,P0418,Sensors Product 418,Sensors,65,522,C03054,"Russo, Ward and Lawson",OEM,Automotive,East Reneebury,Italy,2019-10-25,1
20247098,106,2419,3,7,10,5,2,1042.57,733.0,309.57,1050.05,1071.4,P0106,Filtration Product 106,Filtration,289,517,C02419,Thornton-Velazquez,Distributor,Automotive,Christopherhaven,Germany,2019-08-24,1
20227446,29,4305,4,11,4,3,4,2448.36,2065.1,383.26,2422.14,2396.34,P0029,Fuel Systems Product 29,Fuel Systems,128,126,C04305,Armstrong-Hernandez,Distributor,Transportation,South Julialand,Poland,2024-08-31,1
20234871,208,396,8,2,10,4,9,2538.93,2093.18,445.75,2558.68,2723.69,P0208,Sensors Product 208,Sensors,403,983,C00396,Black-Richards,Distributor,Manufacturing,Wigginschester,France,2023-02-19,1
20251967,275,3881,3,86,8,5,15,2157.56,1692.99,464.57,2079.85,2304.95,P0275,Electronics Product 275,Electronics,69,802,C03881,Goodman Ltd,OEM,Manufacturing,East William,Netherlands,2018-11-14,1
20248059,446,2535,2,47,4,5,9,259.23,210.34,48.89,246.62,259.18,P0446,Fuel Systems Product 446,Fuel Systems,211,595,C02535,Dixon Ltd,Distributor,Automotive,Hamiltonberg,France,2021-10-07,1
20254226,366,4933,7,20,1,3,18,3451.48,2984.64,466.84,3606.97,3386.46,P0366,Sensors Product 366,Sensors,359,401,C04933,Huffman Group,OEM,Transportation,Sarahstad,Belgium,2022-08-08,1
20247254,437,950,1,35,2,5,17,3791.07,2434.56,1356.51,3657.89,4044.71,P0437,Turbochargers Product 437,Turbochargers,415,793,C00950,"Grant, Russell and Boyd",OEM,Transportation,Cuevasborough,Netherlands,2025-11-01,1
20226872,398,4792,6,101,7,4,12,1235.06,942.72,292.34,1179.91,1304.89,P0398,Fuel Systems Product 398,Fuel Systems,493,797,C04792,Johnson LLC,Fleet,Transportation,Michelleton,Germany,2019-07-26,1
20260445,162,1132,5,22,2,4,10,3702.68,2876.92,825.76,3853.31,3994.44,P0162,Sensors Product 162,Sensors,284,405,C01132,"Newton, Doyle and Short",Distributor,Transportation,Jenniferville,Belgium,2022-08-19,1
20234080,228,664,8,106,5,1,18,1487.82,1268.72,219.1,1536.6,1462.66,P0228,Filtration Product 228,Filtration,197,732,C00664,"Vincent, Giles and Finley",Distributor,Manufacturing,Danashire,Austria,2020-12-25,1
20244891,491,2785,10,92,1,2,17,1506.9,1122.32,384.58,1531.1,1529.01,P0491,Filtration Product 491,Filtration,377,254,C02785,Mills Inc,Fleet,Automotive,North Alisha,Italy,2021-12-01,1
20239656,26,2224,1,12,10,5,2,1471.58,1269.61,201.97,1398.77,1496.97,P0026,Fuel Systems Product 26,Fuel Systems,79,165,C02224,"Lopez, Perry and Price",Distributor,Automotive,New William,Italy,2019-10-16,1
20224754,331,4018,4,11,6,5,7,3883.55,3254.25,629.3,3724.78,4138.99,P0331,Cooling Systems Product 331,Cooling Systems,438,820,C04018,"Wang, Hayden and Hamilton",OEM,Automotive,Lake Sara,Austria,2020-02-05,1
20241110,230,4975,3,34,4,4,2,782.22,515.73,266.49,808.87,847.63,P0230,Sensors Product 230,Sensors,356,451,C04975,Wright Group,Fleet,Transportation,Browntown,France,2022-05-31,1
20255252,477,3980,5,99,1,5,19,860.7,644.86,215.84,886.36,841.99,P0477,Aftertreatment Product 477,Aftertreatment,143,204,C03980,"Porter, Bradford and Clark",OEM,Manufacturing,West Debrachester,Netherlands,2021-02-05,1
20248394,4,2016,2,18,3,1,2,585.66,440.07,145.59,602.08,588.75,P0004,Fuel Systems Product 4,Fuel Systems,284,750,C02016,"Dominguez, Morales and Lee",OEM,Transportation,West Jamie,Belgium,2025-10-23,1
20233989,268,3069,5,97,4,3,13,4441.17,3862.34,578.83,4542.86,4371.15,P0268,Sensors Product 268,Sensors,491,116,C03069,Morrow and Sons,Fleet,Manufacturing,North Wendychester,Sweden,2022-02-09,1
20249214,256,947,4,61,5,2,18,424.24,285.89,138.35,424.79,405.0,P0256,Cooling Systems Product 256,Cooling Systems,331,546,C00947,Williams LLC,OEM,Automotive,Youngtown,Germany,2020-05-06,1
20245699,113,2658,7,117,8,5,17,1799.02,1494.63,304.39,1717.92,1976.1,P0113,Sensors Product 113,Sensors,459,151,C02658,Santana-Cox,Distributor,Automotive,East Samanthabury,Poland,2024-04-22,1
20232271,207,3213,8,9,3,5,19,538.68,409.33,129.35,537.82,586.89,P0207,Filtration Product 207,Filtration,343,630,C03213,"Hopkins, Hurst and Casey",OEM,Automotive,North Mary,Poland,2022-08-18,1
20226878,283,1520,1,108,3,5,11,3698.76,2880.85,817.91,3682.69,3715.4,P0283,Electronics Product 283,Electronics,313,844,C01520,Ellis-Foster,Fleet,Automotive,Alexanderport,Spain,2022-01-03,1
20221747,252,4409,10,55,2,3,7,3297.66,2543.88,753.78,3267.18,3252.75,P0252,Aftertreatment Product 252,Aftertreatment,486,396,C04409,Patterson-Sandoval,Fleet,Manufacturing,Port Jamesburgh,Sweden,2024-11-15,1
20260010,123,184,9,4,4,4,11,2781.42,2319.38,462.04,2652.22,2709.42,P0123,Cooling Systems Product 123,Cooling Systems,147,719,C00184,Perez-Taylor,Fleet,Transportation,West Zachary,Italy,2018-06-16,1
20226128,197,1066,4,46,10,4,18,2321.16,1847.34,473.82,2292.78,2226.42,P0197,Electronics Product 197,Electronics,396,888,C01066,"Robinson, Alexander and Kelly",Fleet,Automotive,South Jessica,Belgium,2026-04-24,1
20237365,165,914,3,106,3,4,10,1844.81,1527.71,317.1,1921.18,1790.69,P0165,Turbochargers Product 165,Turbochargers,126,845,C00914,Klein-Sanchez,Fleet,Automotive,Hoffmanside,Netherlands,2023-06-23,1
20258497,440,2658,8,23,7,5,9,1949.63,1589.41,360.22,1883.27,1868.87,P0440,Sensors Product 440,Sensors,382,762,C02658,Santana-Cox,Distributor,Automotive,East Samanthabury,Poland,2024-04-22,1
20255275,335,3400,7,13,5,5,2,1852.72,1635.4,217.32,1918.42,1887.79,P0335,Cooling Systems Product 335,Cooling Systems,434,418,C03400,Snyder and Sons,Distributor,Manufacturing,Michaelstad,Belgium,2025-11-09,1
20243718,219,1069,3,87,5,3,4,3326.16,2386.15,940.01,3349.34,3620.76,P0219,Electronics Product 219,Electronics,469,530,C01069,Larsen and Sons,OEM,Transportation,Rhondaburgh,Austria,2023-04-27,1
20222347,246,1323,5,30,8,5,19,934.29,646.1,288.19,957.04,893.82,P0246,Cooling Systems Product 246,Cooling Systems,60,416,C01323,"David, Sanchez and Davis",Distributor,Automotive,Phillipsburgh,Netherlands,2018-03-04,1
20259657,424,3354,4,8,4,3,12,2297.18,2015.05,282.13,2341.41,2460.14,P0424,Filtration Product 424,Filtration,265,363,C03354,"Mcmillan, Hernandez and Allen",Distributor,Transportation,Romeroside,Sweden,2022-10-23,1
20228858,252,382,1,68,5,3,14,2483.02,1592.4,890.62,2463.02,2367.13,P0252,Aftertreatment Product 252,Aftertreatment,486,396,C00382,Lopez-Smith,Fleet,Automotive,Port Maureen,Austria,2020-05-22,1
20252238,213,1137,8,93,9,2,6,3760.02,2622.25,1137.77,3706.58,3579.22,P0213,Fuel Systems Product 213,Fuel Systems,382,243,C01137,"Jones, Olson and Barrett",Distributor,Automotive,Jasonland,Belgium,2020-09-02,1
20226247,431,4522,10,120,3,3,2,1800.93,1278.9,522.03,1802.15,1718.54,P0431,Fuel Systems Product 431,Fuel Systems,367,503,C04522,Jones Group,Fleet,Transportation,South Mikaylaton,Germany,2026-02-08,1
20253657,34,383,2,99,10,1,13,3592.93,2769.12,823.81,3568.65,3415.34,P0034,Fuel Systems Product 34,Fuel Systems,67,719,C00383,"West, Gallegos and Campbell",OEM,Transportation,Debbiehaven,Poland,2020-08-13,1
20242259,410,4778,1,85,2,2,1,4128.73,3403.89,724.84,4022.8,4211.42,P0410,Filtration Product 410,Filtration,442,172,C04778,"Williams, Solis and Alvarez",Fleet,Transportation,Ginahaven,Italy,2021-12-07,1
20251019,59,3147,10,48,2,5,3,172.33,150.82,21.51,180.01,175.88,P0059,Sensors Product 59,Sensors,456,535,C03147,"Herman, Savage and Peterson",Distributor,Manufacturing,Ravenburgh,Spain,2026-01-12,1
20251913,404,1223,7,61,7,5,10,2537.18,2035.42,501.76,2485.86,2786.59,P0404,Fuel Systems Product 404,Fuel Systems,366,655,C01223,Moyer Inc,Distributor,Automotive,New Christian,Spain,2021-05-08,1
20245948,290,4855,6,31,9,4,11,360.54,219.71,140.83,368.72,389.04,P0290,Fuel Systems Product 290,Fuel Systems,374,318,C04855,Flowers-Franklin,OEM,Transportation,Porterport,Belgium,2018-10-03,1
20242935,85,1313,1,103,2,2,11,3126.13,1963.93,1162.2,3024.21,3300.0,P0085,Filtration Product 85,Filtration,316,630,C01313,Barber Inc,Fleet,Automotive,East John,Spain,2018-07-15,1
20256180,198,4401,2,54,5,4,7,3077.94,2220.39,857.55,3190.18,3032.09,P0198,Sensors Product 198,Sensors,323,911,C04401,"Johnston, Phillips and Mccormick",OEM,Transportation,Burkefurt,Germany,2017-10-19,1
20257108,308,2211,1,103,2,4,20,2474.34,1492.2,982.14,2552.73,2413.65,P0308,Turbochargers Product 308,Turbochargers,154,702,C02211,Bonilla-Miller,Distributor,Automotive,North Amber,Poland,2021-02-17,1
20257919,106,4652,7,60,8,5,11,4771.89,2910.51,1861.38,4921.33,4889.68,P0106,Filtration Product 106,Filtration,289,517,C04652,Bonilla and Sons,OEM,Automotive,North Stephaniefort,France,2021-02-20,1
20233515,320,197,1,66,3,1,6,628.43,440.86,187.57,629.19,623.38,P0320,Fuel Systems Product 320,Fuel Systems,332,371,C00197,Garcia Ltd,Fleet,Manufacturing,West Justin,Austria,2018-02-09,1
20257561,176,4521,9,118,3,1,5,312.08,212.35,99.73,308.87,315.6,P0176,Aftertreatment Product 176,Aftertreatment,119,257,C04521,"Williams, Webster and Elliott",OEM,Transportation,East Christopherberg,Italy,2021-11-13,1
20232115,373,2293,7,53,1,3,5,4048.76,3105.49,943.27,3897.3,4432.96,P0373,Aftertreatment Product 373,Aftertreatment,170,200,C02293,Castillo-Wilson,Distributor,Manufacturing,Alexisland,Austria,2022-03-24,1
20255620,66,1693,9,44,3,3,16,882.84,630.63,252.21,854.57,879.41,P0066,Cooling Systems Product 66,Cooling Systems,227,616,C01693,Johnson Group,OEM,Automotive,South Scott,Belgium,2020-06-04,1
20233188,87,3917,5,112,4,2,10,3676.2,3046.73,629.47,3849.2,3907.05,P0087,Turbochargers Product 87,Turbochargers,199,502,C03917,Lopez Inc,Fleet,Transportation,Lake Pam,Poland,2021-12-21,1
20241375,422,381,5,71,6,5,20,3674.29,3079.47,594.82,3540.4,3891.35,P0422,Turbochargers Product 422,Turbochargers,496,520,C00381,"Valencia, Griffith and Obrien",Fleet,Transportation,Gayville,Italy,2019-02-26,1
20237142,54,3776,8,7,1,4,2,2428.09,1791.64,636.45,2462.34,2609.01,P0054,Electronics Product 54,Electronics,301,825,C03776,"Byrd, Holmes and Miller",Distributor,Transportation,North Coryland,Sweden,2020-05-31,1
20231199,285,1794,4,66,8,1,20,3739.73,2843.04,896.69,3576.21,4044.7,P0285,Turbochargers Product 285,Turbochargers,252,155,C01794,Taylor-Conway,Distributor,Transportation,Jasmineton,Austria,2017-10-20,1
20237835,416,3795,4,35,9,2,15,4465.37,2754.58,1710.79,4528.24,4571.81,P0416,Electronics Product 416,Electronics,125,422,C03795,Howard and Sons,OEM,Automotive,Nancyfurt,Austria,2022-10-07,1
20236036,105,3055,2,20,3,2,1,1774.32,1556.09,218.23,1852.14,1817.36,P0105,Filtration Product 105,Filtration,163,690,C03055,"Freeman, Gross and Contreras",Fleet,Transportation,Christopherbury,Belgium,2022-01-28,1
20224654,297,4233,9,14,3,2,2,1644.36,1277.79,366.57,1670.02,1616.96,P0297,Electronics Product 297,Electronics,158,281,C04233,Davenport-Jones,Distributor,Automotive,Jefferyport,Germany,2026-04-25,1
20235885,123,2931,7,69,1,5,20,3464.62,2202.5,1262.12,3316.38,3770.32,P0123,Cooling Systems Product 123,Cooling Systems,147,719,C02931,Haney-Olsen,OEM,Automotive,Jenniferborough,Poland,2021-06-06,1
20243172,11,1024,6,33,6,5,5,4478.12,3754.42,723.7,4566.59,4628.79,P0011,Aftertreatment Product 11,Aftertreatment,391,101,C01024,Pratt-Ramirez,Fleet,Automotive,South Daniel,France,2023-01-27,1
20239649,214,1132,2,95,7,4,2,2000.1,1769.88,230.22,2097.8,1905.76,P0214,Cooling Systems Product 214,Cooling Systems,448,206,C01132,"Newton, Doyle and Short",Distributor,Transportation,Jenniferville,Belgium,2022-08-19,1
20248607,325,4156,2,60,2,1,7,3146.59,2356.99,789.6,3264.46,3001.63,P0325,Sensors Product 325,Sensors,365,598,C04156,Jennings Ltd,OEM,Manufacturing,West Davidport,Sweden,2026-01-07,1
20235445,350,3968,7,91,6,3,18,4623.48,3152.61,1470.87,4407.92,4446.54,P0350,Fuel Systems Product 350,Fuel Systems,378,846,C03968,Nelson PLC,Distributor,Manufacturing,New Candiceburgh,France,2025-02-23,1
20260269,358,3102,7,6,3,5,14,345.47,218.6,126.87,360.71,379.7,P0358,Electronics Product 358,Electronics,297,764,C03102,Richards Ltd,OEM,Manufacturing,Michaelstad,Poland,2024-06-02,1
20259242,112,1734,1,116,3,5,1,4484.5,2759.09,1725.41,4624.66,4358.33,P0112,Cooling Systems Product 112,Cooling Systems,416,407,C01734,Bauer and Sons,Distributor,Transportation,South Samantha,Italy,2023-10-11,1
20238678,62,2760,10,41,10,5,2,2033.42,1232.72,800.7,2102.17,2112.8,P0062,Sensors Product 62,Sensors,425,477,C02760,Alvarado-Green,OEM,Manufacturing,Jenniferland,France,2019-02-26,1
20220785,26,3933,8,78,7,3,15,4537.07,3793.64,743.43,4595.97,4487.36,P0026,Fuel Systems Product 26,Fuel Systems,79,165,C03933,Martinez-Williams,Fleet,Automotive,South Kimberlymouth,Belgium,2022-03-03,1
20231449,190,1809,4,82,8,1,20,4055.98,3152.61,903.37,3858.92,4069.43,P0190,Sensors Product 190,Sensors,92,951,C01809,Nash PLC,Distributor,Transportation,South Pamela,Germany,2025-02-18,1
20248593,282,3070,1,25,9,4,16,1710.21,1079.45,630.76,1757.33,1665.66,P0282,Sensors Product 282,Sensors,228,207,C03070,Harper-Johnson,Fleet,Transportation,Danieltown,Poland,2022-10-24,1
20225278,128,2186,6,51,6,5,19,3739.0,2925.12,813.88,3700.2,3935.75,P0128,Filtration Product 128,Filtration,124,665,C02186,"Clark, King and House",Distributor,Transportation,Saratown,France,2024-08-11,1
20241158,11,122,1,13,4,4,5,4091.33,3232.73,858.6,4024.71,4387.72,P0011,Aftertreatment Product 11,Aftertreatment,391,101,C00122,Cowan-Green,OEM,Automotive,South Christopherland,Spain,2018-03-09,1
20249251,463,4379,10,74,6,1,10,3538.01,2149.13,1388.88,3616.0,3628.34,P0463,Sensors Product 463,Sensors,387,229,C04379,Pierce-Cooper,Fleet,Transportation,West Danny,Netherlands,2024-01-20,1
20243862,350,3278,2,100,9,2,18,4736.03,3776.29,959.74,4630.73,5199.87,P0350,Fuel Systems Product 350,Fuel Systems,378,846,C03278,Kennedy PLC,Distributor,Transportation,Timothyside,Italy,2021-06-07,1
20260813,149,332,3,53,1,4,3,1543.37,1108.06,435.31,1522.61,1669.01,P0149,Sensors Product 149,Sensors,441,408,C00332,Malone and Sons,Distributor,Transportation,Campbellton,France,2023-03-19,1
20225254,23,916,10,79,1,2,10,503.56,409.34,94.22,506.7,543.79,P0023,Filtration Product 23,Filtration,188,256,C00916,Nelson-Sharp,Fleet,Manufacturing,North Ana,Netherlands,2018-11-23,1
20233008,100,685,6,115,7,5,17,1774.72,1274.88,499.84,1707.83,1845.05,P0100,Cooling Systems Product 100,Cooling Systems,266,465,C00685,Gray-Lewis,OEM,Automotive,Amberville,Spain,2018-01-23,1
20253871,203,2469,1,64,2,5,1,3130.59,2598.7,531.89,3174.7,3258.0,P0203,Turbochargers Product 203,Turbochargers,387,910,C02469,"Townsend, Horn and Kirby",Distributor,Manufacturing,Port Alison,Spain,2026-02-07,1
20239164,77,3475,7,68,5,3,11,2608.58,1702.59,905.99,2488.22,2692.62,P0077,Filtration Product 77,Filtration,270,390,C03475,Mcdonald-Simpson,Distributor,Transportation,Port Anthonymouth,Spain,2017-08-28,1
20246942,373,845,9,16,4,3,4,4718.51,2972.26,1746.25,4615.04,5092.69,P0373,Aftertreatment Product 373,Aftertreatment,170,200,C00845,Miller-Roth,OEM,Transportation,New Bryan,Spain,2024-09-18,1
20241313,409,3175,2,112,2,2,14,2791.33,1941.09,850.24,2752.06,2891.72,P0409,Aftertreatment Product 409,Aftertreatment,58,859,C03175,Richmond-Floyd,OEM,Manufacturing,North Kevin,Italy,2018-11-08,1
20259011,188,1800,2,30,10,4,5,2879.56,2017.02,862.54,2949.94,2993.25,P0188,Turbochargers Product 188,Turbochargers,386,198,C01800,Padilla-Sanchez,Distributor,Transportation,South Ryanstad,Poland,2022-04-10,1
20239025,222,1244,8,98,4,2,12,633.69,439.29,194.4,608.72,641.18,P0222,Cooling Systems Product 222,Cooling Systems,375,952,C01244,Mccarthy PLC,Fleet,Manufacturing,Priceshire,Germany,2025-07-26,1
20252623,167,3637,10,69,6,2,20,4463.87,3135.32,1328.55,4321.57,4520.69,P0167,Fuel Systems Product 167,Fuel Systems,235,341,C03637,Montes-Richardson,OEM,Automotive,South Mary,Netherlands,2016-08-15,1
20235210,187,4613,4,24,9,4,6,2044.1,1288.9,755.2,2003.79,1996.17,P0187,Fuel Systems Product 187,Fuel Systems,253,517,C04613,"Brown, Hill and Gallagher",Distributor,Automotive,East Veronicaberg,Austria,2025-07-15,1
20248425,29,183,10,95,2,1,12,4604.58,3536.88,1067.7,4498.22,4822.24,P0029,Fuel Systems Product 29,Fuel Systems,128,126,C00183,"Roberson, Davis and Reynolds",Distributor,Manufacturing,Crystalton,Belgium,2024-11-18,1
20245398,218,79,9,115,9,3,18,3199.88,2530.15,669.73,3206.74,3387.65,P0218,Fuel Systems Product 218,Fuel Systems,416,430,C00079,"Ellis, Smith and Wood",Distributor,Transportation,East Beth,Austria,2022-10-28,1
20257211,347,1719,3,112,3,3,13,941.19,688.18,253.01,957.97,961.33,P0347,Sensors Product 347,Sensors,389,607,C01719,Bennett Ltd,Fleet,Manufacturing,West Alexiston,Austria,2023-01-31,1
20250449,227,746,9,28,10,1,2,1577.31,1149.27,428.04,1514.26,1520.91,P0227,Cooling Systems Product 227,Cooling Systems,263,315,C00746,"Lamb, Wu and Becker",Fleet,Automotive,Scotttown,Belgium,2021-04-02,1
20244974,490,3029,7,58,1,1,20,4143.04,2952.95,1190.09,4046.78,4416.74,P0490,Filtration Product 490,Filtration,178,560,C03029,"Duncan, Brown and Davidson",OEM,Manufacturing,Foleyburgh,Netherlands,2023-09-04,1
20254925,119,3367,2,18,1,4,1,1391.59,841.69,549.9,1334.94,1521.88,P0119,Electronics Product 119,Electronics,469,932,C03367,Rivera-Oconnor,Fleet,Transportation,West Johnstad,France,2018-07-16,1
20259873,221,3080,3,65,7,3,19,407.63,302.78,104.85,411.76,408.76,P0221,Cooling Systems Product 221,Cooling Systems,468,573,C03080,"Glenn, Hines and Wolf",Distributor,Transportation,Davidberg,Sweden,2018-02-09,1
20243510,401,1913,4,61,5,5,8,191.01,162.03,28.98,187.88,183.13,P0401,Electronics Product 401,Electronics,66,264,C01913,Nelson-Warren,Fleet,Transportation,Port Brian,Netherlands,2025-11-11,1
20220255,82,1754,9,94,10,3,12,3972.55,2869.29,1103.26,4018.55,4271.9,P0082,Sensors Product 82,Sensors,452,363,C01754,Thompson-Patel,Distributor,Transportation,Port Sandra,Poland,2025-11-01,1
20248467,435,2304,7,52,10,1,2,4427.99,2810.1,1617.89,4363.99,4494.96,P0435,Aftertreatment Product 435,Aftertreatment,175,492,C02304,Baker Group,Distributor,Transportation,West Christopher,Poland,2022-11-18,1
20249461,123,174,2,77,9,1,5,3174.67,2741.07,433.6,3187.26,3058.03,P0123,Cooling Systems Product 123,Cooling Systems,147,719,C00174,Contreras-Rojas,Fleet,Automotive,Lake Jessica,Netherlands,2021-03-06,1
20258465,42,2621,9,110,3,4,17,4489.68,2976.05,1513.63,4452.5,4348.52,P0042,Fuel Systems Product 42,Fuel Systems,96,866,C02621,"Lee, Navarro and Houston",OEM,Transportation,Susanborough,Poland,2025-06-19,1
20258686,98,691,7,13,7,2,14,1885.89,1329.77,556.12,1813.25,1886.14,P0098,Filtration Product 98,Filtration,94,362,C00691,Walker Ltd,OEM,Transportation,Johnnyfort,Netherlands,2022-06-06,1
20247761,195,588,4,47,9,3,7,1609.95,1319.48,290.47,1684.15,1708.29,P0195,Fuel Systems Product 195,Fuel Systems,417,373,C00588,Thompson LLC,Fleet,Manufacturing,New Andrew,Germany,2018-11-12,1
20259143,55,2346,8,60,2,4,8,3475.19,2146.31,1328.88,3368.66,3730.22,P0055,Fuel Systems Product 55,Fuel Systems,389,928,C02346,"Bryan, Rodriguez and Holmes",Fleet,Automotive,Keyton,Netherlands,2024-01-01,1
20228434,285,2228,3,71,3,3,12,4033.38,3217.62,815.76,4138.94,4339.37,P0285,Turbochargers Product 285,Turbochargers,252,155,C02228,Thomas Inc,Distributor,Transportation,Stephanieburgh,Sweden,2021-08-14,1
20241857,432,3260,10,92,6,3,5,1022.85,839.25,183.6,1062.86,1122.21,P0432,Aftertreatment Product 432,Aftertreatment,144,546,C03260,"Trevino, Patrick and Ramos",Fleet,Transportation,Austinbury,Poland,2017-06-09,1
20224381,440,266,7,105,1,4,12,3838.98,3429.48,409.5,3838.32,3914.71,P0440,Sensors Product 440,Sensors,382,762,C00266,Arnold LLC,OEM,Automotive,Lindseyport,France,2025-06-19,1
20235127,450,219,10,36,3,4,6,2370.81,1537.27,833.54,2449.36,2429.43,P0450,Sensors Product 450,Sensors,333,866,C00219,"Gutierrez, Coleman and Silva",Distributor,Transportation,Lake Sean,Poland,2023-11-05,1
20226076,258,4904,4,78,7,3,15,2627.07,2330.4,296.67,2633.3,2617.39,P0258,Filtration Product 258,Filtration,160,553,C04904,Ward-Thompson,Distributor,Automotive,Timothyhaven,Austria,2025-10-05,1
20256174,320,4639,1,64,8,2,11,4461.93,3249.54,1212.39,4543.32,4755.13,P0320,Fuel Systems Product 320,Fuel Systems,332,371,C04639,Wright Group,Fleet,Transportation,Elliottberg,Spain,2020-01-15,1
20241275,224,3128,8,46,7,4,19,4453.54,3573.72,879.82,4461.77,4875.65,P0224,Cooling Systems Product 224,Cooling Systems,385,175,C03128,Cain and Sons,OEM,Automotive,East Thomas,Sweden,2020-05-31,1
20260745,341,4438,1,78,10,2,8,2758.63,2394.15,364.48,2863.39,2951.41,P0341,Aftertreatment Product 341,Aftertreatment,113,675,C04438,Clark Inc,OEM,Automotive,Bakerton,Poland,2022-12-20,1
20243946,262,2285,9,115,3,2,12,1012.03,894.71,117.32,1011.33,992.13,P0262,Fuel Systems Product 262,Fuel Systems,206,497,C02285,"Taylor, Jones and Mejia",Distributor,Automotive,East Eric,France,2022-11-25,1
20260933,341,1471,7,111,8,1,8,2837.84,2048.25,789.59,2938.9,2836.9,P0341,Aftertreatment Product 341,Aftertreatment,113,675,C01471,Woods-Williams,Distributor,Automotive,Kevinfurt,Netherlands,2024-07-25,1
20251944,62,4308,3,10,10,3,8,209.86,168.31,41.55,207.52,208.42,P0062,Sensors Product 62,Sensors,425,477,C04308,"Moore, Becker and Hall",Fleet,Transportation,South Caitlinport,Netherlands,2018-03-17,1
20252099,395,3881,1,86,2,2,5,2545.75,2128.64,417.11,2547.52,2794.67,P0395,Aftertreatment Product 395,Aftertreatment,324,151,C03881,Goodman Ltd,OEM,Manufacturing,East William,Netherlands,2018-11-14,1
20259532,325,1495,5,9,3,2,8,2627.32,2316.35,310.97,2660.3,2665.51,P0325,Sensors Product 325,Sensors,365,598,C01495,"Cunningham, Hester and Rush",Fleet,Automotive,Smithtown,Netherlands,2025-05-21,1
20237966,257,969,7,66,5,4,17,742.63,561.95,180.68,710.01,737.81,P0257,Aftertreatment Product 257,Aftertreatment,264,443,C00969,"Olsen, Kennedy and Sandoval",Fleet,Transportation,Port Taylor,Belgium,2019-12-01,1
20240109,344,3278,8,48,3,4,13,2832.66,2218.33,614.33,2732.99,3102.32,P0344,Cooling Systems Product 344,Cooling Systems,482,648,C03278,Kennedy PLC,Distributor,Transportation,Timothyside,Italy,2021-06-07,1
20234123,300,3967,7,43,6,4,18,1870.18,1678.57,191.61,1812.76,2020.7,P0300,Cooling Systems Product 300,Cooling Systems,360,329,C03967,Bell-Diaz,Distributor,Manufacturing,South Rachel,Italy,2025-11-19,1
20225187,473,4311,1,22,5,2,3,3663.39,3105.05,558.34,3683.97,3506.74,P0473,Aftertreatment Product 473,Aftertreatment,413,797,C04311,Ray PLC,OEM,Automotive,New Jennifer,Belgium,2021-03-12,1
20250873,5,2518,8,71,10,5,4,1241.05,1013.7,227.35,1224.45,1198.84,P0005,Sensors Product 5,Sensors,264,744,C02518,Smith-Juarez,Fleet,Manufacturing,Andrewport,Spain,2017-08-03,1
20221628,118,4911,8,19,7,3,1,1475.35,1040.19,435.16,1449.76,1545.06,P0118,Turbochargers Product 118,Turbochargers,151,106,C04911,Zuniga-Rogers,Fleet,Automotive,West Tracyview,Austria,2021-04-07,1
20254095,50,2521,2,67,10,5,16,3495.83,2314.54,1181.29,3352.03,3647.85,P0050,Filtration Product 50,Filtration,178,770,C02521,Jones-Bailey,Distributor,Manufacturing,West Misty,France,2018-10-27,1
20234155,101,2558,3,43,1,4,11,4477.19,2799.74,1677.45,4297.3,4265.55,P0101,Turbochargers Product 101,Turbochargers,215,334,C02558,Sanchez-Rangel,Fleet,Manufacturing,East Amandaview,Poland,2019-04-11,1
20234978,223,4745,9,115,7,4,8,623.57,423.71,199.86,603.43,595.22,P0223,Aftertreatment Product 223,Aftertreatment,270,307,C04745,"Smith, Smith and Wagner",OEM,Automotive,West Derek,Poland,2016-10-04,1
20236315,287,2142,8,58,10,3,9,1325.21,1060.86,264.35,1340.13,1352.3,P0287,Electronics Product 287,Electronics,63,884,C02142,Calderon PLC,OEM,Automotive,Tyroneborough,Sweden,2017-01-27,1
20256111,367,2151,8,92,2,5,12,4900.53,4031.71,868.82,4691.11,5326.27,P0367,Sensors Product 367,Sensors,144,431,C02151,Hamilton LLC,Fleet,Automotive,Karamouth,Italy,2024-02-18,1
20223316,255,2346,5,77,8,4,6,1204.32,1008.75,195.57,1261.42,1218.47,P0255,Cooling Systems Product 255,Cooling Systems,66,596,C02346,"Bryan, Rodriguez and Holmes",Fleet,Automotive,Keyton,Netherlands,2024-01-01,1
20248558,153,4538,8,118,2,3,13,3251.04,2857.56,393.48,3401.47,3286.81,P0153,Electronics Product 153,Electronics,190,922,C04538,"Jones, Richmond and Williams",Distributor,Transportation,South Alison,Italy,2022-05-05,1
20227436,145,874,2,101,2,3,8,3857.66,2910.75,946.91,3879.1,4141.61,P0145,Turbochargers Product 145,Turbochargers,254,255,C00874,"Lowery, Mitchell and Lee",Distributor,Automotive,Lauriefort,France,2018-08-22,1
20249598,133,3342,3,14,7,2,5,3170.25,2439.73,730.52,3273.15,3374.89,P0133,Turbochargers Product 133,Turbochargers,307,332,C03342,Miller Group,OEM,Automotive,West Jessicaborough,Italy,2018-11-24,1
20232161,183,143,1,48,10,2,15,4028.03,2507.22,1520.81,4135.61,4241.42,P0183,Fuel Systems Product 183,Fuel Systems,382,919,C00143,"Allen, Walker and Conley",Distributor,Transportation,Jessicamouth,Germany,2022-10-19,1
20255614,413,4762,5,106,4,1,9,2006.55,1396.16,610.39,1963.12,1941.96,P0413,Filtration Product 413,Filtration,249,343,C04762,Hensley Group,Distributor,Manufacturing,South Carrie,Sweden,2018-01-20,1
20241485,397,2777,6,63,10,4,13,2071.44,1749.8,321.64,2149.96,2219.27,P0397,Fuel Systems Product 397,Fuel Systems,173,384,C02777,Gaines and Sons,OEM,Transportation,Port Scottborough,Germany,2025-04-26,1
20255518,59,3885,1,5,3,3,14,1822.9,1587.89,235.01,1907.46,1767.41,P0059,Sensors Product 59,Sensors,456,535,C03885,"Martinez, Leblanc and Williams",OEM,Transportation,New Davidview,Austria,2018-12-03,1
20232188,322,61,9,7,2,3,6,2847.97,2297.38,550.59,2924.52,2788.93,P0322,Fuel Systems Product 322,Fuel Systems,145,993,C00061,Gibson LLC,Distributor,Manufacturing,Claystad,Sweden,2025-03-22,1
20252344,252,3695,7,37,7,4,16,1649.27,1003.02,646.25,1580.81,1812.69,P0252,Aftertreatment Product 252,Aftertreatment,486,396,C03695,"Martin, Hubbard and Young",Fleet,Manufacturing,New Jennifermouth,Netherlands,2023-10-23,1
20260979,369,181,8,20,9,3,19,1375.8,1149.73,226.07,1309.98,1420.14,P0369,Cooling Systems Product 369,Cooling Systems,129,206,C00181,Silva Ltd,OEM,Manufacturing,Port Davidhaven,France,2016-11-27,1
20225721,279,4351,2,79,5,2,7,887.15,728.08,159.07,918.89,867.4,P0279,Turbochargers Product 279,Turbochargers,196,110,C04351,Leblanc-Rowe,Distributor,Transportation,Hensonland,France,2023-10-31,1
20249458,341,4541,9,18,3,2,15,3142.21,2137.07,1005.14,3046.71,3380.84,P0341,Aftertreatment Product 341,Aftertreatment,113,675,C04541,Michael-Ortiz,Fleet,Transportation,Edwardsburgh,Spain,2025-05-13,1
20228869,440,47,5,26,3,2,4,4282.81,3299.07,983.74,4114.8,4343.13,P0440,Sensors Product 440,Sensors,382,762,C00047,Rose-Good,Fleet,Manufacturing,Lake Kathy,France,2021-04-18,1
20245890,100,4823,1,75,4,3,16,3026.77,2494.4,532.37,2893.97,3233.18,P0100,Cooling Systems Product 100,Cooling Systems,266,465,C04823,Johnson-Mccoy,OEM,Transportation,Williamsshire,Netherlands,2021-11-03,1
20240623,370,4513,3,73,5,5,9,2436.63,1701.43,735.2,2456.68,2519.8,P0370,Cooling Systems Product 370,Cooling Systems,487,266,C04513,Williams LLC,Fleet,Automotive,Angelashire,Austria,2019-04-26,1
20236049,99,2273,7,47,6,1,10,1892.63,1597.7,294.93,1880.87,2043.22,P0099,Fuel Systems Product 99,Fuel Systems,88,252,C02273,Cruz-Hughes,OEM,Manufacturing,South William,Germany,2024-12-09,1
20221936,444,3749,6,77,2,3,5,842.06,644.83,197.23,834.16,873.36,P0444,Sensors Product 444,Sensors,216,648,C03749,Martinez Group,OEM,Manufacturing,Fosterside,Italy,2023-04-30,1
20260648,193,4365,4,24,5,1,1,2416.33,2064.22,352.11,2474.17,2352.43,P0193,Turbochargers Product 193,Turbochargers,376,442,C04365,Watson Group,OEM,Transportation,West Rebecca,Germany,2020-06-09,1
20255821,26,2169,5,60,2,5,2,2544.47,1647.36,897.11,2664.79,2509.37,P0026,Fuel Systems Product 26,Fuel Systems,79,165,C02169,"Reynolds, Walton and Cox",Fleet,Manufacturing,Marcusburgh,Belgium,2022-11-27,1
20229144,365,516,3,79,2,2,5,4649.16,3034.04,1615.12,4436.18,5089.26,P0365,Aftertreatment Product 365,Aftertreatment,222,506,C00516,"Harmon, Ramos and Walker",OEM,Transportation,Lake Annatown,Poland,2020-09-22,1
20254351,32,4690,2,73,8,1,11,3067.51,1936.8,1130.71,3067.13,3192.46,P0032,Cooling Systems Product 32,Cooling Systems,124,192,C04690,Logan Inc,Distributor,Automotive,Vanessafurt,Netherlands,2019-02-10,1
20221934,303,4296,9,13,10,1,17,2673.58,1874.33,799.25,2541.44,2832.23,P0303,Filtration Product 303,Filtration,472,223,C04296,"Huerta, Chavez and Mcdaniel",Fleet,Manufacturing,West Stephanie,Italy,2020-09-14,1
20256304,230,1357,6,82,10,3,7,1368.83,1046.26,322.57,1333.55,1407.73,P0230,Sensors Product 230,Sensors,356,451,C01357,Underwood and Sons,Distributor,Automotive,Alyssamouth,Austria,2016-10-16,1
20221865,290,14,7,32,2,1,13,3771.06,3168.63,602.43,3710.74,4037.59,P0290,Fuel Systems Product 290,Fuel Systems,374,318,C00014,Rhodes-Hardin,OEM,Manufacturing,Lake Jason,Sweden,2021-06-06,1
20259745,101,2581,1,1,5,4,17,1459.45,1271.65,187.8,1482.72,1474.84,P0101,Turbochargers Product 101,Turbochargers,215,334,C02581,Davenport LLC,Fleet,Automotive,East Melanie,France,2024-11-07,1
20254984,491,3949,7,103,7,4,16,2310.24,1915.53,394.71,2321.29,2428.03,P0491,Filtration Product 491,Filtration,377,254,C03949,"Dixon, Johnson and Martinez",Fleet,Transportation,South Amber,Sweden,2025-07-25,1
20251184,49,4,6,114,8,4,8,4846.49,2972.42,1874.07,4753.76,5248.81,P0049,Electronics Product 49,Electronics,139,685,C00004,Cortez-Bailey,OEM,Manufacturing,New Lisa,Belgium,2023-11-14,1
20255924,453,1619,10,9,9,3,6,1281.77,1054.52,227.25,1326.52,1270.29,P0453,Aftertreatment Product 453,Aftertreatment,450,357,C01619,"Stanley, Ellis and Joseph",Distributor,Automotive,Elijahberg,Spain,2019-04-05,1
20253421,305,4461,8,15,3,3,11,1473.93,1055.87,418.06,1535.56,1562.02,P0305,Turbochargers Product 305,Turbochargers,461,501,C04461,Wang Group,Fleet,Manufacturing,Harrisonton,Germany,2026-03-29,1
20228921,144,537,3,41,1,1,10,1578.58,1125.58,453.0,1618.49,1703.75,P0144,Filtration Product 144,Filtration,322,362,C00537,"Barnes, Guerra and Craig",OEM,Automotive,Lisashire,Sweden,2023-05-30,1
20253267,23,2704,2,74,4,4,7,2127.71,1483.15,644.56,2137.03,2307.8,P0023,Filtration Product 23,Filtration,188,256,C02704,Johnson and Sons,OEM,Manufacturing,New Annettemouth,Belgium,2021-11-16,1
20230011,145,3877,1,65,1,5,11,4370.74,3298.29,1072.45,4434.74,4464.36,P0145,Turbochargers Product 145,Turbochargers,254,255,C03877,Miller Ltd,Distributor,Manufacturing,Port Colton,Netherlands,2023-05-19,1
20254517,57,1845,6,118,1,1,16,4813.05,3867.93,945.12,4803.49,5039.81,P0057,Filtration Product 57,Filtration,182,606,C01845,"Long, Campos and Bennett",Fleet,Automotive,East Austinmouth,Netherlands,2026-02-05,1
20243680,338,3647,6,108,9,3,18,4991.8,4139.36,852.44,4904.8,5403.4,P0338,Electronics Product 338,Electronics,279,674,C03647,Watson Ltd,Fleet,Manufacturing,Jonesview,Belgium,2019-05-17,1
20229659,192,3627,6,69,7,2,4,3372.95,2589.5,783.45,3428.34,3373.5,P0192,Sensors Product 192,Sensors,76,900,C03627,Ford-Robertson,Distributor,Manufacturing,Rodneyport,Netherlands,2022-11-28,1
20239020,101,1715,5,114,1,2,7,4469.04,2765.59,1703.45,4359.36,4537.31,P0101,Turbochargers Product 101,Turbochargers,215,334,C01715,Cruz-Rodriguez,Fleet,Manufacturing,West Gary,Austria,2021-12-21,1
20233240,440,4161,5,12,4,4,18,106.31,64.93,41.38,102.39,105.7,P0440,Sensors Product 440,Sensors,382,762,C04161,Collins Inc,Distributor,Automotive,Williamston,France,2025-09-24,1
20259106,192,3018,6,2,6,5,4,1376.23,955.12,421.11,1361.53,1432.52,P0192,Sensors Product 192,Sensors,76,900,C03018,Martin-Morris,Distributor,Transportation,Gabrielport,Sweden,2026-06-15,1
20221919,235,3948,6,110,2,2,13,3857.42,3160.8,696.62,3708.96,4174.06,P0235,Aftertreatment Product 235,Aftertreatment,401,732,C03948,Smith and Sons,OEM,Transportation,North Meganborough,Poland,2026-07-05,1
20258827,165,626,10,118,5,1,18,1186.85,813.8,373.05,1156.89,1217.16,P0165,Turbochargers Product 165,Turbochargers,126,845,C00626,"Riddle, Logan and Davidson",Fleet,Automotive,Jillport,Sweden,2018-10-19,1
20248774,300,223,5,100,2,4,13,1539.43,1272.09,267.34,1477.1,1488.39,P0300,Cooling Systems Product 300,Cooling Systems,360,329,C00223,"Shields, Vazquez and Roach",Distributor,Automotive,Melissaville,France,2017-07-23,1
20255525,470,3890,8,60,3,5,12,1578.89,974.45,604.44,1619.0,1712.5,P0470,Electronics Product 470,Electronics,408,327,C03890,Morton Group,OEM,Manufacturing,West Brian,Austria,2017-03-06,1
20245093,394,4493,9,77,1,2,16,1876.22,1163.69,712.53,1940.84,2049.86,P0394,Sensors Product 394,Sensors,430,463,C04493,"White, Wise and Griffith",Distributor,Manufacturing,South Haley,Poland,2024-04-12,1
20228847,352,4927,7,1,3,5,3,3369.44,2319.1,1050.34,3364.91,3435.02,P0352,Filtration Product 352,Filtration,317,686,C04927,"Trevino, Brown and Garner",OEM,Manufacturing,Diazhaven,Poland,2022-10-09,1
20249458,357,389,2,120,6,5,16,998.53,719.58,278.95,1002.53,1077.08,P0357,Turbochargers Product 357,Turbochargers,388,710,C00389,"Huffman, Thompson and Lin",Distributor,Transportation,Hernandezborough,Netherlands,2021-09-06,1
20228961,296,915,4,40,4,5,11,4367.26,3853.58,513.68,4225.82,4722.57,P0296,Electronics Product 296,Electronics,200,189,C00915,Smith Inc,Distributor,Manufacturing,Jacobtown,Netherlands,2023-09-16,1
20232333,273,4174,8,64,6,4,2,1699.22,1404.44,294.78,1723.87,1854.91,P0273,Electronics Product 273,Electronics,359,829,C04174,"Harper, Smith and Valdez",OEM,Transportation,Owenton,Netherlands,2024-11-23,1
20228579,395,3923,7,66,2,5,2,4709.03,3855.99,853.04,4584.43,5045.21,P0395,Aftertreatment Product 395,Aftertreatment,324,151,C03923,"Jones, Chavez and Mckinney",Fleet,Transportation,Ortegatown,Poland,2021-08-24,1
20230799,30,258,7,33,3,4,4,499.66,329.98,169.68,492.2,511.4,P0030,Aftertreatment Product 30,Aftertreatment,124,141,C00258,Jones LLC,Distributor,Manufacturing,Lake Edwardfurt,Sweden,2022-10-15,1
20230193,419,4826,10,106,4,4,14,4368.87,3701.74,667.13,4184.06,4779.48,P0419,Aftertreatment Product 419,Aftertreatment,52,624,C04826,Hanson-Young,Distributor,Automotive,East Kimview,Austria,2018-11-04,1
20228901,251,656,8,50,9,2,13,3873.2,3448.51,424.69,4016.76,3725.86,P0251,Sensors Product 251,Sensors,385,817,C00656,Morris and Sons,OEM,Transportation,Kathleentown,Belgium,2024-06-09,1
20224652,149,544,4,91,7,4,4,3009.26,1952.15,1057.11,2945.64,2913.63,P0149,Sensors Product 149,Sensors,441,408,C00544,Roman LLC,Fleet,Transportation,Maryborough,Netherlands,2021-09-30,1
20248404,51,2912,1,63,8,2,13,3336.1,2974.48,361.62,3304.54,3277.51,P0051,Electronics Product 51,Electronics,420,511,C02912,Turner-Lee,Distributor,Transportation,West Carolyn,Poland,2025-01-20,1
20232638,105,3945,4,39,1,4,1,4360.64,3133.38,1227.26,4191.52,4661.51,P0105,Filtration Product 105,Filtration,163,690,C03945,Contreras-Hart,Distributor,Automotive,Nicholastown,France,2023-12-22,1
20227458,49,439,5,10,3,2,9,2943.71,1918.21,1025.5,2897.26,2820.86,P0049,Electronics Product 49,Electronics,139,685,C00439,Cooper-Blackwell,Distributor,Automotive,North Joanne,Netherlands,2021-08-12,1
20240916,146,4831,6,62,8,4,13,237.69,187.22,50.47,237.11,240.15,P0146,Fuel Systems Product 146,Fuel Systems,401,816,C04831,"Reynolds, Graham and Sanders",Distributor,Manufacturing,Port Debbieton,Sweden,2024-12-17,1
20226139,43,4073,9,85,1,4,11,2105.35,1797.71,307.64,2000.46,2135.37,P0043,Turbochargers Product 43,Turbochargers,303,322,C04073,"Walker, Robinson and Lewis",Fleet,Transportation,Lake Manuelmouth,France,2023-06-22,1
20247063,263,864,6,40,7,2,5,1932.82,1388.52,544.3,1899.98,1992.23,P0263,Sensors Product 263,Sensors,106,470,C00864,Jackson-Olson,OEM,Manufacturing,South Lindsey,Belgium,2022-04-03,1
20260668,376,959,9,57,10,1,12,2813.03,1700.11,1112.92,2731.76,3047.28,P0376,Cooling Systems Product 376,Cooling Systems,75,159,C00959,"Lawrence, Johnson and Daniels",OEM,Transportation,Dominiqueberg,Germany,2024-01-09,1
20244235,399,3627,5,18,1,2,18,1744.88,1536.36,208.52,1821.48,1811.48,P0399,Cooling Systems Product 399,Cooling Systems,441,915,C03627,Ford-Robertson,Distributor,Manufacturing,Rodneyport,Netherlands,2022-11-28,1
20234574,394,2579,10,120,3,1,14,873.65,770.52,103.13,832.11,911.27,P0394,Sensors Product 394,Sensors,430,463,C02579,Reid and Sons,OEM,Automotive,Lake Tracy,Netherlands,2019-01-21,1
20220817,382,2251,6,77,2,3,5,918.03,766.16,151.87,906.47,929.51,P0382,Sensors Product 382,Sensors,460,927,C02251,Olsen LLC,OEM,Transportation,East Jamie,Austria,2024-11-01,1
20257948,8,3093,5,88,8,5,12,3510.35,2666.91,843.44,3492.7,3400.11,P0008,Turbochargers Product 8,Turbochargers,408,245,C03093,"Gallegos, Garcia and Hamilton",Distributor,Automotive,Pattersonmouth,Sweden,2017-08-22,1
20258432,8,1473,10,116,6,1,11,2385.44,1962.0,423.44,2442.82,2453.19,P0008,Turbochargers Product 8,Turbochargers,408,245,C01473,Smith LLC,Distributor,Transportation,West William,France,2022-10-07,1
20260690,31,3379,4,22,1,4,3,1072.5,826.82,245.68,1095.21,1139.33,P0031,Sensors Product 31,Sensors,178,855,C03379,Vance-Jones,OEM,Automotive,Perkinsside,Netherlands,2017-09-11,1
20260911,179,1836,2,19,2,4,7,434.35,276.06,158.29,425.71,426.27,P0179,Sensors Product 179,Sensors,202,270,C01836,Mason Inc,Distributor,Manufacturing,Port Caitlinfurt,Spain,2021-03-11,1
20221093,105,748,9,44,4,2,14,3456.21,2710.68,745.53,3327.91,3298.44,P0105,Filtration Product 105,Filtration,163,690,C00748,Holt-Tran,Distributor,Transportation,Port Brianville,Poland,2019-08-26,1
20246932,144,4827,8,45,7,2,20,531.74,386.26,145.48,513.15,564.5,P0144,Filtration Product 144,Filtration,322,362,C04827,Carney-Lee,OEM,Manufacturing,Woodton,Netherlands,2024-01-29,1
20250655,288,4921,5,29,8,5,2,210.76,187.62,23.14,211.59,228.42,P0288,Sensors Product 288,Sensors,78,583,C04921,Barnett Inc,Distributor,Automotive,Benjaminmouth,Netherlands,2023-11-24,1
20253794,382,2308,8,17,7,3,5,1492.47,1078.81,413.66,1469.65,1441.55,P0382,Sensors Product 382,Sensors,460,927,C02308,Gay-Middleton,Distributor,Automotive,West Mitchellstad,Belgium,2026-06-01,1
20245526,216,1408,4,76,4,1,13,542.09,443.88,98.21,569.1,532.55,P0216,Cooling Systems Product 216,Cooling Systems,366,240,C01408,"Schroeder, Carroll and Johnson",OEM,Manufacturing,Hudsontown,Austria,2016-10-23,1
20258811,92,2646,10,30,7,5,16,193.18,144.78,48.4,188.06,207.26,P0092,Electronics Product 92,Electronics,297,337,C02646,"Green, Johnson and Harris",OEM,Manufacturing,New Justin,Netherlands,2017-01-13,1
20235600,147,3904,1,5,3,2,12,1139.2,1013.98,125.22,1177.06,1161.18,P0147,Sensors Product 147,Sensors,54,359,C03904,Ayers Inc,Distributor,Transportation,Cooperborough,Italy,2018-09-25,1
20226655,289,1837,10,95,8,2,12,2271.37,1791.98,479.39,2362.63,2366.26,P0289,Fuel Systems Product 289,Fuel Systems,169,373,C01837,"Thomas, Davis and Avery",OEM,Manufacturing,Williamsfort,Spain,2026-01-19,1
20246765,116,4989,5,117,8,5,7,1276.05,1068.62,207.43,1324.2,1237.23,P0116,Filtration Product 116,Filtration,308,352,C04989,Williams-Brooks,OEM,Automotive,New Melissaside,Spain,2026-06-02,1
20233441,106,4085,5,100,4,1,7,4336.54,3436.73,899.81,4468.31,4379.67,P0106,Filtration Product 106,Filtration,289,517,C04085,Alvarado PLC,OEM,Transportation,South Jayburgh,Austria,2023-01-30,1
20251343,295,4461,10,64,1,1,1,4738.93,2916.48,1822.45,4611.99,4722.61,P0295,Sensors Product 295,Sensors,177,878,C04461,Wang Group,Fleet,Manufacturing,Harrisonton,Germany,2026-03-29,1
20235459,280,4341,10,89,10,3,7,3147.07,2828.98,318.09,3301.58,3047.84,P0280,Filtration Product 280,Filtration,159,364,C04341,"Jones, Fowler and Owens",OEM,Transportation,East Ebony,Belgium,2016-12-03,1
20241747,239,1526,6,31,10,1,18,4658.11,2972.15,1685.96,4881.72,4959.46,P0239,Fuel Systems Product 239,Fuel Systems,362,107,C01526,"Holland, Anderson and Smith",Fleet,Automotive,East Elizabethhaven,Sweden,2019-10-08,1
20247816,167,2650,10,95,10,4,7,1865.36,1431.7,433.66,1932.47,1967.88,P0167,Fuel Systems Product 167,Fuel Systems,235,341,C02650,Nichols LLC,OEM,Automotive,Williamsside,Netherlands,2017-02-22,1
20237568,420,713,4,23,9,2,17,1308.25,1091.66,216.59,1346.24,1279.93,P0420,Fuel Systems Product 420,Fuel Systems,251,703,C00713,"Thomas, Cole and Robbins",OEM,Automotive,South Robintown,Sweden,2025-09-24,1
20248777,361,3508,8,120,5,5,11,3819.03,2912.72,906.31,3843.69,3814.09,P0361,Turbochargers Product 361,Turbochargers,486,137,C03508,Ibarra-Zamora,OEM,Automotive,Millerfort,Netherlands,2020-05-01,1
20224202,318,1961,7,1,2,3,18,3707.48,2872.48,835.0,3696.14,3928.09,P0318,Sensors Product 318,Sensors,407,237,C01961,Patterson and Sons,Distributor,Transportation,Port Christopher,France,2020-06-25,1
20235286,296,1850,8,91,1,2,10,2682.35,2250.95,431.4,2659.1,2858.67,P0296,Electronics Product 296,Electronics,200,189,C01850,"Thomas, Cole and Cook",OEM,Automotive,South Tanyamouth,France,2018-03-17,1
20238954,11,258,5,35,5,1,14,614.26,525.92,88.34,628.01,588.53,P0011,Aftertreatment Product 11,Aftertreatment,391,101,C00258,Jones LLC,Distributor,Manufacturing,Lake Edwardfurt,Sweden,2022-10-15,1
20248002,269,1853,2,42,7,5,14,837.89,544.66,293.23,873.97,859.36,P0269,Filtration Product 269,Filtration,473,207,C01853,Dunn-Miles,OEM,Transportation,West Anthony,Italy,2022-05-07,1
20249203,344,808,9,58,2,1,9,3772.33,3084.32,688.01,3737.8,4107.98,P0344,Cooling Systems Product 344,Cooling Systems,482,648,C00808,"Morris, Cordova and Ortiz",OEM,Manufacturing,North Steventown,Spain,2021-11-01,1
20229896,231,3630,8,117,7,3,17,2003.98,1767.57,236.41,1999.4,2133.63,P0231,Fuel Systems Product 231,Fuel Systems,293,699,C03630,Meyer LLC,Fleet,Manufacturing,Port Joseph,Germany,2021-01-29,1
20239550,169,4521,9,83,2,5,13,3657.13,2454.87,1202.26,3514.99,3625.83,P0169,Turbochargers Product 169,Turbochargers,442,635,C04521,"Williams, Webster and Elliott",OEM,Transportation,East Christopherberg,Italy,2021-11-13,1
20242886,246,867,1,109,1,4,7,3846.72,3103.87,742.85,3728.7,3835.33,P0246,Cooling Systems Product 246,Cooling Systems,60,416,C00867,"Peterson, Harvey and Cross",Distributor,Manufacturing,Kristinaview,France,2019-07-14,1
20231697,412,1232,1,43,4,1,7,4320.69,3291.05,1029.64,4409.44,4431.57,P0412,Sensors Product 412,Sensors,472,328,C01232,"Adams, Hardy and Guerrero",Fleet,Manufacturing,North Glenn,Italy,2021-04-08,1
20250824,421,2882,7,47,2,3,4,544.96,431.65,113.31,523.42,551.1,P0421,Sensors Product 421,Sensors,88,105,C02882,Keller PLC,OEM,Transportation,Lake Kylieland,Austria,2022-12-06,1
20254364,7,528,3,66,7,5,17,2375.65,1427.68,947.97,2480.8,2346.3,P0007,Sensors Product 7,Sensors,349,969,C00528,May Group,OEM,Manufacturing,South Mark,Poland,2016-09-13,1
20234178,28,4979,2,90,8,3,14,4856.33,3665.8,1190.53,4814.19,5236.5,P0028,Sensors Product 28,Sensors,216,459,C04979,White-Vaughn,Distributor,Automotive,Brittanyborough,Poland,2022-05-19,1
20227291,155,4054,6,81,7,4,7,1899.17,1659.82,239.35,1879.67,1826.03,P0155,Fuel Systems Product 155,Fuel Systems,406,343,C04054,Jensen PLC,Distributor,Manufacturing,Jacksonmouth,Austria,2021-04-01,1
20220942,408,95,7,74,1,2,14,4036.57,2789.36,1247.21,3898.43,3913.94,P0408,Aftertreatment Product 408,Aftertreatment,476,366,C00095,Thomas-Rodriguez,Fleet,Manufacturing,New Mark,Sweden,2017-12-28,1
20257892,186,4703,8,53,5,5,4,3367.58,2698.6,668.98,3271.66,3342.55,P0186,Sensors Product 186,Sensors,325,550,C04703,"Flynn, Acosta and Bender",OEM,Automotive,Lisaville,Italy,2019-06-02,1
20248155,482,3317,3,103,4,3,5,2746.0,2031.98,714.02,2738.4,2899.27,P0482,Sensors Product 482,Sensors,192,982,C03317,Perez LLC,Fleet,Transportation,South Gregory,Italy,2023-12-16,1
20255133,206,1743,9,40,8,5,11,793.46,656.68,136.78,829.49,862.68,P0206,Filtration Product 206,Filtration,61,486,C01743,Cain-Garcia,Distributor,Transportation,South Don,Germany,2017-12-22,1
20243779,176,2630,6,116,9,2,10,396.56,289.32,107.24,406.79,402.12,P0176,Aftertreatment Product 176,Aftertreatment,119,257,C02630,Mcconnell-Stone,OEM,Manufacturing,North Shari,Netherlands,2021-05-23,1
20222073,277,982,5,73,8,3,16,1820.99,1149.04,671.95,1788.96,1970.48,P0277,Filtration Product 277,Filtration,372,298,C00982,"Bell, Hall and Webb",Fleet,Transportation,Reynoldsfort,Italy,2020-05-23,1
20260950,69,69,3,89,2,5,13,1723.26,1159.75,563.51,1644.96,1786.44,P0069,Cooling Systems Product 69,Cooling Systems,184,980,C00069,Keith-Simmons,OEM,Transportation,Lake Monique,France,2026-07-02,1
20223277,36,695,4,4,8,1,6,2416.81,1738.2,678.61,2345.7,2547.24,P0036,Electronics Product 36,Electronics,480,345,C00695,Henderson-Maddox,OEM,Automotive,Jamieshire,France,2024-02-22,1
20255665,488,947,5,1,10,4,15,1062.82,810.0,252.82,1038.61,1159.03,P0488,Filtration Product 488,Filtration,167,240,C00947,Williams LLC,OEM,Automotive,Youngtown,Germany,2020-05-06,1
20252174,345,160,4,46,5,4,18,4806.61,3297.63,1508.98,4687.73,4618.87,P0345,Electronics Product 345,Electronics,104,632,C00160,Wilson Ltd,Distributor,Automotive,West William,Netherlands,2020-03-03,1
20228394,290,2821,8,47,9,4,18,4233.66,3128.32,1105.34,4151.48,4344.13,P0290,Fuel Systems Product 290,Fuel Systems,374,318,C02821,Mack-Miller,OEM,Manufacturing,Scottport,Germany,2026-03-09,1
20227302,57,4585,9,48,8,4,17,1506.69,1140.2,366.49,1448.22,1655.02,P0057,Filtration Product 57,Filtration,182,606,C04585,"York, Wang and Green",OEM,Manufacturing,Robertton,Poland,2019-10-15,1
20231615,105,4282,6,54,8,2,12,4019.27,3043.16,976.11,4084.4,4327.89,P0105,Filtration Product 105,Filtration,163,690,C04282,Elliott-Mccullough,OEM,Transportation,East Christinafurt,Belgium,2021-10-13,1
20261125,3,895,9,40,6,4,14,302.93,264.94,37.99,303.79,290.96,P0003,Aftertreatment Product 3,Aftertreatment,441,811,C00895,Anderson-Gonzalez,Fleet,Automotive,South Jeff,Sweden,2023-12-16,1
20255700,308,3747,4,33,5,4,7,1125.56,930.53,195.03,1091.29,1203.9,P0308,Turbochargers Product 308,Turbochargers,154,702,C03747,"Morgan, Sanchez and Johnson",Fleet,Automotive,Jessicashire,Italy,2019-05-29,1
20260246,469,4788,5,10,2,4,20,4282.88,3294.47,988.41,4134.28,4559.73,P0469,Turbochargers Product 469,Turbochargers,275,157,C04788,Paul Group,Distributor,Automotive,South Maryland,Poland,2021-01-11,1
20241673,467,2604,5,10,4,5,15,658.96,447.44,211.52,691.42,694.89,P0467,Aftertreatment Product 467,Aftertreatment,451,174,C02604,Sanchez-Nelson,Distributor,Transportation,Noahview,Sweden,2021-01-16,1
20227738,319,1440,4,81,2,1,11,3316.67,2629.49,687.18,3357.0,3591.93,P0319,Aftertreatment Product 319,Aftertreatment,233,504,C01440,Roberts-Hernandez,Distributor,Transportation,New Micheleton,Netherlands,2018-07-19,1
20226118,208,2251,7,51,9,3,13,4790.41,3678.48,1111.93,4975.0,5267.88,P0208,Sensors Product 208,Sensors,403,983,C02251,Olsen LLC,OEM,Transportation,East Jamie,Austria,2024-11-01,1
20252047,19,275,3,80,5,2,4,157.03,113.65,43.38,154.34,163.91,P0019,Filtration Product 19,Filtration,481,705,C00275,"Cruz, Coleman and Hill",OEM,Manufacturing,New Robin,Austria,2018-12-06,1
20243286,448,3363,9,33,4,5,7,2615.73,1922.06,693.67,2627.22,2633.59,P0448,Cooling Systems Product 448,Cooling Systems,64,439,C03363,Wang Inc,OEM,Transportation,Jamesburgh,Germany,2023-04-09,1
20238703,108,1905,6,77,2,3,3,3346.39,2101.12,1245.27,3510.14,3335.45,P0108,Aftertreatment Product 108,Aftertreatment,472,808,C01905,Khan and Sons,Fleet,Transportation,Loganmouth,Italy,2025-03-30,1
20220566,104,3992,1,100,9,4,3,4206.98,2602.91,1604.07,4130.68,4608.46,P0104,Sensors Product 104,Sensors,395,283,C03992,Allen-Morales,Fleet,Transportation,North Benjamin,Austria,2017-06-29,1
20246638,343,1300,8,101,1,5,17,4150.34,2868.86,1281.48,4102.16,4329.49,P0343,Electronics Product 343,Electronics,477,488,C01300,"Hansen, Cherry and West",Fleet,Manufacturing,Emilymouth,Spain,2022-02-03,1
20229284,208,2640,4,17,9,4,14,4259.15,2762.95,1496.2,4193.97,4210.12,P0208,Sensors Product 208,Sensors,403,983,C02640,Cooper PLC,OEM,Manufacturing,Wareberg,Belgium,2021-07-14,1
20247412,107,1752,3,75,5,5,18,1846.27,1191.37,654.9,1847.18,1776.58,P0107,Filtration Product 107,Filtration,112,196,C01752,Marshall PLC,Distributor,Transportation,North Catherineside,Italy,2025-04-16,1
20256560,123,2512,7,87,4,5,1,3723.24,3341.4,381.84,3730.3,3807.14,P0123,Cooling Systems Product 123,Cooling Systems,147,719,C02512,Saunders-Allen,Fleet,Transportation,South Natalie,Belgium,2021-02-24,1
20226275,220,448,6,42,7,5,18,3491.58,2119.02,1372.56,3345.06,3802.26,P0220,Filtration Product 220,Filtration,401,447,C00448,Marshall-Nelson,Distributor,Transportation,Brandiland,Austria,2023-03-16,1
20259109,31,3439,2,110,10,2,8,2233.75,1811.2,422.55,2276.36,2247.72,P0031,Sensors Product 31,Sensors,178,855,C03439,"Thompson, Moran and Webster",OEM,Manufacturing,South Eric,Belgium,2018-01-28,1
20234859,186,1843,3,20,9,4,7,3518.65,3162.77,355.88,3682.7,3417.81,P0186,Sensors Product 186,Sensors,325,550,C01843,Sanders LLC,Fleet,Manufacturing,South Christinemouth,Spain,2021-07-10,1
20239502,89,3561,5,49,10,2,6,2220.15,1675.25,544.9,2328.07,2421.03,P0089,Sensors Product 89,Sensors,93,629,C03561,"Foley, Guzman and Lang",OEM,Automotive,Aguirrefort,Germany,2024-02-17,1
20233166,97,682,2,23,5,2,18,3190.97,2231.09,959.88,3251.7,3422.61,P0097,Turbochargers Product 97,Turbochargers,328,510,C00682,Irwin and Sons,Distributor,Transportation,East Leslie,Poland,2025-11-18,1
20245438,34,3486,1,77,4,4,10,239.15,162.18,76.97,234.22,258.22,P0034,Fuel Systems Product 34,Fuel Systems,67,719,C03486,Lozano-Ruiz,Fleet,Transportation,Ashleyborough,Germany,2021-01-25,1
20243749,427,1693,9,23,7,5,16,1844.34,1401.16,443.18,1901.17,1779.3,P0427,Sensors Product 427,Sensors,314,409,C01693,Johnson Group,OEM,Automotive,South Scott,Belgium,2020-06-04,1
20259846,218,1743,8,97,2,3,6,2690.41,1976.65,713.76,2731.75,2832.59,P0218,Fuel Systems Product 218,Fuel Systems,416,430,C01743,Cain-Garcia,Distributor,Transportation,South Don,Germany,2017-12-22,1
20245973,20,3440,1,35,6,2,13,1911.18,1548.53,362.65,1860.33,1967.62,P0020,Turbochargers Product 20,Turbochargers,66,961,C03440,Garcia Inc,Fleet,Automotive,Davisshire,Spain,2018-07-08,1
20241734,458,721,5,108,9,5,10,3579.19,2799.22,779.97,3651.01,3421.87,P0458,Sensors Product 458,Sensors,64,799,C00721,"Stephens, Davis and Johnson",Distributor,Automotive,Amyfort,France,2023-08-27,1
20241277,339,4562,1,113,5,2,19,1998.02,1642.27,355.75,1948.22,2071.9,P0339,Cooling Systems Product 339,Cooling Systems,290,786,C04562,Garrison PLC,Distributor,Manufacturing,Jonathanside,Germany,2022-01-06,1
20246437,13,1229,6,1,10,5,19,3670.99,2916.36,754.63,3655.3,3503.23,P0013,Turbochargers Product 13,Turbochargers,289,541,C01229,Stewart Inc,OEM,Automotive,Lawsonstad,Poland,2020-12-26,1
20222771,226,1083,1,30,1,2,11,1429.46,1150.64,278.82,1473.11,1560.43,P0226,Sensors Product 226,Sensors,473,523,C01083,Alvarado PLC,Distributor,Automotive,Port Holly,Austria,2026-05-19,1
20222963,321,1153,4,58,2,1,7,3580.72,2970.75,609.97,3690.13,3422.4,P0321,Cooling Systems Product 321,Cooling Systems,340,488,C01153,"Taylor, Collins and Boyd",OEM,Automotive,Jamestown,Spain,2020-03-17,1
20244590,238,2053,3,87,6,3,11,3193.06,2420.16,772.9,3082.11,3356.98,P0238,Cooling Systems Product 238,Cooling Systems,440,655,C02053,Martinez-Reese,Distributor,Manufacturing,Melendezside,Germany,2025-03-20,1
20245878,348,1259,9,4,6,3,17,4646.68,3989.7,656.98,4483.16,4979.76,P0348,Electronics Product 348,Electronics,355,293,C01259,"Boyd, Allen and Neal",Fleet,Transportation,Collinston,Spain,2026-02-27,1
20229332,87,1596,1,95,3,3,1,4592.12,4000.15,591.97,4728.42,4941.86,P0087,Turbochargers Product 87,Turbochargers,199,502,C01596,Griffin Ltd,Distributor,Automotive,Jamesmouth,France,2018-06-13,1
20242209,273,1917,4,37,1,4,20,2168.63,1654.68,513.95,2138.42,2074.38,P0273,Electronics Product 273,Electronics,359,829,C01917,"Davis, Howard and Turner",Fleet,Transportation,Charlesfurt,Netherlands,2021-11-10,1
20257261,408,4525,6,36,7,5,4,1971.61,1612.95,358.66,1877.08,2076.94,P0408,Aftertreatment Product 408,Aftertreatment,476,366,C04525,Wheeler-Torres,Fleet,Transportation,South Susan,Germany,2019-09-16,1
20222520,63,1578,7,22,1,1,10,2753.26,2234.41,518.85,2731.33,2831.72,P0063,Turbochargers Product 63,Turbochargers,500,640,C01578,"Ali, Harris and Wilson",Distributor,Manufacturing,Port Andrew,Netherlands,2025-03-23,1
20224360,134,3855,3,99,2,5,1,4588.1,3318.23,1269.87,4510.84,4486.66,P0134,Fuel Systems Product 134,Fuel Systems,256,227,C03855,Horn-Parsons,Distributor,Transportation,West Ryan,Spain,2017-06-06,1
20230945,158,1067,8,108,8,4,18,1521.26,1111.72,409.54,1566.11,1466.27,P0158,Filtration Product 158,Filtration,101,235,C01067,"Ferrell, Mitchell and Parker",Fleet,Transportation,Port Stephanieside,Poland,2019-12-30,1
20222471,429,4135,1,82,2,4,14,3080.24,1874.14,1206.1,2995.06,3058.75,P0429,Aftertreatment Product 429,Aftertreatment,463,540,C04135,Miller-Gray,OEM,Manufacturing,Lindseyside,Austria,2022-01-07,1
20249581,286,3629,5,45,8,3,2,3192.71,2474.62,718.09,3350.58,3477.85,P0286,Aftertreatment Product 286,Aftertreatment,346,148,C03629,Perez-Contreras,Distributor,Transportation,South Wendy,Netherlands,2022-04-22,1
20260166,339,4321,2,80,2,3,18,3247.0,2646.08,600.92,3152.49,3215.78,P0339,Cooling Systems Product 339,Cooling Systems,290,786,C04321,"Reyes, Robinson and Neal",Distributor,Automotive,East Michaelport,Belgium,2016-09-17,1
20249523,293,2475,5,81,7,1,7,4559.38,2906.29,1653.09,4725.77,4740.22,P0293,Sensors Product 293,Sensors,124,541,C02475,Meyer-Clark,Distributor,Automotive,Patrickhaven,Sweden,2018-03-12,1
20259410,103,1751,5,45,10,5,17,853.79,648.9,204.89,871.32,914.82,P0103,Turbochargers Product 103,Turbochargers,153,188,C01751,Torres-Bright,Distributor,Transportation,Gregoryfurt,Poland,2019-03-23,1
20253524,73,3779,10,85,9,1,20,220.82,184.97,35.85,222.94,230.1,P0073,Electronics Product 73,Electronics,385,474,C03779,Davis Ltd,Fleet,Transportation,South Jasmineborough,Germany,2023-02-01,1
20253196,365,1241,8,102,7,2,7,3005.96,2264.16,741.8,3126.77,3291.5,P0365,Aftertreatment Product 365,Aftertreatment,222,506,C01241,Walker-Jones,OEM,Manufacturing,South Yvonneburgh,Poland,2020-08-08,1
20224393,443,203,5,103,8,3,8,2450.47,1709.99,740.48,2500.44,2506.25,P0443,Cooling Systems Product 443,Cooling Systems,179,863,C00203,Diaz LLC,Fleet,Transportation,Combsburgh,Sweden,2018-02-27,1
20237894,15,4374,8,74,9,4,18,4838.41,3768.31,1070.1,4929.57,4760.85,P0015,Cooling Systems Product 15,Cooling Systems,361,538,C04374,Crawford-Jenkins,Fleet,Transportation,Charlesshire,Sweden,2022-05-27,1
20257627,378,2179,4,89,4,1,6,980.86,624.05,356.81,985.76,969.18,P0378,Filtration Product 378,Filtration,146,244,C02179,"Alexander, Rocha and Waters",OEM,Automotive,New Emily,Belgium,2023-03-20,1
20238503,63,1944,1,94,5,5,10,2144.79,1544.9,599.89,2053.28,2235.4,P0063,Turbochargers Product 63,Turbochargers,500,640,C01944,Dixon Inc,OEM,Automotive,Frankmouth,Germany,2018-09-20,1
20230396,298,4733,6,71,1,5,6,1619.55,1154.83,464.72,1679.85,1740.89,P0298,Sensors Product 298,Sensors,292,933,C04733,Cruz PLC,OEM,Manufacturing,Robinville,Netherlands,2026-01-01,1
20254113,233,1029,2,41,10,5,9,4065.97,3464.52,601.45,4033.21,4098.3,P0233,Fuel Systems Product 233,Fuel Systems,158,136,C01029,Wolfe-Mitchell,Distributor,Automotive,Gregoryburgh,Sweden,2025-09-05,1
20243359,456,4048,10,54,6,5,9,162.22,125.83,36.39,157.22,175.13,P0456,Sensors Product 456,Sensors,174,742,C04048,Johnson-Rodriguez,Distributor,Manufacturing,West Charlesmouth,Belgium,2025-03-02,1
20220904,125,2906,1,96,1,4,2,3393.81,2846.93,546.88,3362.12,3320.93,P0125,Turbochargers Product 125,Turbochargers,437,990,C02906,Santana Group,OEM,Manufacturing,West Tamara,Belgium,2022-09-02,1
20239110,141,2779,1,1,1,5,15,1228.91,1089.94,138.97,1259.85,1205.97,P0141,Aftertreatment Product 141,Aftertreatment,150,465,C02779,"Osborne, Robbins and Daniel",Fleet,Transportation,Port Davidtown,Sweden,2016-09-24,1
20236056,336,2805,8,22,5,2,18,582.48,433.83,148.65,594.07,600.38,P0336,Sensors Product 336,Sensors,121,848,C02805,"Price, Smith and Rios",Fleet,Automotive,Matthewport,Belgium,2020-06-06,1
20225587,383,2897,4,33,6,1,14,4239.56,3125.92,1113.64,4078.38,4208.56,P0383,Electronics Product 383,Electronics,446,491,C02897,Faulkner Inc,Fleet,Manufacturing,Adammouth,Poland,2019-09-27,1
20246814,97,3371,5,14,10,2,12,2348.01,1565.74,782.27,2275.23,2502.35,P0097,Turbochargers Product 97,Turbochargers,328,510,C03371,"Wright, Middleton and Evans",Distributor,Automotive,Brianfurt,Italy,2017-02-02,1
20254775,219,1168,4,36,9,1,16,2797.79,1983.15,814.64,2768.36,2841.13,P0219,Electronics Product 219,Electronics,469,530,C01168,Powell Group,Fleet,Transportation,Port Jamesbury,Belgium,2021-11-07,1
20224507,311,3562,7,5,1,2,8,4079.29,3291.42,787.87,4030.12,4011.78,P0311,Sensors Product 311,Sensors,256,601,C03562,"Kim, Caldwell and Sloan",OEM,Manufacturing,Bushmouth,Austria,2024-07-23,1
20236795,68,476,4,98,4,4,16,2119.15,1343.6,775.55,2091.96,2229.91,P0068,Filtration Product 68,Filtration,120,182,C00476,Horne Ltd,Fleet,Manufacturing,Port Jorgeville,Sweden,2021-08-10,1
20241567,303,900,4,114,10,5,4,1513.8,948.04,565.76,1469.1,1489.58,P0303,Filtration Product 303,Filtration,472,223,C00900,Brandt-White,Distributor,Transportation,New Matthewfort,France,2017-08-21,1
20243053,286,2587,1,101,4,4,7,1129.35,917.65,211.7,1077.08,1241.62,P0286,Aftertreatment Product 286,Aftertreatment,346,148,C02587,"Lewis, Ramos and Hayes",Fleet,Transportation,West Hector,Poland,2019-05-05,1
20234082,214,2804,6,104,9,1,2,3131.64,2498.22,633.42,3001.76,3314.83,P0214,Cooling Systems Product 214,Cooling Systems,448,206,C02804,Rodriguez LLC,Distributor,Automotive,Richardchester,Austria,2020-12-22,1
20232232,107,3517,9,108,8,4,11,979.5,727.35,252.15,1011.57,1048.14,P0107,Filtration Product 107,Filtration,112,196,C03517,Russell LLC,Distributor,Transportation,Marshallfort,Sweden,2021-04-23,1
20236213,494,3746,4,116,7,4,9,1226.06,958.12,267.94,1286.93,1165.8,P0494,Turbochargers Product 494,Turbochargers,491,324,C03746,Ho-Gonzalez,OEM,Transportation,North Stephanieton,Belgium,2026-05-30,1
20257616,186,1040,1,40,4,5,13,1469.5,1309.46,160.04,1463.38,1526.65,P0186,Sensors Product 186,Sensors,325,550,C01040,"Reynolds, Johnson and Wilson",OEM,Transportation,Port Christopherstad,Spain,2024-05-12,1
20247989,152,4122,8,48,4,1,4,4232.36,2955.25,1277.11,4273.83,4543.59,P0152,Cooling Systems Product 152,Cooling Systems,483,882,C04122,Williams-Martinez,Fleet,Automotive,South Cassandra,Poland,2017-01-24,1
20243017,449,3063,10,64,7,1,4,4437.39,3909.08,528.31,4554.17,4772.47,P0449,Turbochargers Product 449,Turbochargers,466,253,C03063,Rodriguez Group,OEM,Transportation,Lake Cheryl,Spain,2022-06-11,1
20252933,165,3994,10,75,5,2,14,2276.4,2018.58,257.82,2325.24,2283.07,P0165,Turbochargers Product 165,Turbochargers,126,845,C03994,"Miller, Vargas and Davis",Distributor,Automotive,New John,Spain,2017-10-17,1
20250593,73,3473,8,15,7,1,3,647.42,564.59,82.83,624.08,708.32,P0073,Electronics Product 73,Electronics,385,474,C03473,Johnston-Moody,Fleet,Transportation,West Michaelbury,Spain,2019-08-14,1
20236208,446,1761,5,82,10,1,9,3287.93,2507.62,780.31,3229.89,3508.74,P0446,Fuel Systems Product 446,Fuel Systems,211,595,C01761,Herring Inc,Distributor,Transportation,West Kathy,Germany,2025-08-11,1
20234459,90,4852,9,20,8,2,4,1602.69,1063.41,539.28,1606.5,1760.7,P0090,Electronics Product 90,Electronics,466,974,C04852,Ellis and Sons,Fleet,Manufacturing,Kathleenshire,Poland,2022-03-02,1
20236525,14,2024,7,57,10,5,8,735.99,655.93,80.06,756.78,788.82,P0014,Electronics Product 14,Electronics,120,660,C02024,Dawson-Johnson,OEM,Manufacturing,Mollyfort,Belgium,2024-09-01,1
20224922,112,3773,6,35,1,2,8,763.01,680.57,82.44,777.67,796.86,P0112,Cooling Systems Product 112,Cooling Systems,416,407,C03773,"Hanna, Phillips and Todd",OEM,Manufacturing,Sweeneymouth,Netherlands,2020-09-10,1
20237217,94,3436,8,70,7,2,18,4261.34,2726.91,1534.43,4095.15,4445.44,P0094,Aftertreatment Product 94,Aftertreatment,214,964,C03436,Williams-Hendrix,Distributor,Transportation,Petersonhaven,Sweden,2018-08-05,1
20258232,102,4478,6,45,9,5,19,2844.81,2455.91,388.9,2933.85,3054.11,P0102,Electronics Product 102,Electronics,346,814,C04478,Daniels-Perez,Fleet,Manufacturing,North Katherine,Germany,2025-05-27,1
20244314,181,2253,8,13,5,4,1,1567.49,983.79,583.7,1607.86,1520.07,P0181,Cooling Systems Product 181,Cooling Systems,243,370,C02253,Wade-Parker,Distributor,Manufacturing,Lake Robert,Belgium,2022-10-16,1
20238341,239,1343,7,6,1,5,16,1414.47,904.08,510.39,1468.81,1390.87,P0239,Fuel Systems Product 239,Fuel Systems,362,107,C01343,Hamilton Ltd,OEM,Automotive,South Patricia,Austria,2018-07-31,1
20221480,63,144,9,30,4,5,18,1878.15,1615.63,262.52,1892.46,1961.35,P0063,Turbochargers Product 63,Turbochargers,500,640,C00144,Guerrero-Sanchez,Fleet,Transportation,Kyleview,Poland,2024-04-05,1
20237453,283,2385,7,15,3,5,16,3246.43,2336.54,909.89,3138.84,3197.32,P0283,Electronics Product 283,Electronics,313,844,C02385,Chavez Ltd,Distributor,Automotive,Lake Sarah,Belgium,2024-11-22,1
20220364,72,312,2,99,10,1,19,2905.24,2439.52,465.72,2854.68,3022.51,P0072,Filtration Product 72,Filtration,99,254,C00312,Perry and Sons,OEM,Transportation,Fergusonland,Sweden,2022-07-05,1
20260976,448,2226,10,106,6,5,15,1084.55,785.02,299.53,1031.89,1036.44,P0448,Cooling Systems Product 448,Cooling Systems,64,439,C02226,Johnson-Yates,Fleet,Manufacturing,Lake Cody,Spain,2017-04-16,1
20255847,157,3807,10,115,2,5,5,979.52,836.46,143.06,986.74,989.56,P0157,Sensors Product 157,Sensors,259,276,C03807,"Odonnell, Holt and Bailey",Distributor,Automotive,West Brandon,France,2025-02-01,1
20229544,485,2907,4,86,3,3,2,3388.55,2629.01,759.54,3348.79,3338.87,P0485,Aftertreatment Product 485,Aftertreatment,458,554,C02907,Berg Group,OEM,Transportation,Samanthahaven,Sweden,2020-07-28,1
20256141,366,3404,1,72,7,4,6,3710.04,2950.65,759.39,3606.05,3951.75,P0366,Sensors Product 366,Sensors,359,401,C03404,"Hubbard, Adams and Robbins",Fleet,Transportation,West Jennifertown,Italy,2024-01-15,1
20237947,292,4180,3,42,6,5,14,4433.85,3357.83,1076.02,4504.48,4238.1,P0292,Aftertreatment Product 292,Aftertreatment,465,130,C04180,Sanders-Odonnell,Fleet,Transportation,West Andrea,Germany,2021-01-01,1
20227901,12,1665,8,110,7,2,16,2117.91,1391.9,726.01,2092.76,2175.66,P0012,Turbochargers Product 12,Turbochargers,314,761,C01665,"Arellano, Whitaker and Jones",OEM,Automotive,Lindseyland,Germany,2022-07-03,1
20226690,234,152,3,34,1,4,4,2606.36,1652.81,953.55,2656.16,2731.04,P0234,Filtration Product 234,Filtration,444,779,C00152,Acevedo-Taylor,Fleet,Manufacturing,South Davidside,Italy,2019-01-08,1
20223548,24,4630,10,16,10,5,3,2519.5,1573.36,946.14,2406.56,2560.89,P0024,Aftertreatment Product 24,Aftertreatment,382,526,C04630,"Mullins, Lynch and Shah",Fleet,Manufacturing,Robertchester,Spain,2017-12-25,1
20240988,201,3516,9,31,8,3,1,455.66,405.35,50.31,437.41,468.41,P0201,Filtration Product 201,Filtration,170,784,C03516,Cuevas-Larson,Distributor,Transportation,Jamiechester,Netherlands,2021-06-24,1
20244142,495,2369,7,60,10,3,11,4385.95,3483.57,902.38,4502.43,4295.52,P0495,Electronics Product 495,Electronics,383,743,C02369,"Bush, Morris and Lawrence",Distributor,Manufacturing,Strongmouth,Italy,2017-01-28,1
20246722,282,4835,2,111,10,4,12,270.97,201.67,69.3,280.39,258.47,P0282,Sensors Product 282,Sensors,228,207,C04835,Johnson-Vincent,Fleet,Transportation,Annmouth,Italy,2016-10-22,1
20247856,331,1251,5,26,2,4,10,4832.66,4195.2,637.46,4713.09,5007.64,P0331,Cooling Systems Product 331,Cooling Systems,438,820,C01251,Sandoval PLC,OEM,Transportation,Port Robinland,France,2024-08-14,1
20257159,145,3775,8,56,6,5,19,3284.87,2823.5,461.37,3246.79,3403.77,P0145,Turbochargers Product 145,Turbochargers,254,255,C03775,"Dillon, Grant and Foster",Fleet,Manufacturing,New Sheila,Netherlands,2017-07-22,1
20244281,138,913,6,30,3,5,17,4035.42,3292.36,743.06,4165.95,4313.15,P0138,Filtration Product 138,Filtration,450,603,C00913,Wright PLC,Distributor,Automotive,Melissaland,Poland,2017-04-15,1
20255845,25,611,9,29,4,2,14,3240.87,2491.84,749.03,3148.81,3425.39,P0025,Cooling Systems Product 25,Cooling Systems,346,262,C00611,Martin and Sons,OEM,Transportation,New Nancy,Belgium,2022-03-07,1
20242330,463,1816,7,26,10,1,11,4702.43,3696.0,1006.43,4782.96,4788.0,P0463,Sensors Product 463,Sensors,387,229,C01816,Schmitt-Mckee,Distributor,Transportation,Port Maryburgh,Italy,2019-05-13,1
20234586,339,3166,3,54,4,5,10,3209.31,2873.02,336.29,3119.09,3049.27,P0339,Cooling Systems Product 339,Cooling Systems,290,786,C03166,Hernandez-Larson,OEM,Transportation,Dunnton,Germany,2022-12-27,1
20247230,196,189,6,48,8,3,17,1419.47,1049.8,369.67,1465.34,1352.99,P0196,Filtration Product 196,Filtration,469,177,C00189,Hernandez and Sons,OEM,Manufacturing,Moonville,Netherlands,2018-04-04,1
20232604,190,3855,3,75,3,3,19,1900.27,1141.08,759.19,1964.05,2024.9,P0190,Sensors Product 190,Sensors,92,951,C03855,Horn-Parsons,Distributor,Transportation,West Ryan,Spain,2017-06-06,1
20250965,159,2472,8,79,9,3,10,1774.41,1528.02,246.39,1815.76,1814.02,P0159,Filtration Product 159,Filtration,180,372,C02472,"Mcclure, Smith and Pearson",OEM,Automotive,Andreamouth,Spain,2018-01-16,1
20236963,435,368,8,47,8,3,12,1716.18,1069.57,646.61,1689.57,1660.08,P0435,Aftertreatment Product 435,Aftertreatment,175,492,C00368,Macias LLC,Fleet,Manufacturing,Conleyburgh,Italy,2021-06-08,1
20261136,132,1080,9,72,5,4,3,2042.32,1538.34,503.98,1946.59,2235.18,P0132,Electronics Product 132,Electronics,363,596,C01080,Hernandez LLC,Distributor,Manufacturing,East David,Poland,2024-01-12,1
20236905,200,1176,4,3,9,2,9,3105.54,2438.62,666.92,3230.74,3049.36,P0200,Electronics Product 200,Electronics,57,195,C01176,Kelley-Rivas,Fleet,Transportation,Williamsberg,Netherlands,2025-11-26,1
20244770,11,3461,6,30,9,3,17,1882.69,1316.26,566.43,1798.01,1820.66,P0011,Aftertreatment Product 11,Aftertreatment,391,101,C03461,Patterson Ltd,Fleet,Transportation,Hawkinschester,Germany,2018-10-06,1
20235217,454,176,2,94,2,4,18,1106.61,896.08,210.53,1055.01,1122.63,P0454,Cooling Systems Product 454,Cooling Systems,141,632,C00176,"Hanson, Conley and Wood",Fleet,Automotive,Annetteside,Belgium,2017-04-16,1
20242815,47,4617,9,51,5,3,11,3667.31,2208.09,1459.22,3793.47,3886.68,P0047,Aftertreatment Product 47,Aftertreatment,487,629,C04617,"Phelps, Brown and Gonzales",Distributor,Automotive,Meltonchester,Spain,2026-02-19,1
20238931,17,1152,4,33,3,3,2,1811.0,1203.73,607.27,1825.17,1858.77,P0017,Electronics Product 17,Electronics,160,200,C01152,Matthews-White,OEM,Transportation,Hollyfort,Italy,2025-11-02,1
20229711,472,4516,8,55,3,1,8,3658.43,3047.57,610.86,3571.61,3569.39,P0472,Aftertreatment Product 472,Aftertreatment,267,714,C04516,Lutz Group,OEM,Automotive,Riddlefort,Sweden,2023-10-18,1
20237204,34,3870,3,110,10,1,10,328.21,242.34,85.87,334.4,341.53,P0034,Fuel Systems Product 34,Fuel Systems,67,719,C03870,Vasquez-Perkins,Distributor,Manufacturing,Jacquelinehaven,Poland,2022-07-20,1
20246325,120,1817,7,47,3,1,17,1598.91,1195.06,403.85,1663.54,1537.03,P0120,Cooling Systems Product 120,Cooling Systems,484,991,C01817,Alexander-Mccullough,Fleet,Transportation,East John,Spain,2025-01-11,1
20244940,30,4246,7,26,5,2,8,1805.08,1241.9,563.18,1787.97,1783.18,P0030,Aftertreatment Product 30,Aftertreatment,124,141,C04246,"Lee, Harvey and Mcconnell",Fleet,Automotive,Carterland,Sweden,2023-10-25,1
20228423,102,826,9,31,3,4,17,1112.42,909.23,203.19,1125.16,1130.99,P0102,Electronics Product 102,Electronics,346,814,C00826,Rowe-Reese,Distributor,Automotive,Hillstad,Netherlands,2022-02-21,1
20241006,56,1528,10,31,9,2,13,881.59,790.09,91.5,885.15,840.71,P0056,Electronics Product 56,Electronics,160,902,C01528,Vance-Holmes,Fleet,Automotive,East Juliemouth,Poland,2025-02-13,1
20249724,159,1734,4,2,3,5,13,4512.47,3482.66,1029.81,4695.11,4553.13,P0159,Filtration Product 159,Filtration,180,372,C01734,Bauer and Sons,Distributor,Transportation,South Samantha,Italy,2023-10-11,1
20240540,191,1716,6,22,3,5,7,1209.55,950.18,259.37,1264.3,1275.69,P0191,Turbochargers Product 191,Turbochargers,493,488,C01716,Smith-Fischer,Fleet,Automotive,Justinborough,Italy,2016-10-31,1
20258906,412,4994,8,52,10,2,10,3726.94,2513.45,1213.49,3668.99,3692.66,P0412,Sensors Product 412,Sensors,472,328,C04994,Johnson Group,OEM,Transportation,East Andrewland,Poland,2026-02-25,1
20245448,278,629,10,101,1,1,4,1732.03,1490.68,241.35,1664.49,1901.9,P0278,Aftertreatment Product 278,Aftertreatment,153,148,C00629,"Garcia, Zimmerman and Lloyd",Fleet,Transportation,Danaberg,Belgium,2025-07-05,1
20258752,334,2490,9,57,6,4,17,3304.36,2118.62,1185.74,3283.7,3409.58,P0334,Electronics Product 334,Electronics,212,536,C02490,"Hall, Wilson and Buck",Fleet,Automotive,Rosalesland,Spain,2024-05-01,1
20222946,364,304,9,21,4,2,12,3305.84,2758.29,547.55,3397.77,3293.42,P0364,Sensors Product 364,Sensors,242,217,C00304,Hill Ltd,OEM,Manufacturing,Port Kevinland,Italy,2022-12-14,1
20225118,124,1959,3,97,7,2,7,3353.52,2034.49,1319.03,3385.61,3331.36,P0124,Turbochargers Product 124,Turbochargers,212,315,C01959,"Wallace, Cardenas and Jordan",OEM,Transportation,Lake Katrinabury,Belgium,2021-11-28,1
20224529,93,2727,2,99,4,2,19,2911.17,2594.3,316.87,2917.75,3091.19,P0093,Cooling Systems Product 93,Cooling Systems,369,256,C02727,Ortiz-Garcia,OEM,Automotive,North Danielville,Belgium,2018-06-10,1
20226451,389,2145,8,60,6,2,17,1171.16,843.83,327.33,1193.4,1215.08,P0389,Aftertreatment Product 389,Aftertreatment,339,386,C02145,Walsh and Sons,Distributor,Transportation,New Beth,Poland,2024-01-11,1
20258963,253,4361,4,33,7,2,19,3410.81,2048.14,1362.67,3548.99,3459.28,P0253,Aftertreatment Product 253,Aftertreatment,370,818,C04361,Potts-Ferguson,OEM,Manufacturing,Lovefort,Netherlands,2023-03-28,1
20247817,244,1351,5,114,8,5,4,2662.67,2161.27,501.4,2652.41,2668.84,P0244,Fuel Systems Product 244,Fuel Systems,364,551,C01351,Morrow and Sons,Fleet,Transportation,Abbottchester,Germany,2019-08-03,1
20244418,314,3163,6,3,4,2,5,4182.95,3648.94,534.01,4356.5,4270.58,P0314,Sensors Product 314,Sensors,460,598,C03163,Miller-Nash,Fleet,Manufacturing,North Kennethstad,Italy,2019-12-14,1
20234960,116,3605,5,55,3,3,4,425.61,376.63,48.98,423.64,451.04,P0116,Filtration Product 116,Filtration,308,352,C03605,Yates-Garza,OEM,Manufacturing,Port Amy,Netherlands,2024-03-27,1
20249168,276,2691,1,105,3,3,11,1190.44,816.02,374.42,1208.86,1154.22,P0276,Sensors Product 276,Sensors,475,986,C02691,Roach-Pena,Fleet,Transportation,South Ronaldhaven,Italy,2018-02-17,1
20221007,150,170,6,36,3,4,1,3523.79,3074.45,449.34,3448.72,3668.8,P0150,Sensors Product 150,Sensors,296,856,C00170,"Miller, Shaw and Cooper",OEM,Transportation,North Elijah,Belgium,2024-06-21,1
20255664,167,4643,3,20,4,1,6,2715.78,2327.89,387.89,2746.78,2729.01,P0167,Fuel Systems Product 167,Fuel Systems,235,341,C04643,"Kirk, Gentry and Scott",OEM,Manufacturing,Johnsonfort,France,2024-04-05,1
20220880,93,4961,10,108,1,3,13,2505.2,1936.91,568.29,2570.55,2479.15,P0093,Cooling Systems Product 93,Cooling Systems,369,256,C04961,"Mcknight, Caldwell and Tyler",Distributor,Manufacturing,Sanchezbury,France,2024-10-20,1
20252308,58,2827,9,60,2,5,15,666.23,599.56,66.67,670.48,680.82,P0058,Sensors Product 58,Sensors,250,741,C02827,"Page, Griffith and Murphy",Fleet,Manufacturing,Lake Laurenland,Poland,2018-12-24,1
20242795,48,2042,7,90,10,2,17,2876.14,1794.87,1081.27,2916.84,3075.11,P0048,Electronics Product 48,Electronics,394,857,C02042,Elliott and Sons,Fleet,Manufacturing,North Paul,Belgium,2022-12-23,1
20234003,344,2145,7,78,8,5,7,4814.82,4010.04,804.78,4862.31,5006.93,P0344,Cooling Systems Product 344,Cooling Systems,482,648,C02145,Walsh and Sons,Distributor,Transportation,New Beth,Poland,2024-01-11,1
20258223,264,3733,5,66,3,4,3,125.77,96.48,29.29,129.6,133.16,P0264,Electronics Product 264,Electronics,85,333,C03733,Wilson-Wong,Fleet,Manufacturing,North Donna,Poland,2021-10-27,1
20256195,16,1644,1,118,8,4,8,1938.7,1666.45,272.25,1911.3,1909.08,P0016,Turbochargers Product 16,Turbochargers,269,629,C01644,"Neal, Romero and Richards",Fleet,Manufacturing,Markchester,Sweden,2021-11-11,1
20225867,374,4393,1,21,9,2,18,395.16,331.49,63.67,381.09,381.75,P0374,Fuel Systems Product 374,Fuel Systems,138,940,C04393,Burgess and Sons,OEM,Automotive,Alexanderside,Spain,2016-12-17,1
20258031,452,4925,6,77,1,5,15,2712.81,2055.2,657.61,2710.65,2832.82,P0452,Aftertreatment Product 452,Aftertreatment,397,753,C04925,"Rosales, Bishop and Burns",Fleet,Manufacturing,Davidshire,Netherlands,2026-06-23,1
20257643,167,4489,9,75,5,4,20,3466.82,2912.03,554.79,3530.11,3347.81,P0167,Fuel Systems Product 167,Fuel Systems,235,341,C04489,Blackwell-Christensen,OEM,Automotive,Ramseyberg,Sweden,2023-08-06,1
20250081,157,2483,7,69,9,5,6,3784.53,3136.33,648.2,3781.64,3816.17,P0157,Sensors Product 157,Sensors,259,276,C02483,"Jensen, Paul and Gentry",Distributor,Manufacturing,Tylerville,Austria,2022-06-23,1
20257535,355,1072,2,91,10,2,8,4878.76,3729.58,1149.18,4706.47,5093.37,P0355,Electronics Product 355,Electronics,166,924,C01072,"Gibson, Ferguson and Fernandez",OEM,Transportation,Boothfurt,Poland,2025-03-21,1
20222506,46,4307,7,20,3,3,16,2144.89,1818.88,326.01,2245.57,2127.5,P0046,Sensors Product 46,Sensors,205,967,C04307,King-Patterson,OEM,Manufacturing,Stewartmouth,Spain,2020-04-24,1
20228505,232,4465,3,12,8,3,17,2271.33,1851.33,420.0,2254.29,2302.67,P0232,Aftertreatment Product 232,Aftertreatment,485,876,C04465,"Lopez, Kelly and Woodard",OEM,Automotive,Port Erika,Germany,2017-11-30,1
20260487,269,3640,10,107,1,1,12,1586.25,1301.91,284.34,1572.42,1640.1,P0269,Filtration Product 269,Filtration,473,207,C03640,Pierce Inc,Distributor,Manufacturing,Lake Codytown,Netherlands,2026-05-22,1
20259532,38,356,2,69,10,1,6,2904.06,2185.13,718.93,2991.2,2876.74,P0038,Cooling Systems Product 38,Cooling Systems,192,521,C00356,Martin Inc,Distributor,Transportation,Dawsonmouth,Italy,2024-10-04,1
20230314,394,2127,1,47,8,1,9,2895.98,2251.96,644.02,3025.79,2966.49,P0394,Sensors Product 394,Sensors,430,463,C02127,Pearson Inc,Distributor,Manufacturing,Michelestad,Italy,2024-05-01,1
20249194,98,3047,9,29,7,5,9,3995.3,2599.94,1395.36,4122.29,4105.05,P0098,Filtration Product 98,Filtration,94,362,C03047,Reyes-Robertson,Fleet,Transportation,West Brett,Sweden,2021-11-30,1
20230367,203,4048,1,101,1,5,9,1713.33,1265.99,447.34,1684.12,1883.99,P0203,Turbochargers Product 203,Turbochargers,387,910,C04048,Johnson-Rodriguez,Distributor,Manufacturing,West Charlesmouth,Belgium,2025-03-02,1
20239276,458,3353,3,30,3,4,5,3751.62,2508.94,1242.68,3686.07,4094.7,P0458,Sensors Product 458,Sensors,64,799,C03353,Sullivan PLC,Fleet,Transportation,Danielston,Germany,2022-06-06,1
20239581,223,4703,5,31,7,3,12,876.75,677.91,198.84,874.84,960.51,P0223,Aftertreatment Product 223,Aftertreatment,270,307,C04703,"Flynn, Acosta and Bender",OEM,Automotive,Lisaville,Italy,2019-06-02,1
20254810,223,2435,3,5,1,3,20,1474.72,1259.33,215.39,1525.81,1501.11,P0223,Aftertreatment Product 223,Aftertreatment,270,307,C02435,"Alvarez, Williams and Bowman",Fleet,Transportation,Albertville,Spain,2021-11-30,1
20260138,203,1573,6,115,3,4,17,1369.23,1180.46,188.77,1371.66,1469.34,P0203,Turbochargers Product 203,Turbochargers,387,910,C01573,Moreno-Smith,OEM,Manufacturing,North Janet,Belgium,2021-06-17,1
20233742,157,3011,6,75,8,4,4,4506.14,3801.56,704.58,4696.71,4306.91,P0157,Sensors Product 157,Sensors,259,276,C03011,"Davis, Rodriguez and Reid",OEM,Transportation,Port Douglaston,Austria,2016-12-02,1
20253301,201,1643,3,16,3,5,5,3004.57,2467.73,536.84,3152.41,3040.48,P0201,Filtration Product 201,Filtration,170,784,C01643,"Ford, Lynn and Scott",OEM,Transportation,West Sara,France,2025-06-25,1
20255771,486,566,3,14,1,2,2,4990.07,4257.39,732.68,4944.43,5332.93,P0486,Cooling Systems Product 486,Cooling Systems,127,865,C00566,"Davis, Wilson and Mcneil",Distributor,Transportation,Millershire,Germany,2017-01-13,1
20258476,467,156,4,98,9,1,6,2004.44,1356.43,648.01,2073.9,1911.21,P0467,Aftertreatment Product 467,Aftertreatment,451,174,C00156,"Taylor, Reed and Barnes",Fleet,Manufacturing,Jacobborough,Germany,2023-10-18,1
20250233,495,3596,10,50,5,3,15,3198.81,2875.67,323.14,3257.46,3243.22,P0495,Electronics Product 495,Electronics,383,743,C03596,"Gross, Thomas and Reyes",Fleet,Transportation,South Evanland,Poland,2025-04-01,1
20254286,342,4689,4,83,6,1,13,797.51,502.27,295.24,757.89,782.82,P0342,Cooling Systems Product 342,Cooling Systems,304,613,C04689,Myers PLC,Fleet,Transportation,Scottbury,Italy,2022-01-04,1
20259112,94,4750,3,30,6,4,2,713.8,495.13,218.67,705.3,772.53,P0094,Aftertreatment Product 94,Aftertreatment,214,964,C04750,"Blair, Lowery and Hoover",Fleet,Manufacturing,Sotobury,Austria,2017-04-21,1
20252820,489,1646,4,10,8,1,19,4299.24,2771.69,1527.55,4394.33,4568.7,P0489,Cooling Systems Product 489,Cooling Systems,159,158,C01646,"Bradley, Mckee and Farrell",Distributor,Transportation,New Williamland,Italy,2024-03-29,1
20231547,409,2028,8,54,1,4,4,1918.64,1614.76,303.88,1859.99,1991.93,P0409,Aftertreatment Product 409,Aftertreatment,58,859,C02028,Washington-Lam,Distributor,Transportation,Colemanland,Poland,2023-06-21,1
20251165,257,4672,3,22,3,3,16,110.62,95.73,14.89,113.76,120.73,P0257,Aftertreatment Product 257,Aftertreatment,264,443,C04672,Rivas Inc,Fleet,Automotive,Griffinland,Netherlands,2021-02-21,1
20236323,176,408,4,22,4,2,10,582.63,509.32,73.31,574.86,597.66,P0176,Aftertreatment Product 176,Aftertreatment,119,257,C00408,Tate-Jacobson,OEM,Automotive,Morganville,Germany,2023-07-30,1
20251872,105,1845,10,20,2,4,13,4021.43,3269.56,751.87,3963.95,4024.25,P0105,Filtration Product 105,Filtration,163,690,C01845,"Long, Campos and Bennett",Fleet,Automotive,East Austinmouth,Netherlands,2026-02-05,1
20242497,325,2270,8,7,6,1,1,3364.07,2488.84,875.23,3357.94,3229.83,P0325,Sensors Product 325,Sensors,365,598,C02270,Compton LLC,Distributor,Manufacturing,North Thomasmouth,France,2021-09-04,1
20244852,472,3070,3,61,10,4,14,314.55,265.71,48.84,322.62,329.02,P0472,Aftertreatment Product 472,Aftertreatment,267,714,C03070,Harper-Johnson,Fleet,Transportation,Danieltown,Poland,2022-10-24,1
20224648,165,605,5,43,6,1,14,2453.59,1695.81,757.78,2450.64,2457.01,P0165,Turbochargers Product 165,Turbochargers,126,845,C00605,"Ortega, Morse and Gregory",Fleet,Manufacturing,Nicholsstad,Italy,2026-05-29,1
20222606,138,2100,4,101,10,4,20,1487.76,1082.9,404.86,1557.59,1510.06,P0138,Filtration Product 138,Filtration,450,603,C02100,Meadows Ltd,Fleet,Transportation,South James,Sweden,2022-07-05,1
20231767,98,2429,5,101,8,2,14,1321.63,848.67,472.96,1361.31,1358.19,P0098,Filtration Product 98,Filtration,94,362,C02429,"Caldwell, Mejia and Anderson",Distributor,Automotive,Danielleburgh,Spain,2025-01-09,1
20238228,472,1780,8,13,5,2,1,4199.96,3006.88,1193.08,4043.77,4264.82,P0472,Aftertreatment Product 472,Aftertreatment,267,714,C01780,Mckinney-Washington,Distributor,Transportation,Jacobstad,Poland,2023-07-17,1
20259250,390,1517,4,8,5,5,11,545.91,474.37,71.54,561.79,575.15,P0390,Fuel Systems Product 390,Fuel Systems,244,414,C01517,Aguirre-Gonzalez,Distributor,Manufacturing,South Roy,Germany,2026-02-01,1
20249641,474,876,4,20,6,2,7,2929.18,1772.77,1156.41,2932.94,2794.8,P0474,Fuel Systems Product 474,Fuel Systems,91,178,C00876,Lambert-Wright,Fleet,Manufacturing,Oconnellton,Italy,2018-03-20,1
20252333,69,2705,3,53,7,1,9,788.72,534.19,254.53,776.75,845.09,P0069,Cooling Systems Product 69,Cooling Systems,184,980,C02705,Martin-Peters,Distributor,Transportation,Ashleyshire,Poland,2018-06-19,1
20223641,214,582,4,59,8,3,14,4492.13,3717.71,774.42,4352.62,4913.55,P0214,Cooling Systems Product 214,Cooling Systems,448,206,C00582,Davis PLC,OEM,Transportation,Meadowsland,Poland,2024-01-05,1
20256507,120,2571,1,13,7,3,16,3221.19,2852.86,368.33,3073.12,3256.2,P0120,Cooling Systems Product 120,Cooling Systems,484,991,C02571,Goodwin LLC,Distributor,Transportation,East Meganside,Sweden,2022-01-30,1
20243227,309,4118,5,85,4,4,16,2526.72,1582.67,944.05,2409.56,2698.85,P0309,Filtration Product 309,Filtration,421,447,C04118,Pierce-Small,Distributor,Automotive,Brownport,Sweden,2021-12-13,1
20255941,397,1938,7,34,6,1,7,1436.81,1140.5,296.31,1462.88,1557.01,P0397,Fuel Systems Product 397,Fuel Systems,173,384,C01938,"Brown, Freeman and Lewis",Fleet,Transportation,Stevensonville,Austria,2016-10-04,1
20232947,135,4102,1,89,3,5,15,805.22,557.1,248.12,772.87,816.6,P0135,Turbochargers Product 135,Turbochargers,137,641,C04102,"Gutierrez, Torres and Conway",Distributor,Manufacturing,Lake Matthew,Italy,2020-04-21,1
20230823,153,2775,5,111,1,3,16,3207.93,2083.98,1123.95,3311.84,3433.93,P0153,Electronics Product 153,Electronics,190,922,C02775,Barnes LLC,OEM,Automotive,Donnashire,Sweden,2022-11-13,1
20247599,85,954,5,90,8,1,5,2651.21,1742.82,908.39,2756.63,2835.48,P0085,Filtration Product 85,Filtration,316,630,C00954,Owens-Johnson,Fleet,Manufacturing,West Nicole,Germany,2022-12-28,1
20251379,229,461,5,13,2,4,18,4161.77,2895.35,1266.42,4222.9,4351.83,P0229,Cooling Systems Product 229,Cooling Systems,283,213,C00461,Dennis Ltd,Fleet,Automotive,South Charles,Netherlands,2022-06-01,1
20225777,268,1880,10,20,9,1,4,772.88,505.99,266.89,800.37,807.2,P0268,Sensors Product 268,Sensors,491,116,C01880,Smith-Haley,OEM,Automotive,Juliafort,Spain,2018-01-18,1
20259817,399,307,1,29,10,1,9,3277.82,2722.95,554.87,3192.15,3146.06,P0399,Cooling Systems Product 399,Cooling Systems,441,915,C00307,Johnson PLC,OEM,Automotive,South Jennifertown,Netherlands,2018-08-04,1
20239987,349,624,10,115,4,2,5,3558.5,2532.41,1026.09,3409.03,3665.76,P0349,Sensors Product 349,Sensors,433,706,C00624,"Brown, Sherman and Raymond",Fleet,Automotive,East Gabriellebury,Sweden,2017-08-26,1
20241808,489,2309,3,73,3,4,14,4480.98,3484.71,996.27,4499.22,4262.56,P0489,Cooling Systems Product 489,Cooling Systems,159,158,C02309,"Gray, Hart and Scott",Distributor,Automotive,Norrisshire,Germany,2023-02-02,1
20231186,63,404,4,39,8,5,13,1006.39,752.96,253.43,1018.43,1048.71,P0063,Turbochargers Product 63,Turbochargers,500,640,C00404,"Montoya, Baxter and Hayes",Distributor,Transportation,North Lisamouth,Austria,2021-11-26,1
20259610,428,1000,5,58,1,5,10,4322.94,2652.52,1670.42,4124.82,4639.0,P0428,Turbochargers Product 428,Turbochargers,101,943,C01000,Salas LLC,OEM,Automotive,New Derekstad,Netherlands,2023-04-29,1
20227670,386,1031,2,94,1,1,10,2193.31,1462.73,730.58,2299.01,2304.04,P0386,Cooling Systems Product 386,Cooling Systems,112,448,C01031,"Alvarado, Preston and Williams",Distributor,Transportation,North Sarachester,France,2021-04-03,1
20259394,309,4341,9,1,5,4,4,4197.39,3744.66,452.73,4346.22,4433.66,P0309,Filtration Product 309,Filtration,421,447,C04341,"Jones, Fowler and Owens",OEM,Transportation,East Ebony,Belgium,2016-12-03,1
20250372,447,912,6,60,1,1,20,4825.06,4076.8,748.26,4656.14,5031.62,P0447,Turbochargers Product 447,Turbochargers,304,314,C00912,Williams-Wood,Fleet,Automotive,Christinaland,Austria,2025-04-05,1
20243998,212,4744,4,111,1,3,9,4364.4,3103.82,1260.58,4411.15,4734.84,P0212,Filtration Product 212,Filtration,310,952,C04744,Rivera PLC,Distributor,Transportation,Sheilafort,Germany,2019-06-21,1
20251131,27,2106,3,22,3,2,20,4269.86,3214.95,1054.91,4196.87,4672.74,P0027,Sensors Product 27,Sensors,402,926,C02106,Branch Group,OEM,Manufacturing,Port Gina,Poland,2021-02-28,1
20237786,416,3136,6,28,6,5,14,3411.71,2399.52,1012.19,3459.31,3748.98,P0416,Electronics Product 416,Electronics,125,422,C03136,Clark-Larson,Fleet,Transportation,Flynnside,Spain,2024-02-20,1
20238291,396,318,4,42,7,3,17,1824.73,1317.69,507.04,1846.63,1914.06,P0396,Turbochargers Product 396,Turbochargers,351,349,C00318,"Valdez, Jackson and Mcdonald",Fleet,Manufacturing,Lake Laurenborough,Belgium,2019-10-07,1
20236343,81,2957,6,26,5,3,13,1782.5,1145.1,637.4,1784.24,1845.17,P0081,Cooling Systems Product 81,Cooling Systems,246,679,C02957,Perry-Scott,Distributor,Automotive,Patriciashire,Austria,2022-04-04,1
20259370,163,1742,7,95,6,4,12,4742.66,3598.06,1144.6,4613.43,5063.69,P0163,Sensors Product 163,Sensors,305,195,C01742,Smith-Mitchell,Distributor,Manufacturing,South Johnborough,Netherlands,2018-11-10,1
20255802,302,1318,7,74,2,5,7,2311.1,1407.22,903.88,2374.67,2376.7,P0302,Aftertreatment Product 302,Aftertreatment,269,636,C01318,Anderson Ltd,Fleet,Automotive,South Reginafort,Austria,2022-08-17,1
20233039,90,355,2,15,2,2,3,3517.05,3091.77,425.28,3400.05,3419.09,P0090,Electronics Product 90,Electronics,466,974,C00355,Garza Inc,Fleet,Manufacturing,North Aaron,France,2016-11-30,1
20258217,84,3134,8,73,9,2,13,2164.12,1302.51,861.61,2187.44,2226.92,P0084,Cooling Systems Product 84,Cooling Systems,69,892,C03134,Jensen-Baker,Distributor,Manufacturing,North Mariaview,Austria,2020-02-09,1
20251939,441,2788,9,113,5,5,4,3264.16,2779.74,484.42,3196.49,3342.95,P0441,Electronics Product 441,Electronics,161,670,C02788,"Schmidt, Hernandez and Kennedy",OEM,Manufacturing,East Paulaville,Poland,2024-06-19,1
20260766,200,1044,9,5,6,2,20,1121.42,773.01,348.41,1125.37,1165.67,P0200,Electronics Product 200,Electronics,57,195,C01044,Stanley Ltd,Distributor,Manufacturing,South Marvinhaven,Netherlands,2021-05-09,1
20240857,79,1966,10,114,3,2,6,1889.53,1501.24,388.29,1890.01,1796.56,P0079,Fuel Systems Product 79,Fuel Systems,182,426,C01966,Gonzalez-Valentine,Fleet,Manufacturing,North Cynthia,Austria,2023-08-02,1
20244145,1,4139,8,111,2,5,15,3075.31,1983.81,1091.5,2955.74,3019.24,P0001,Cooling Systems Product 1,Cooling Systems,339,166,C04139,"Acosta, Hayden and Houston",Distributor,Manufacturing,North Angieshire,Belgium,2017-02-21,1
20238340,269,4381,5,8,8,5,17,825.59,547.27,278.32,856.79,851.99,P0269,Filtration Product 269,Filtration,473,207,C04381,Munoz Inc,Fleet,Automotive,Mikefurt,Italy,2022-09-29,1
20233322,107,4816,9,35,7,1,20,4124.41,3471.0,653.41,4182.53,4122.61,P0107,Filtration Product 107,Filtration,112,196,C04816,"Buck, Johnson and Wright",Fleet,Transportation,Greenville,Poland,2025-07-24,1
20239376,355,103,7,57,3,2,1,2296.95,1830.55,466.4,2237.16,2221.67,P0355,Electronics Product 355,Electronics,166,924,C00103,Pollard-Valenzuela,Fleet,Transportation,New Michael,Austria,2020-10-06,1
20241499,443,1662,6,19,10,3,12,358.67,278.16,80.51,344.03,354.81,P0443,Cooling Systems Product 443,Cooling Systems,179,863,C01662,"Freeman, Peterson and Flores",Fleet,Manufacturing,New Ashleyside,Italy,2026-02-27,1
20220904,350,4086,1,9,6,4,20,3483.61,2768.46,715.15,3513.72,3354.96,P0350,Fuel Systems Product 350,Fuel Systems,378,846,C04086,Hernandez-Carrillo,Fleet,Manufacturing,Clementsberg,Austria,2024-08-22,1
20236210,47,4445,6,70,5,5,10,3677.65,3018.56,659.09,3723.28,3746.07,P0047,Aftertreatment Product 47,Aftertreatment,487,629,C04445,"Hubbard, Hardy and Nelson",OEM,Manufacturing,Jonesbury,Austria,2021-05-21,1
20261193,409,4775,2,74,5,5,9,4867.82,3740.59,1127.23,4700.56,4870.07,P0409,Aftertreatment Product 409,Aftertreatment,58,859,C04775,Hernandez-Greene,OEM,Automotive,North Travis,Italy,2018-10-25,1
20256960,287,3971,3,115,3,1,18,868.83,639.74,229.09,890.03,916.6,P0287,Electronics Product 287,Electronics,63,884,C03971,Mitchell Ltd,Distributor,Transportation,West Danamouth,Poland,2018-12-05,1
20235705,470,4144,7,107,7,3,6,4392.07,3668.7,723.37,4603.85,4217.44,P0470,Electronics Product 470,Electronics,408,327,C04144,"Bruce, Cox and Clark",Distributor,Automotive,Hollandborough,Italy,2019-01-13,1
20240808,11,1739,9,76,5,3,9,267.39,189.68,77.71,261.33,255.16,P0011,Aftertreatment Product 11,Aftertreatment,391,101,C01739,Stewart PLC,OEM,Transportation,Lake Danielle,Sweden,2021-07-28,1
20239602,96,37,6,3,5,1,11,175.87,123.7,52.17,170.73,180.6,P0096,Turbochargers Product 96,Turbochargers,72,549,C00037,Chambers Inc,Fleet,Automotive,New Samanthafort,Italy,2024-08-22,1
20245168,312,3728,3,27,6,5,20,2496.05,1797.45,698.6,2462.58,2381.18,P0312,Fuel Systems Product 312,Fuel Systems,67,419,C03728,Reed Inc,OEM,Transportation,Sarahhaven,Italy,2020-01-10,1
20227438,190,3216,6,107,6,1,2,1976.97,1211.35,765.62,2042.72,1970.57,P0190,Sensors Product 190,Sensors,92,951,C03216,Spencer-Yu,OEM,Automotive,Angelmouth,Belgium,2021-10-19,1
20251107,185,2709,2,94,8,5,20,3111.66,2790.04,321.62,3203.95,3377.84,P0185,Fuel Systems Product 185,Fuel Systems,337,176,C02709,Maldonado Group,Fleet,Transportation,Perryview,Netherlands,2023-04-26,1
20251803,79,2498,2,24,6,3,13,3828.35,3366.21,462.14,3840.85,3733.96,P0079,Fuel Systems Product 79,Fuel Systems,182,426,C02498,Long-Cordova,Distributor,Manufacturing,Maciasshire,Poland,2017-08-12,1
20239396,16,3156,5,104,10,1,9,3706.39,2582.9,1123.49,3547.81,3915.58,P0016,Turbochargers Product 16,Turbochargers,269,629,C03156,"Barber, Johnson and Knox",OEM,Automotive,West Sarah,Sweden,2022-10-05,1
20251211,186,3118,3,57,10,2,15,2018.67,1609.51,409.16,2075.08,2113.48,P0186,Sensors Product 186,Sensors,325,550,C03118,Ross-Wagner,Distributor,Transportation,Jacksonborough,Sweden,2021-08-30,1
20230872,21,4590,8,91,8,2,5,473.22,304.98,168.24,485.15,506.95,P0021,Turbochargers Product 21,Turbochargers,138,197,C04590,Mason-Maynard,OEM,Manufacturing,Lake Amy,Belgium,2023-05-12,1
20226685,456,1231,7,57,5,2,19,200.21,175.04,25.17,195.58,219.86,P0456,Sensors Product 456,Sensors,174,742,C01231,Marsh-Walker,Fleet,Manufacturing,Quinnstad,Poland,2022-11-14,1
20243052,419,4938,9,74,4,2,6,1083.05,719.75,363.3,1133.88,1153.62,P0419,Aftertreatment Product 419,Aftertreatment,52,624,C04938,Mcdonald-Chase,Fleet,Transportation,South Jessemouth,Austria,2017-07-07,1
20242881,365,4628,4,17,3,1,14,2635.71,1978.33,657.38,2504.71,2728.88,P0365,Aftertreatment Product 365,Aftertreatment,222,506,C04628,Stevens and Sons,Fleet,Transportation,Robinsonbury,Austria,2021-02-14,1
20243569,53,1944,9,108,10,5,19,3738.08,2610.14,1127.94,3704.96,4071.02,P0053,Turbochargers Product 53,Turbochargers,498,900,C01944,Dixon Inc,OEM,Automotive,Frankmouth,Germany,2018-09-20,1
20227465,247,454,5,117,7,5,19,1574.21,1352.02,222.19,1566.31,1640.01,P0247,Aftertreatment Product 247,Aftertreatment,457,906,C00454,Willis and Sons,OEM,Transportation,New David,Sweden,2025-04-17,1
20247165,415,241,6,14,8,4,7,2559.92,1944.56,615.36,2439.89,2731.85,P0415,Fuel Systems Product 415,Fuel Systems,482,931,C00241,Scott Ltd,Distributor,Automotive,Williamsborough,Germany,2024-05-04,1
20221373,431,3763,9,98,4,5,9,2805.58,2488.57,317.01,2691.36,3007.38,P0431,Fuel Systems Product 431,Fuel Systems,367,503,C03763,Lopez-Haas,Fleet,Automotive,Quinnside,Belgium,2021-05-20,1
20235882,319,3901,3,66,7,2,3,3188.25,2724.69,463.56,3067.3,3427.52,P0319,Aftertreatment Product 319,Aftertreatment,233,504,C03901,"Hernandez, Salazar and Russell",Distributor,Manufacturing,Ambertown,Poland,2019-06-12,1
20231131,410,4705,3,108,5,5,10,1463.01,1263.5,199.51,1505.03,1417.48,P0410,Filtration Product 410,Filtration,442,172,C04705,Anderson and Sons,Distributor,Automotive,Smithport,Poland,2023-10-17,1
20239376,94,1599,9,58,5,4,3,3527.79,2660.46,867.33,3689.14,3782.57,P0094,Aftertreatment Product 94,Aftertreatment,214,964,C01599,Anderson Group,Fleet,Manufacturing,Janeview,Sweden,2025-12-28,1
20245475,164,1884,4,34,1,2,16,833.56,608.29,225.27,805.39,825.4,P0164,Turbochargers Product 164,Turbochargers,99,253,C01884,Guzman Ltd,Fleet,Automotive,Gonzalezland,Belgium,2019-10-21,1
20254900,174,3541,9,30,1,3,18,153.5,104.3,49.2,159.12,157.75,P0174,Turbochargers Product 174,Turbochargers,178,705,C03541,Pittman PLC,Distributor,Manufacturing,New Kerrimouth,Sweden,2020-06-05,1
20236894,497,3156,9,99,7,1,16,3287.16,2366.96,920.2,3448.26,3546.15,P0497,Electronics Product 497,Electronics,217,126,C03156,"Barber, Johnson and Knox",OEM,Automotive,West Sarah,Sweden,2022-10-05,1
20238421,138,4750,6,46,8,4,8,4697.93,3099.64,1598.29,4850.05,4853.0,P0138,Filtration Product 138,Filtration,450,603,C04750,"Blair, Lowery and Hoover",Fleet,Manufacturing,Sotobury,Austria,2017-04-21,1
20225772,189,695,6,75,10,4,8,4630.29,4056.94,573.35,4682.75,4760.76,P0189,Filtration Product 189,Filtration,339,805,C00695,Henderson-Maddox,OEM,Automotive,Jamieshire,France,2024-02-22,1
20260669,383,3948,2,10,2,3,3,2000.62,1705.73,294.89,2061.29,2082.93,P0383,Electronics Product 383,Electronics,446,491,C03948,Smith and Sons,OEM,Transportation,North Meganborough,Poland,2026-07-05,1
20228328,335,4315,4,99,1,5,7,3238.76,2885.11,353.65,3278.92,3440.57,P0335,Cooling Systems Product 335,Cooling Systems,434,418,C04315,Love-Lawrence,Fleet,Automotive,North John,Netherlands,2025-02-19,1
20249989,322,3903,9,45,7,1,7,2196.41,1940.16,256.25,2154.53,2337.71,P0322,Fuel Systems Product 322,Fuel Systems,145,993,C03903,"Hernandez, Carter and Young",OEM,Automotive,Traceychester,Austria,2020-11-24,1
20228447,157,4996,1,70,2,3,2,2226.14,1507.82,718.32,2159.42,2278.88,P0157,Sensors Product 157,Sensors,259,276,C04996,"Mitchell, Ross and Lloyd",OEM,Manufacturing,North Brandon,Poland,2023-05-28,1
20232811,381,2531,7,83,1,3,5,2605.99,1862.5,743.49,2626.84,2767.14,P0381,Filtration Product 381,Filtration,81,103,C02531,Sanchez-Parrish,Distributor,Manufacturing,Manningfort,Belgium,2018-02-25,1
20228501,475,1094,2,50,5,2,3,2402.06,1851.9,550.16,2376.16,2448.46,P0475,Cooling Systems Product 475,Cooling Systems,469,481,C01094,"Fitzpatrick, Smith and Clark",OEM,Transportation,Larryton,France,2018-11-14,1
20254895,328,4257,4,57,3,3,11,259.01,220.56,38.45,252.27,253.71,P0328,Aftertreatment Product 328,Aftertreatment,344,838,C04257,"Mcguire, Johnson and Diaz",OEM,Manufacturing,Melissatown,Austria,2024-08-18,1
20220794,159,1205,6,19,8,3,3,516.11,365.84,150.27,524.05,504.81,P0159,Filtration Product 159,Filtration,180,372,C01205,Gilbert-Jones,OEM,Automotive,Jacobside,Italy,2023-10-13,1
20246629,228,479,7,9,8,5,5,1399.43,850.97,548.46,1381.45,1518.46,P0228,Filtration Product 228,Filtration,197,732,C00479,"Schwartz, Taylor and Mccormick",OEM,Automotive,Port Victoriaburgh,Poland,2022-09-15,1
20257670,119,4344,3,4,2,1,20,2739.7,2317.49,422.21,2826.38,2933.0,P0119,Electronics Product 119,Electronics,469,932,C04344,"Thomas, Blair and Spencer",Distributor,Transportation,Thomasborough,Belgium,2024-01-18,1
20239560,177,195,9,71,4,3,6,4780.23,3214.58,1565.65,4985.09,4785.94,P0177,Turbochargers Product 177,Turbochargers,253,190,C00195,Rodriguez PLC,OEM,Manufacturing,Port Travis,Austria,2020-02-24,1
20255924,297,1462,10,111,3,2,14,4753.6,3351.06,1402.54,4620.97,4857.61,P0297,Electronics Product 297,Electronics,158,281,C01462,Woods-Morton,Distributor,Automotive,North Brandonchester,Sweden,2018-11-09,1
20258667,313,3304,9,72,10,4,8,1234.84,984.42,250.42,1194.45,1225.87,P0313,Cooling Systems Product 313,Cooling Systems,197,588,C03304,Jenkins Inc,OEM,Manufacturing,North Glen,Italy,2020-06-05,1
20254328,25,3961,4,102,6,2,2,4948.96,3032.7,1916.26,4800.01,4946.01,P0025,Cooling Systems Product 25,Cooling Systems,346,262,C03961,Kaufman-Erickson,Distributor,Manufacturing,East Tammy,Austria,2020-04-29,1
20224180,145,3497,9,25,9,1,7,2885.81,2088.6,797.21,2932.98,3060.0,P0145,Turbochargers Product 145,Turbochargers,254,255,C03497,Myers-Sosa,Fleet,Automotive,South Christopher,Spain,2017-01-05,1
20258523,91,1078,3,49,5,3,12,934.1,645.43,288.67,954.48,1024.65,P0091,Aftertreatment Product 91,Aftertreatment,132,595,C01078,Hernandez and Sons,OEM,Automotive,Christopherfort,Netherlands,2022-02-20,1
20249365,332,1804,8,67,9,3,20,885.53,777.21,108.32,907.61,867.83,P0332,Filtration Product 332,Filtration,298,534,C01804,"Flores, Ball and Harrington",Distributor,Transportation,North Jesse,France,2017-11-27,1
20238742,168,1637,8,47,7,3,18,4113.43,3426.94,686.49,4248.5,4385.31,P0168,Fuel Systems Product 168,Fuel Systems,192,876,C01637,"Daniels, Williams and Lopez",Distributor,Manufacturing,Lake Amyland,Italy,2020-08-29,1
20258447,182,217,8,73,5,3,6,3968.17,2403.87,1564.3,3916.45,3803.14,P0182,Aftertreatment Product 182,Aftertreatment,492,433,C00217,"Foster, Rodriguez and Contreras",OEM,Automotive,East Katelyn,France,2019-07-07,1
20223008,157,2465,4,4,1,5,9,4295.2,3094.38,1200.82,4321.59,4308.41,P0157,Sensors Product 157,Sensors,259,276,C02465,"Scott, Mccann and Sims",OEM,Transportation,East Annmouth,France,2024-08-15,1
20223184,468,2959,8,110,8,2,15,621.6,459.16,162.44,622.79,631.09,P0468,Cooling Systems Product 468,Cooling Systems,63,181,C02959,Craig LLC,OEM,Manufacturing,Brittanyshire,Sweden,2023-12-09,1
20232124,11,2504,7,116,9,1,2,3025.45,1855.81,1169.64,2912.36,3147.19,P0011,Aftertreatment Product 11,Aftertreatment,391,101,C02504,Cameron-Garcia,Distributor,Transportation,New Ashleytown,Sweden,2021-07-02,1
20251678,288,2608,1,38,6,4,19,3306.3,2319.11,987.19,3393.19,3622.85,P0288,Sensors Product 288,Sensors,78,583,C02608,"Williams, Lopez and Brown",OEM,Automotive,Port Timothyberg,Italy,2016-12-25,1
20256068,446,4699,2,6,3,1,18,4690.14,3870.6,819.54,4468.98,5061.45,P0446,Fuel Systems Product 446,Fuel Systems,211,595,C04699,Owens PLC,Fleet,Automotive,West Ashley,Poland,2017-12-07,1
20258928,150,3318,4,45,1,4,20,4081.6,2964.66,1116.94,4001.75,4413.31,P0150,Sensors Product 150,Sensors,296,856,C03318,Mason-Garcia,OEM,Manufacturing,West Pamelaland,Netherlands,2017-12-01,1
20240973,331,167,7,45,7,5,9,3686.56,2936.02,750.54,3726.95,3800.7,P0331,Cooling Systems Product 331,Cooling Systems,438,820,C00167,Dodson-Davis,OEM,Automotive,Villegasmouth,Spain,2025-12-24,1
20232016,478,2608,2,112,10,2,3,2775.63,1707.58,1068.05,2650.94,2925.9,P0478,Filtration Product 478,Filtration,181,926,C02608,"Williams, Lopez and Brown",OEM,Automotive,Port Timothyberg,Italy,2016-12-25,1
20247183,208,2524,1,58,8,2,16,3935.82,2916.62,1019.2,3884.11,3926.96,P0208,Sensors Product 208,Sensors,403,983,C02524,Osborne-Cross,Fleet,Manufacturing,Port Christopher,Austria,2022-03-14,1
20222657,432,2549,1,2,8,4,8,245.84,192.26,53.58,253.46,259.5,P0432,Aftertreatment Product 432,Aftertreatment,144,546,C02549,Hawkins-Alvarez,OEM,Manufacturing,Schultzstad,Austria,2021-05-03,1
20221524,80,3069,9,50,9,2,3,1222.46,863.8,358.66,1213.23,1315.55,P0080,Aftertreatment Product 80,Aftertreatment,365,577,C03069,Morrow and Sons,Fleet,Manufacturing,North Wendychester,Sweden,2022-02-09,1
20234457,199,1750,1,18,8,2,15,4676.01,3265.93,1410.08,4591.47,4839.31,P0199,Turbochargers Product 199,Turbochargers,174,399,C01750,Smith-Holland,Fleet,Transportation,Millerport,Germany,2020-01-21,1
20246650,5,4640,5,110,4,1,9,4427.47,3263.37,1164.1,4293.05,4796.06,P0005,Sensors Product 5,Sensors,264,744,C04640,Berry Ltd,Fleet,Automotive,Bentleyville,France,2020-03-04,1
20260946,398,1754,9,95,7,3,18,1576.3,1004.25,572.05,1548.02,1541.86,P0398,Fuel Systems Product 398,Fuel Systems,493,797,C01754,Thompson-Patel,Distributor,Transportation,Port Sandra,Poland,2025-11-01,1
20223014,293,3426,9,86,5,3,17,1770.85,1243.8,527.05,1747.6,1712.68,P0293,Sensors Product 293,Sensors,124,541,C03426,"Price, Nelson and Burke",OEM,Automotive,Ashleyburgh,Austria,2018-01-21,1
20260721,193,547,10,66,5,2,4,3561.45,3152.4,409.05,3653.99,3395.42,P0193,Turbochargers Product 193,Turbochargers,376,442,C00547,Mcintosh LLC,OEM,Transportation,North Cynthia,Austria,2025-05-22,1
20236223,180,3718,3,103,10,4,13,1268.67,1050.79,217.88,1287.54,1206.08,P0180,Filtration Product 180,Filtration,163,558,C03718,Chang-Smith,Fleet,Transportation,Lake Tanyamouth,Spain,2023-04-10,1
20252462,353,3699,5,2,6,5,18,4282.18,3431.7,850.48,4297.67,4497.44,P0353,Sensors Product 353,Sensors,250,528,C03699,Stanley-Williams,Fleet,Manufacturing,North Jesse,Italy,2019-04-04,1
20236685,120,714,8,113,9,1,12,1150.82,931.67,219.15,1099.69,1103.33,P0120,Cooling Systems Product 120,Cooling Systems,484,991,C00714,Mcneil PLC,OEM,Manufacturing,West Nancytown,Germany,2020-09-09,1
20243083,447,3741,4,84,3,4,16,3150.69,2399.26,751.43,3015.15,3441.05,P0447,Turbochargers Product 447,Turbochargers,304,314,C03741,Kennedy-Moore,Distributor,Automotive,West Alyssahaven,Spain,2025-10-27,1
20234229,245,1524,10,9,8,4,6,3683.4,2463.38,1220.02,3626.08,3668.51,P0245,Sensors Product 245,Sensors,412,637,C01524,Greene Group,Fleet,Manufacturing,Fosterland,Netherlands,2019-02-22,1
20249397,65,27,3,70,9,5,11,3427.99,3062.98,365.01,3514.71,3583.6,P0065,Filtration Product 65,Filtration,144,887,C00027,"Burke, Warren and Johnston",Distributor,Automotive,New Maria,Austria,2025-02-01,1
20248107,334,4587,2,13,8,2,13,4207.16,3012.03,1195.13,4008.85,4099.56,P0334,Electronics Product 334,Electronics,212,536,C04587,"Gonzalez, Sampson and Rodriguez",Fleet,Transportation,New Ian,Netherlands,2024-07-12,1
20255181,61,4506,8,54,4,3,6,1184.03,923.59,260.44,1224.85,1233.61,P0061,Turbochargers Product 61,Turbochargers,365,974,C04506,Cooper-Brown,Distributor,Automotive,Port Timothy,Austria,2021-11-28,1
20223758,258,584,8,107,3,3,7,3679.04,2893.55,785.49,3531.69,3560.28,P0258,Filtration Product 258,Filtration,160,553,C00584,"Davis, Sanchez and Vega",Distributor,Automotive,New Joshua,Spain,2022-08-26,1
20242509,23,4557,10,103,5,2,4,2766.21,2319.19,447.02,2630.17,3019.8,P0023,Filtration Product 23,Filtration,188,256,C04557,"Huang, Schroeder and Smith",Fleet,Automotive,Port Joeshire,Spain,2023-09-19,1
20243846,470,1411,5,100,8,3,9,4633.87,4134.92,498.95,4723.14,4692.12,P0470,Electronics Product 470,Electronics,408,327,C01411,Miller-Russell,Distributor,Automotive,Nicolebury,France,2023-03-30,1
20251853,433,1355,10,68,7,1,5,4578.06,2756.8,1821.26,4425.67,4593.3,P0433,Turbochargers Product 433,Turbochargers,231,779,C01355,Campbell LLC,OEM,Automotive,Byrdville,Spain,2026-07-07,1
20246040,327,2995,2,85,5,2,18,1890.69,1450.99,439.7,1917.93,1925.72,P0327,Electronics Product 327,Electronics,109,522,C02995,"Perez, Foley and Carter",OEM,Transportation,Colonfurt,Austria,2023-08-09,1
20234850,166,4240,7,38,5,2,18,3889.77,3208.07,681.7,3963.54,4089.07,P0166,Filtration Product 166,Filtration,399,723,C04240,Montoya Inc,OEM,Automotive,Port Mikeshire,Italy,2021-05-15,1
20227656,304,4854,2,11,1,3,5,818.49,711.78,106.71,810.34,812.82,P0304,Turbochargers Product 304,Turbochargers,379,394,C04854,"Martin, Gomez and Dyer",Fleet,Automotive,East Barry,Belgium,2024-03-21,1
20225826,378,765,1,38,8,4,12,3423.21,2663.8,759.41,3320.55,3451.11,P0378,Filtration Product 378,Filtration,146,244,C00765,"Alexander, Myers and Peterson",Distributor,Transportation,Wilsonmouth,Poland,2019-04-28,1
20225151,228,2207,7,56,5,1,6,3137.79,2330.3,807.49,3001.62,3222.83,P0228,Filtration Product 228,Filtration,197,732,C02207,Hester Group,Distributor,Manufacturing,Jamesport,Spain,2020-09-11,1
20228376,255,4242,9,109,5,4,9,4040.5,2745.01,1295.49,3960.03,4003.17,P0255,Cooling Systems Product 255,Cooling Systems,66,596,C04242,Malone PLC,OEM,Transportation,East Davidstad,Spain,2026-04-29,1
20223877,334,471,5,10,8,2,16,3876.53,2337.2,1539.33,3833.33,4212.87,P0334,Electronics Product 334,Electronics,212,536,C00471,Smith LLC,OEM,Manufacturing,Diazbury,Poland,2022-05-18,1
20237757,9,1918,6,27,9,4,17,4497.66,2716.7,1780.96,4375.24,4923.53,P0009,Sensors Product 9,Sensors,489,328,C01918,Molina Inc,Distributor,Transportation,Bennettberg,Germany,2025-04-13,1
20222613,43,1531,2,11,4,5,19,1757.48,1171.75,585.73,1787.66,1901.06,P0043,Turbochargers Product 43,Turbochargers,303,322,C01531,Hopkins-Weaver,Fleet,Automotive,North Nathanland,Austria,2025-02-05,1
20254673,172,4205,1,18,1,1,14,1600.84,1312.91,287.93,1645.71,1632.37,P0172,Filtration Product 172,Filtration,326,911,C04205,Gallagher-Jones,Fleet,Transportation,Michaelburgh,Belgium,2025-10-02,1
20221964,73,2042,10,114,1,4,19,758.32,484.32,274.0,760.41,740.33,P0073,Electronics Product 73,Electronics,385,474,C02042,Elliott and Sons,Fleet,Manufacturing,North Paul,Belgium,2022-12-23,1
20246076,153,574,10,19,1,1,17,2141.46,1615.19,526.27,2088.43,2105.74,P0153,Electronics Product 153,Electronics,190,922,C00574,Rice Inc,OEM,Manufacturing,West Jeffrey,Poland,2021-12-16,1
20247191,86,1023,1,32,5,4,14,1408.68,865.47,543.21,1445.48,1534.68,P0086,Filtration Product 86,Filtration,290,692,C01023,Hardin-Suarez,Fleet,Transportation,Youngshire,Spain,2025-01-02,1
20228205,428,2582,2,108,3,4,16,1777.07,1202.72,574.35,1817.58,1929.5,P0428,Turbochargers Product 428,Turbochargers,101,943,C02582,"Taylor, Moody and Cook",Fleet,Automotive,Ochoaburgh,Belgium,2021-11-09,1
20242803,166,2412,5,52,2,3,5,2813.35,1975.22,838.13,2806.46,3067.38,P0166,Filtration Product 166,Filtration,399,723,C02412,"Richardson, Franco and Stark",OEM,Transportation,East Margaret,Poland,2018-09-10,1
20240585,155,30,3,75,8,4,19,143.97,107.19,36.78,137.74,141.37,P0155,Fuel Systems Product 155,Fuel Systems,406,343,C00030,"Ortiz, Massey and Crane",Distributor,Transportation,Port Wendy,Belgium,2018-09-02,1
20241247,387,3053,3,68,8,4,2,4170.68,3121.33,1049.35,4304.83,4191.49,P0387,Fuel Systems Product 387,Fuel Systems,99,119,C03053,Erickson-Jackson,Distributor,Manufacturing,Brittanybury,Germany,2025-08-23,1
20236390,307,867,1,67,10,2,8,1709.56,1422.07,287.49,1676.92,1829.64,P0307,Fuel Systems Product 307,Fuel Systems,324,670,C00867,"Peterson, Harvey and Cross",Distributor,Manufacturing,Kristinaview,France,2019-07-14,1
20235526,443,2084,9,24,10,2,2,189.29,148.3,40.99,183.27,181.63,P0443,Cooling Systems Product 443,Cooling Systems,179,863,C02084,Summers Inc,OEM,Automotive,Lake Stacy,Italy,2026-01-22,1
20252363,360,4998,4,74,10,2,2,2396.86,1788.65,608.21,2385.74,2280.93,P0360,Fuel Systems Product 360,Fuel Systems,421,830,C04998,"Munoz, Wall and Ford",Fleet,Manufacturing,Millsstad,Netherlands,2019-10-07,1
20226303,494,918,5,34,8,4,6,3000.15,1887.83,1112.32,2932.71,3197.49,P0494,Turbochargers Product 494,Turbochargers,491,324,C00918,Williams Inc,Distributor,Transportation,Port Wesley,Belgium,2018-03-13,1
20255810,328,2397,6,5,1,1,20,2785.18,2272.37,512.81,2901.65,2935.32,P0328,Aftertreatment Product 328,Aftertreatment,344,838,C02397,Smith Group,Distributor,Manufacturing,Piercehaven,Austria,2020-11-14,1
20256499,491,2718,6,3,7,3,10,4272.0,2836.97,1435.03,4371.15,4658.32,P0491,Filtration Product 491,Filtration,377,254,C02718,"Gomez, Perez and Palmer",OEM,Manufacturing,North Scottberg,Italy,2021-10-09,1
20224731,243,2764,5,12,5,2,14,1065.37,818.08,247.29,1071.99,1029.48,P0243,Fuel Systems Product 243,Fuel Systems,174,391,C02764,"Freeman, Rivera and Quinn",Fleet,Manufacturing,North Thomas,Spain,2021-12-24,1
20258619,309,890,9,42,7,3,14,2358.67,1627.33,731.34,2455.34,2586.87,P0309,Filtration Product 309,Filtration,421,447,C00890,"Castaneda, Martinez and Wu",Fleet,Automotive,Smithhaven,Netherlands,2026-03-19,1
20245132,417,2654,3,33,8,4,5,507.51,417.81,89.7,525.12,541.54,P0417,Fuel Systems Product 417,Fuel Systems,346,907,C02654,Howe-Mcgee,OEM,Transportation,Lake Kelseyborough,Belgium,2022-12-21,1
20230826,29,1470,8,65,8,3,20,547.72,471.68,76.04,543.22,542.36,P0029,Fuel Systems Product 29,Fuel Systems,128,126,C01470,"Wade, Joyce and Hughes",Fleet,Manufacturing,South Shannonmouth,Netherlands,2021-09-23,1
20247652,392,2734,6,58,10,5,5,141.55,103.64,37.91,145.64,149.02,P0392,Turbochargers Product 392,Turbochargers,136,802,C02734,Cooper Ltd,Distributor,Manufacturing,Lake Tammieport,Sweden,2019-08-12,1
20232888,235,3888,4,97,9,4,15,2506.37,2241.24,265.13,2529.81,2635.77,P0235,Aftertreatment Product 235,Aftertreatment,401,732,C03888,Hansen and Sons,OEM,Automotive,Lisahaven,Netherlands,2024-11-03,1
20244972,401,3800,10,35,9,2,1,4120.29,2929.04,1191.25,4196.21,4397.4,P0401,Electronics Product 401,Electronics,66,264,C03800,"Crawford, White and Jones",OEM,Transportation,Drakechester,Sweden,2019-04-15,1
20254187,269,3805,10,61,6,3,9,2548.81,2240.54,308.27,2465.3,2536.68,P0269,Filtration Product 269,Filtration,473,207,C03805,"Watts, Brown and Garner",Fleet,Transportation,Wrightside,Germany,2017-10-14,1
20254663,289,4391,6,80,3,1,20,4955.76,4416.34,539.42,4978.25,4975.2,P0289,Fuel Systems Product 289,Fuel Systems,169,373,C04391,Garcia-Walton,Fleet,Transportation,East Christopher,Poland,2022-09-21,1
20229799,484,3015,5,7,1,1,8,4265.62,3009.31,1256.31,4209.4,4097.22,P0484,Turbochargers Product 484,Turbochargers,493,349,C03015,"Livingston, Phillips and Hanson",Fleet,Transportation,Wayneland,Netherlands,2021-12-28,1
20257175,48,1160,2,87,9,4,15,4675.94,3582.49,1093.45,4512.7,5048.23,P0048,Electronics Product 48,Electronics,394,857,C01160,Bryant-Hurley,OEM,Manufacturing,Lake Gabriellafurt,Austria,2019-08-08,1
20233133,391,57,10,37,2,3,14,2176.75,1707.05,469.7,2210.18,2341.43,P0391,Sensors Product 391,Sensors,448,870,C00057,"Neal, Ramos and Harrell",OEM,Transportation,Lake Michelle,Sweden,2020-11-29,1
20259643,93,4518,10,6,4,2,20,903.6,624.19,279.41,928.52,901.77,P0093,Cooling Systems Product 93,Cooling Systems,369,256,C04518,Moore-Thomas,Distributor,Automotive,Christopherside,Germany,2018-11-02,1
20230820,267,347,10,86,3,2,20,419.54,365.16,54.38,404.46,429.13,P0267,Turbochargers Product 267,Turbochargers,306,322,C00347,"Lewis, Meyer and Young",OEM,Manufacturing,North Amy,Poland,2026-07-20,1
20259420,413,3743,4,37,5,5,7,3232.62,2406.81,825.81,3343.26,3274.74,P0413,Filtration Product 413,Filtration,249,343,C03743,Thomas Inc,Fleet,Automotive,Benderbury,Germany,2020-04-02,1
20221704,208,3480,4,73,5,4,15,977.03,712.72,264.31,1011.35,948.7,P0208,Sensors Product 208,Sensors,403,983,C03480,Robinson-Randall,Distributor,Transportation,Sanchezton,Sweden,2019-11-18,1
20239195,312,286,4,58,6,5,1,2586.7,1679.85,906.85,2536.2,2486.97,P0312,Fuel Systems Product 312,Fuel Systems,67,419,C00286,Galvan LLC,OEM,Manufacturing,Palmershire,Italy,2022-04-23,1
20236914,100,3569,7,89,4,5,6,4362.86,3373.54,989.32,4294.67,4333.97,P0100,Cooling Systems Product 100,Cooling Systems,266,465,C03569,Young-Welch,Fleet,Transportation,Port Hollychester,Austria,2023-10-07,1
20238422,390,3384,6,68,1,1,16,538.7,399.83,138.87,523.49,576.45,P0390,Fuel Systems Product 390,Fuel Systems,244,414,C03384,Hernandez LLC,Distributor,Automotive,Port Tammychester,Austria,2021-12-01,1
20256818,430,217,5,78,8,3,12,2596.66,1726.01,870.65,2624.7,2815.9,P0430,Fuel Systems Product 430,Fuel Systems,294,461,C00217,"Foster, Rodriguez and Contreras",OEM,Automotive,East Katelyn,France,2019-07-07,1
20228954,409,232,1,118,5,2,10,2540.36,2213.89,326.47,2420.66,2716.37,P0409,Aftertreatment Product 409,Aftertreatment,58,859,C00232,"Lozano, Smith and King",Fleet,Transportation,East Jared,Italy,2024-09-06,1
20254450,86,4224,2,34,7,2,8,4276.7,2750.97,1525.73,4418.45,4325.23,P0086,Filtration Product 86,Filtration,290,692,C04224,Alvarado and Sons,Fleet,Transportation,Jacquelinechester,Belgium,2017-03-20,1
20226693,25,4342,2,54,8,5,10,1923.02,1349.39,573.63,1912.21,1868.1,P0025,Cooling Systems Product 25,Cooling Systems,346,262,C04342,Shaw and Sons,OEM,Automotive,Heidiside,Spain,2022-05-05,1
20247858,336,3936,7,26,10,2,1,4835.1,3479.59,1355.51,4797.17,4639.44,P0336,Sensors Product 336,Sensors,121,848,C03936,"Kim, Aguilar and White",Distributor,Transportation,Samanthaton,Belgium,2020-11-16,1
20225515,341,3066,9,53,1,2,11,3824.66,3081.93,742.73,3930.31,3698.32,P0341,Aftertreatment Product 341,Aftertreatment,113,675,C03066,"Baker, Barron and Black",Distributor,Automotive,East Michael,Sweden,2021-08-18,1
20259424,250,958,2,96,7,3,18,667.84,465.84,202.0,677.01,733.14,P0250,Filtration Product 250,Filtration,54,887,C00958,Fisher-Reed,Distributor,Manufacturing,West Williamside,France,2023-09-06,1
20222459,350,596,10,106,7,4,15,3573.64,2892.03,681.61,3411.18,3747.41,P0350,Fuel Systems Product 350,Fuel Systems,378,846,C00596,Morales Ltd,Distributor,Transportation,New Kathleenfort,Belgium,2017-04-24,1
20240720,466,362,8,83,9,5,17,2900.36,2351.34,549.02,2953.06,3027.11,P0466,Electronics Product 466,Electronics,346,745,C00362,Landry Ltd,Distributor,Automotive,East Kimberlybury,Sweden,2019-07-31,1
20241071,306,2828,1,5,10,3,19,4892.21,3156.1,1736.11,5129.74,5270.49,P0306,Sensors Product 306,Sensors,268,829,C02828,"Buckley, Hammond and Brewer",Fleet,Transportation,Copelandville,Sweden,2020-02-08,1
20247355,2,2679,4,32,3,1,5,4355.49,2780.32,1575.17,4216.52,4438.41,P0002,Aftertreatment Product 2,Aftertreatment,342,443,C02679,"Perkins, Hill and Weaver",Fleet,Automotive,South Scottland,Italy,2023-03-09,1
20259868,481,3815,7,66,8,3,13,559.71,411.46,148.25,579.17,589.04,P0481,Electronics Product 481,Electronics,85,133,C03815,Rogers-Bailey,Fleet,Automotive,Tammyview,Sweden,2022-01-08,1
20237548,125,2884,2,60,6,4,13,4783.32,3473.6,1309.72,4779.09,5016.53,P0125,Turbochargers Product 125,Turbochargers,437,990,C02884,Harvey LLC,OEM,Automotive,Lisatown,France,2017-06-09,1
20244404,321,3235,6,100,4,4,17,4012.56,2702.44,1310.12,3870.07,3865.33,P0321,Cooling Systems Product 321,Cooling Systems,340,488,C03235,Esparza-Berry,OEM,Transportation,Nicholasfurt,Poland,2019-01-21,1
20223135,142,2789,1,106,5,3,1,885.99,764.89,121.1,858.15,960.83,P0142,Sensors Product 142,Sensors,199,694,C02789,Guerrero Group,Fleet,Automotive,Patriciastad,Spain,2021-09-28,1
20242404,460,4924,4,48,10,2,6,3972.11,2928.8,1043.31,4035.17,4064.77,P0460,Cooling Systems Product 460,Cooling Systems,158,883,C04924,"Martin, Macias and Dickerson",OEM,Transportation,Kyleville,Germany,2024-04-09,1
20231523,328,4074,3,44,5,5,2,1477.18,1249.63,227.55,1517.27,1426.4,P0328,Aftertreatment Product 328,Aftertreatment,344,838,C04074,Davis Inc,OEM,Automotive,North Staceyview,Netherlands,2020-04-09,1
20241781,66,4821,2,54,3,3,17,3586.36,2498.79,1087.57,3680.71,3837.44,P0066,Cooling Systems Product 66,Cooling Systems,227,616,C04821,Moses PLC,Fleet,Transportation,Jeffreyborough,Sweden,2020-05-29,1
20238437,136,2566,10,42,8,1,3,2027.92,1323.13,704.79,1994.52,2200.32,P0136,Cooling Systems Product 136,Cooling Systems,216,619,C02566,Cline-Gonzales,OEM,Manufacturing,Jonesport,Belgium,2026-05-29,1
20236186,195,4870,4,79,8,5,6,1796.95,1294.65,502.3,1837.94,1965.57,P0195,Fuel Systems Product 195,Fuel Systems,417,373,C04870,"Miller, Blanchard and Carlson",Distributor,Automotive,Ashleyfurt,Germany,2026-07-11,1
20224770,404,3693,8,110,1,5,16,1558.85,950.24,608.61,1501.24,1628.9,P0404,Fuel Systems Product 404,Fuel Systems,366,655,C03693,"Marshall, Liu and Moore",Fleet,Transportation,Port Michelleland,Belgium,2019-06-13,1
20239974,240,795,3,46,4,4,12,1230.86,903.32,327.54,1175.38,1299.85,P0240,Turbochargers Product 240,Turbochargers,89,780,C00795,Lynch Inc,Distributor,Automotive,Port Williamview,Italy,2017-11-24,1
20233700,490,3955,6,114,8,4,6,3319.16,2076.75,1242.41,3375.26,3553.83,P0490,Filtration Product 490,Filtration,178,560,C03955,Mathis-Dennis,Fleet,Manufacturing,New Davidville,Belgium,2020-10-12,1
20243246,493,1205,3,109,9,5,4,3973.27,2515.14,1458.13,3803.82,4320.8,P0493,Fuel Systems Product 493,Fuel Systems,201,213,C01205,Gilbert-Jones,OEM,Automotive,Jacobside,Italy,2023-10-13,1
20231760,103,2270,7,98,1,3,20,1101.49,913.17,188.32,1154.96,1047.59,P0103,Turbochargers Product 103,Turbochargers,153,188,C02270,Compton LLC,Distributor,Manufacturing,North Thomasmouth,France,2021-09-04,1
20234897,450,347,4,49,10,4,14,413.12,326.68,86.44,422.35,400.37,P0450,Sensors Product 450,Sensors,333,866,C00347,"Lewis, Meyer and Young",OEM,Manufacturing,North Amy,Poland,2026-07-20,1
20237563,464,3659,5,78,9,1,13,219.88,147.23,72.65,224.37,233.26,P0464,Filtration Product 464,Filtration,103,843,C03659,Morrison-Adams,Distributor,Automotive,Maryville,Italy,2018-10-12,1
20222112,88,64,4,76,10,2,2,3751.86,2798.17,953.69,3613.44,3989.59,P0088,Filtration Product 88,Filtration,423,129,C00064,"Gonzalez, Salas and Phillips",Distributor,Automotive,New Robinbury,Belgium,2022-11-09,1
20223716,426,3470,7,9,3,4,4,4342.21,3817.85,524.36,4537.83,4390.88,P0426,Turbochargers Product 426,Turbochargers,67,778,C03470,Mckay-Martinez,Distributor,Transportation,West Misty,Austria,2024-09-29,1
20259735,484,2880,3,8,5,5,2,2939.22,2151.15,788.07,3019.08,3225.86,P0484,Turbochargers Product 484,Turbochargers,493,349,C02880,"Meyer, Fischer and Delacruz",Distributor,Transportation,Campbellshire,Germany,2021-03-30,1
20260824,19,2289,8,80,4,3,6,4799.32,3445.24,1354.08,4825.72,5173.85,P0019,Filtration Product 19,Filtration,481,705,C02289,Grimes-Tran,Fleet,Automotive,West Anna,Poland,2022-04-19,1
20239981,178,1551,10,97,2,4,4,3798.5,2524.99,1273.51,3842.82,3821.54,P0178,Cooling Systems Product 178,Cooling Systems,363,448,C01551,Franklin-Rodriguez,Distributor,Manufacturing,West Beth,Sweden,2022-06-17,1
20232376,32,2258,1,56,4,3,5,1839.87,1196.99,642.88,1903.53,1790.28,P0032,Cooling Systems Product 32,Cooling Systems,124,192,C02258,Lewis Inc,OEM,Manufacturing,New Bruce,France,2019-10-17,1
20240313,62,2197,5,33,4,1,10,3570.52,2985.05,585.47,3413.65,3640.92,P0062,Sensors Product 62,Sensors,425,477,C02197,Snow-Anderson,Fleet,Manufacturing,Johnsonshire,Germany,2018-08-01,1
20220935,305,1612,8,100,1,1,5,4895.98,3895.76,1000.22,4885.92,4919.56,P0305,Turbochargers Product 305,Turbochargers,461,501,C01612,Franklin-Gray,Distributor,Transportation,Lake Diane,Germany,2025-05-25,1
20225830,20,1123,4,2,3,2,19,2574.46,1856.16,718.3,2592.12,2616.47,P0020,Turbochargers Product 20,Turbochargers,66,961,C01123,White-Young,OEM,Transportation,Markfurt,Germany,2020-02-14,1
20229581,257,1327,6,1,4,3,9,4256.13,3254.03,1002.1,4328.21,4573.88,P0257,Aftertreatment Product 257,Aftertreatment,264,443,C01327,"Smith, Knight and Martinez",Distributor,Transportation,Sarahhaven,Austria,2024-06-21,1
20245908,289,44,10,92,3,5,16,1537.72,1032.98,504.74,1587.78,1514.83,P0289,Fuel Systems Product 289,Fuel Systems,169,373,C00044,Smith-Thompson,Fleet,Manufacturing,Smithside,Austria,2017-07-16,1
20238667,249,2800,1,14,10,5,18,1211.46,803.13,408.33,1230.58,1278.56,P0249,Fuel Systems Product 249,Fuel Systems,135,790,C02800,Luna LLC,Fleet,Manufacturing,Lake Sierra,Netherlands,2019-03-24,1
20249503,7,3985,4,35,7,1,2,2998.71,1863.36,1135.35,3053.53,3237.5,P0007,Sensors Product 7,Sensors,349,969,C03985,"Michael, Greene and Hernandez",Distributor,Manufacturing,West Mikefort,Sweden,2017-12-03,1
20235884,215,1214,9,35,4,3,3,4223.86,2729.48,1494.38,4156.9,4633.68,P0215,Filtration Product 215,Filtration,442,307,C01214,Jimenez and Sons,Distributor,Transportation,Port Ashleychester,Sweden,2023-04-05,1
20240391,353,4915,3,38,1,3,6,4697.7,3871.65,826.05,4620.19,4948.23,P0353,Sensors Product 353,Sensors,250,528,C04915,"Valdez, Doyle and Stephens",Fleet,Transportation,New Spencerport,Italy,2021-01-22,1
20250809,325,422,4,63,7,4,19,529.41,357.09,172.32,538.44,530.68,P0325,Sensors Product 325,Sensors,365,598,C00422,Johns Ltd,Distributor,Transportation,Jenniferside,Spain,2018-09-09,1
20234939,260,704,8,13,3,2,4,401.1,354.28,46.82,399.11,416.16,P0260,Cooling Systems Product 260,Cooling Systems,369,254,C00704,"Greene, Jones and Hughes",Distributor,Transportation,South Christopher,Italy,2020-11-13,1
20225689,297,537,10,43,10,5,18,910.55,598.48,312.07,944.72,982.88,P0297,Electronics Product 297,Electronics,158,281,C00537,"Barnes, Guerra and Craig",OEM,Automotive,Lisashire,Sweden,2023-05-30,1
20239481,444,4107,6,84,10,5,9,219.44,144.69,74.75,224.33,223.09,P0444,Sensors Product 444,Sensors,216,648,C04107,"Gallagher, Schmidt and Rollins",Fleet,Automotive,Clarkberg,Poland,2019-03-29,1
20240440,360,4915,3,16,7,5,1,2134.05,1792.3,341.75,2190.09,2274.02,P0360,Fuel Systems Product 360,Fuel Systems,421,830,C04915,"Valdez, Doyle and Stephens",Fleet,Transportation,New Spencerport,Italy,2021-01-22,1
20234013,409,3134,10,5,5,3,9,4869.38,3966.37,903.01,5012.02,5143.56,P0409,Aftertreatment Product 409,Aftertreatment,58,859,C03134,Jensen-Baker,Distributor,Manufacturing,North Mariaview,Austria,2020-02-09,1
